Date,QueryKey,PageKey,DeviceKey,Impressions,Clicks,Position
2026-03-01,1,1,1,22,8,1.5
2026-03-01,1,1,2,10,6,1.0
2026-03-01,2,10,1,6,3,1.4
2026-03-01,2,10,2,3,2,1.1
2026-03-01,3,12,1,4,1,1.9
2026-03-01,3,12,2,2,1,1.7
2026-03-01,4,2,1,125,1,11.6
2026-03-01,4,2,2,54,1,11.5
2026-03-01,5,2,1,121,1,14.1
2026-03-01,5,2,2,62,0,14.3
2026-03-01,6,2,1,100,1,12.5
2026-03-01,6,2,2,47,1,12.0
2026-03-01,7,3,1,116,3,9.7
2026-03-01,7,3,2,52,1,9.8
2026-03-01,8,8,1,155,5,8.3
2026-03-01,8,8,2,68,3,7.5
2026-03-01,9,8,1,65,1,10.4
2026-03-01,9,8,2,34,1,10.4
2026-03-01,10,7,1,206,9,6.6
2026-03-01,10,7,2,82,5,6.3
2026-03-01,11,4,1,87,1,13.5
2026-03-01,11,4,2,33,0,13.2
2026-03-01,12,4,1,148,1,15.7
2026-03-01,12,4,2,80,0,15.4
2026-03-01,13,4,1,70,1,13.2
2026-03-01,13,4,2,33,0,12.6
2026-03-01,14,5,1,60,1,10.4
2026-03-01,14,5,2,27,1,10.8
2026-03-01,15,9,1,83,2,8.4
2026-03-01,15,9,2,45,2,8.0
2026-03-01,16,9,1,62,1,9.3
2026-03-01,16,9,2,27,1,8.9
2026-03-01,17,6,1,239,4,9.4
2026-03-01,17,6,2,102,3,8.6
2026-03-01,18,6,1,120,5,7.1
2026-03-01,18,6,2,61,3,6.7
2026-03-01,19,6,1,134,0,15.9
2026-03-01,19,6,2,57,0,16.3
2026-03-01,20,11,1,180,0,19.0
2026-03-01,20,11,2,66,0,18.7
2026-03-01,21,11,1,26,0,9.5
2026-03-01,21,11,2,17,1,8.7
2026-03-01,22,2,1,113,0,16.7
2026-03-01,22,2,2,62,0,17.0
2026-03-02,1,1,1,27,11,1.1
2026-03-02,1,1,2,13,5,1.0
2026-03-02,2,10,1,10,4,1.6
2026-03-02,2,10,2,4,2,1.3
2026-03-02,3,12,1,5,2,1.9
2026-03-02,3,12,2,3,1,1.6
2026-03-02,4,2,1,178,3,11.2
2026-03-02,4,2,2,66,1,11.0
2026-03-02,5,2,1,177,1,14.2
2026-03-02,5,2,2,88,1,13.8
2026-03-02,6,2,1,108,2,11.8
2026-03-02,6,2,2,54,1,12.1
2026-03-02,7,3,1,155,4,9.5
2026-03-02,7,3,2,74,2,9.4
2026-03-02,8,8,1,236,7,7.9
2026-03-02,8,8,2,90,5,7.1
2026-03-02,9,8,1,92,2,10.1
2026-03-02,9,8,2,42,1,10.2
2026-03-02,10,7,1,233,7,7.1
2026-03-02,10,7,2,128,8,6.6
2026-03-02,11,4,1,120,1,13.6
2026-03-02,11,4,2,37,0,13.2
2026-03-02,12,4,1,191,0,15.9
2026-03-02,12,4,2,70,0,15.6
2026-03-02,13,4,1,86,1,12.7
2026-03-02,13,4,2,35,0,12.4
2026-03-02,14,5,1,62,1,10.8
2026-03-02,14,5,2,37,1,10.2
2026-03-02,15,9,1,91,3,7.9
2026-03-02,15,9,2,44,2,8.1
2026-03-02,16,9,1,113,3,8.8
2026-03-02,16,9,2,41,1,9.0
2026-03-02,17,6,1,271,6,8.9
2026-03-02,17,6,2,136,5,8.4
2026-03-02,18,6,1,150,6,6.5
2026-03-02,18,6,2,56,3,6.0
2026-03-02,19,6,1,192,0,16.2
2026-03-02,19,6,2,69,0,16.3
2026-03-02,20,11,1,220,0,19.2
2026-03-02,20,11,2,113,0,19.1
2026-03-02,21,11,1,36,1,9.3
2026-03-02,21,11,2,22,1,8.6
2026-03-02,22,2,1,136,0,16.8
2026-03-02,22,2,2,77,0,16.8
2026-03-03,1,1,1,29,12,1.0
2026-03-03,1,1,2,13,6,1.0
2026-03-03,2,10,1,9,5,1.7
2026-03-03,2,10,2,4,2,1.3
2026-03-03,3,12,1,6,3,2.3
2026-03-03,3,12,2,3,1,1.7
2026-03-03,4,2,1,181,2,11.8
2026-03-03,4,2,2,66,1,11.3
2026-03-03,5,2,1,189,1,14.2
2026-03-03,5,2,2,73,1,13.9
2026-03-03,6,2,1,118,1,12.1
2026-03-03,6,2,2,59,1,11.5
2026-03-03,7,3,1,149,3,9.9
2026-03-03,7,3,2,83,2,9.9
2026-03-03,8,8,1,191,6,7.7
2026-03-03,8,8,2,86,4,7.6
2026-03-03,9,8,1,80,1,10.1
2026-03-03,9,8,2,40,1,9.6
2026-03-03,10,7,1,288,16,6.4
2026-03-03,10,7,2,140,8,6.6
2026-03-03,11,4,1,121,1,13.1
2026-03-03,11,4,2,38,1,13.0
2026-03-03,12,4,1,215,1,15.4
2026-03-03,12,4,2,85,0,15.6
2026-03-03,13,4,1,91,1,12.8
2026-03-03,13,4,2,42,1,12.5
2026-03-03,14,5,1,80,1,11.2
2026-03-03,14,5,2,36,1,10.0
2026-03-03,15,9,1,81,3,7.8
2026-03-03,15,9,2,53,1,7.9
2026-03-03,16,9,1,85,2,9.0
2026-03-03,16,9,2,55,1,9.0
2026-03-03,17,6,1,250,6,8.7
2026-03-03,17,6,2,118,3,8.5
2026-03-03,18,6,1,172,7,7.5
2026-03-03,18,6,2,67,3,7.1
2026-03-03,19,6,1,157,0,16.1
2026-03-03,19,6,2,65,0,16.2
2026-03-03,20,11,1,225,0,19.5
2026-03-03,20,11,2,94,0,19.0
2026-03-03,21,11,1,39,1,9.5
2026-03-03,21,11,2,17,1,8.7
2026-03-03,22,2,1,145,0,16.6
2026-03-03,22,2,2,69,0,17.4
2026-03-04,1,1,1,26,13,1.1
2026-03-04,1,1,2,16,6,1.0
2026-03-04,2,10,1,8,3,1.9
2026-03-04,2,10,2,4,2,1.1
2026-03-04,3,12,1,5,2,1.8
2026-03-04,3,12,2,2,1,1.4
2026-03-04,4,2,1,126,2,11.7
2026-03-04,4,2,2,63,1,11.7
2026-03-04,5,2,1,214,1,13.9
2026-03-04,5,2,2,82,1,13.7
2026-03-04,6,2,1,122,1,12.3
2026-03-04,6,2,2,51,1,11.9
2026-03-04,7,3,1,185,4,9.4
2026-03-04,7,3,2,63,1,9.7
2026-03-04,8,8,1,166,6,7.7
2026-03-04,8,8,2,81,3,7.1
2026-03-04,9,8,1,72,1,10.3
2026-03-04,9,8,2,36,1,10.1
2026-03-04,10,7,1,261,10,6.4
2026-03-04,10,7,2,94,4,7.0
2026-03-04,11,4,1,99,1,13.1
2026-03-04,11,4,2,46,0,13.5
2026-03-04,12,4,1,160,0,15.4
2026-03-04,12,4,2,99,0,15.7
2026-03-04,13,4,1,76,1,12.6
2026-03-04,13,4,2,30,0,12.6
2026-03-04,14,5,1,86,2,10.3
2026-03-04,14,5,2,30,1,10.2
2026-03-04,15,9,1,114,3,8.1
2026-03-04,15,9,2,39,1,7.9
2026-03-04,16,9,1,89,2,9.1
2026-03-04,16,9,2,42,1,9.0
2026-03-04,17,6,1,362,8,8.6
2026-03-04,17,6,2,135,4,8.3
2026-03-04,18,6,1,150,7,6.9
2026-03-04,18,6,2,70,3,7.1
2026-03-04,19,6,1,151,0,15.9
2026-03-04,19,6,2,73,0,16.0
2026-03-04,20,11,1,187,0,19.2
2026-03-04,20,11,2,96,0,18.9
2026-03-04,21,11,1,42,1,9.2
2026-03-04,21,11,2,18,1,8.9
2026-03-04,22,2,1,133,0,17.0
2026-03-04,22,2,2,56,0,17.0
2026-03-05,1,1,1,27,9,1.3
2026-03-05,1,1,2,14,7,1.3
2026-03-05,2,10,1,8,4,1.5
2026-03-05,2,10,2,4,2,1.0
2026-03-05,3,12,1,6,3,2.1
2026-03-05,3,12,2,3,1,1.0
2026-03-05,4,2,1,130,2,11.4
2026-03-05,4,2,2,68,1,11.5
2026-03-05,5,2,1,218,1,14.1
2026-03-05,5,2,2,73,1,13.7
2026-03-05,6,2,1,131,2,12.2
2026-03-05,6,2,2,53,1,11.9
2026-03-05,7,3,1,178,4,10.0
2026-03-05,7,3,2,75,2,9.6
2026-03-05,8,8,1,170,5,7.8
2026-03-05,8,8,2,101,5,7.0
2026-03-05,9,8,1,77,1,9.9
2026-03-05,9,8,2,38,1,10.2
2026-03-05,10,7,1,232,11,6.7
2026-03-05,10,7,2,84,5,6.4
2026-03-05,11,4,1,105,1,13.7
2026-03-05,11,4,2,47,1,13.0
2026-03-05,12,4,1,182,1,15.6
2026-03-05,12,4,2,115,0,15.4
2026-03-05,13,4,1,92,1,13.0
2026-03-05,13,4,2,50,1,12.2
2026-03-05,14,5,1,74,1,10.9
2026-03-05,14,5,2,30,1,10.2
2026-03-05,15,9,1,96,4,7.7
2026-03-05,15,9,2,52,2,8.1
2026-03-05,16,9,1,102,2,9.1
2026-03-05,16,9,2,38,1,8.7
2026-03-05,17,6,1,267,6,8.9
2026-03-05,17,6,2,122,3,8.5
2026-03-05,18,6,1,170,6,7.0
2026-03-05,18,6,2,83,4,7.6
2026-03-05,19,6,1,167,1,16.2
2026-03-05,19,6,2,77,0,15.6
2026-03-05,20,11,1,234,0,18.9
2026-03-05,20,11,2,88,0,19.1
2026-03-05,21,11,1,41,1,9.2
2026-03-05,21,11,2,19,1,9.1
2026-03-05,22,2,1,132,0,16.8
2026-03-05,22,2,2,65,0,16.7
2026-03-06,1,1,1,27,8,1.6
2026-03-06,1,1,2,12,6,2.0
2026-03-06,2,10,1,9,3,2.2
2026-03-06,2,10,2,4,2,1.5
2026-03-06,3,12,1,7,3,2.5
2026-03-06,3,12,2,2,1,2.0
2026-03-06,4,2,1,166,2,11.5
2026-03-06,4,2,2,75,1,11.2
2026-03-06,5,2,1,168,1,14.0
2026-03-06,5,2,2,98,1,14.0
2026-03-06,6,2,1,159,1,12.1
2026-03-06,6,2,2,53,1,11.6
2026-03-06,7,3,1,168,5,9.0
2026-03-06,7,3,2,65,2,9.5
2026-03-06,8,8,1,201,6,7.6
2026-03-06,8,8,2,91,4,6.9
2026-03-06,9,8,1,104,2,10.7
2026-03-06,9,8,2,43,1,9.7
2026-03-06,10,7,1,248,10,6.6
2026-03-06,10,7,2,119,7,6.3
2026-03-06,11,4,1,85,1,13.0
2026-03-06,11,4,2,45,1,12.9
2026-03-06,12,4,1,212,1,15.3
2026-03-06,12,4,2,102,0,15.5
2026-03-06,13,4,1,109,1,12.4
2026-03-06,13,4,2,40,0,12.9
2026-03-06,14,5,1,70,1,10.5
2026-03-06,14,5,2,39,1,10.9
2026-03-06,15,9,1,114,3,8.1
2026-03-06,15,9,2,52,1,7.7
2026-03-06,16,9,1,86,2,8.7
2026-03-06,16,9,2,44,1,9.0
2026-03-06,17,6,1,285,7,8.2
2026-03-06,17,6,2,123,4,8.1
2026-03-06,18,6,1,141,7,6.6
2026-03-06,18,6,2,71,3,7.1
2026-03-06,19,6,1,180,1,16.1
2026-03-06,19,6,2,83,0,16.0
2026-03-06,20,11,1,187,0,19.1
2026-03-06,20,11,2,107,0,18.5
2026-03-06,21,11,1,42,1,8.8
2026-03-06,21,11,2,19,1,8.9
2026-03-06,22,2,1,140,0,16.9
2026-03-06,22,2,2,60,0,16.9
2026-03-07,1,1,1,31,11,1.1
2026-03-07,1,1,2,12,6,1.0
2026-03-07,2,10,1,6,2,1.3
2026-03-07,2,10,2,3,1,1.3
2026-03-07,3,12,1,4,2,1.9
2026-03-07,3,12,2,2,1,1.5
2026-03-07,4,2,1,109,2,11.4
2026-03-07,4,2,2,61,1,11.7
2026-03-07,5,2,1,166,1,13.9
2026-03-07,5,2,2,94,1,14.1
2026-03-07,6,2,1,102,1,12.2
2026-03-07,6,2,2,46,1,11.4
2026-03-07,7,3,1,138,4,9.7
2026-03-07,7,3,2,67,1,9.7
2026-03-07,8,8,1,190,6,8.3
2026-03-07,8,8,2,83,4,7.5
2026-03-07,9,8,1,61,1,10.1
2026-03-07,9,8,2,35,1,9.8
2026-03-07,10,7,1,199,8,6.7
2026-03-07,10,7,2,84,5,6.4
2026-03-07,11,4,1,71,1,13.0
2026-03-07,11,4,2,33,0,13.0
2026-03-07,12,4,1,184,1,16.3
2026-03-07,12,4,2,73,0,15.7
2026-03-07,13,4,1,75,1,13.1
2026-03-07,13,4,2,40,1,12.4
2026-03-07,14,5,1,64,1,10.4
2026-03-07,14,5,2,32,1,10.4
2026-03-07,15,9,1,81,3,7.5
2026-03-07,15,9,2,44,2,8.0
2026-03-07,16,9,1,84,2,9.0
2026-03-07,16,9,2,34,1,9.3
2026-03-07,17,6,1,277,6,8.4
2026-03-07,17,6,2,131,3,8.4
2026-03-07,18,6,1,121,5,7.4
2026-03-07,18,6,2,56,3,7.1
2026-03-07,19,6,1,127,0,16.2
2026-03-07,19,6,2,61,0,15.8
2026-03-07,20,11,1,184,0,18.9
2026-03-07,20,11,2,98,0,18.9
2026-03-07,21,11,1,40,1,9.3
2026-03-07,21,11,2,15,0,9.2
2026-03-07,22,2,1,143,0,17.6
2026-03-07,22,2,2,48,0,17.1
2026-03-08,1,1,1,25,12,1.4
2026-03-08,1,1,2,11,5,1.5
2026-03-08,2,10,1,6,2,1.9
2026-03-08,2,10,2,3,1,1.1
2026-03-08,3,12,1,4,2,2.1
2026-03-08,3,12,2,2,1,1.8
2026-03-08,4,2,1,143,2,11.5
2026-03-08,4,2,2,58,1,11.4
2026-03-08,5,2,1,169,1,13.9
2026-03-08,5,2,2,64,0,14.0
2026-03-08,6,2,1,98,1,12.7
2026-03-08,6,2,2,60,1,12.2
2026-03-08,7,3,1,132,3,9.7
2026-03-08,7,3,2,65,1,9.3
2026-03-08,8,8,1,168,7,7.0
2026-03-08,8,8,2,74,3,7.2
2026-03-08,9,8,1,71,1,9.7
2026-03-08,9,8,2,29,1,9.3
2026-03-08,10,7,1,250,13,6.3
2026-03-08,10,7,2,83,4,6.5
2026-03-08,11,4,1,80,1,13.3
2026-03-08,11,4,2,39,0,12.9
2026-03-08,12,4,1,172,1,15.5
2026-03-08,12,4,2,75,0,15.9
2026-03-08,13,4,1,72,1,12.9
2026-03-08,13,4,2,32,0,12.3
2026-03-08,14,5,1,64,1,11.3
2026-03-08,14,5,2,26,1,10.2
2026-03-08,15,9,1,97,3,7.9
2026-03-08,15,9,2,45,1,8.2
2026-03-08,16,9,1,65,1,8.7
2026-03-08,16,9,2,27,1,9.2
2026-03-08,17,6,1,256,6,9.2
2026-03-08,17,6,2,99,3,8.7
2026-03-08,18,6,1,116,5,6.9
2026-03-08,18,6,2,49,1,7.4
2026-03-08,19,6,1,121,0,16.0
2026-03-08,19,6,2,66,0,16.0
2026-03-08,20,11,1,211,0,18.4
2026-03-08,20,11,2,79,0,18.9
2026-03-08,21,11,1,31,1,9.0
2026-03-08,21,11,2,17,1,8.7
2026-03-08,22,2,1,152,0,16.6
2026-03-08,22,2,2,73,0,17.1
2026-03-09,1,1,1,27,10,1.2
2026-03-09,1,1,2,14,6,1.1
2026-03-09,2,10,1,8,4,1.3
2026-03-09,2,10,2,4,2,1.6
2026-03-09,3,12,1,5,2,1.9
2026-03-09,3,12,2,3,1,1.8
2026-03-09,4,2,1,143,2,11.6
2026-03-09,4,2,2,84,1,11.1
2026-03-09,5,2,1,168,1,13.4
2026-03-09,5,2,2,98,1,14.0
2026-03-09,6,2,1,116,1,12.6
2026-03-09,6,2,2,60,1,12.2
2026-03-09,7,3,1,197,5,9.6
2026-03-09,7,3,2,86,2,9.2
2026-03-09,8,8,1,212,7,7.3
2026-03-09,8,8,2,100,3,8.1
2026-03-09,9,8,1,83,2,10.1
2026-03-09,9,8,2,45,1,9.8
2026-03-09,10,7,1,208,11,6.3
2026-03-09,10,7,2,120,7,6.1
2026-03-09,11,4,1,99,1,13.2
2026-03-09,11,4,2,45,0,12.3
2026-03-09,12,4,1,239,1,14.9
2026-03-09,12,4,2,95,0,15.3
2026-03-09,13,4,1,91,1,12.6
2026-03-09,13,4,2,34,0,12.3
2026-03-09,14,5,1,72,1,10.7
2026-03-09,14,5,2,41,1,10.3
2026-03-09,15,9,1,121,4,8.5
2026-03-09,15,9,2,49,2,7.9
2026-03-09,16,9,1,78,1,9.2
2026-03-09,16,9,2,41,1,8.4
2026-03-09,17,6,1,295,8,8.9
2026-03-09,17,6,2,138,4,8.3
2026-03-09,18,6,1,162,7,7.1
2026-03-09,18,6,2,90,3,6.9
2026-03-09,19,6,1,152,0,15.6
2026-03-09,19,6,2,93,0,16.0
2026-03-09,20,11,1,243,0,19.4
2026-03-09,20,11,2,98,0,18.7
2026-03-09,21,11,1,46,1,9.5
2026-03-09,21,11,2,23,1,9.4
2026-03-09,22,2,1,117,0,17.0
2026-03-09,22,2,2,63,0,17.1
2026-03-10,1,1,1,25,11,1.8
2026-03-10,1,1,2,15,5,1.5
2026-03-10,2,10,1,8,3,1.5
2026-03-10,2,10,2,4,3,1.3
2026-03-10,3,12,1,5,2,1.6
2026-03-10,3,12,2,2,1,2.0
2026-03-10,4,2,1,159,2,11.8
2026-03-10,4,2,2,76,2,11.3
2026-03-10,5,2,1,169,1,14.4
2026-03-10,5,2,2,85,1,14.0
2026-03-10,6,2,1,148,1,12.2
2026-03-10,6,2,2,56,1,12.0
2026-03-10,7,3,1,200,5,9.7
2026-03-10,7,3,2,96,2,9.4
2026-03-10,8,8,1,184,9,7.2
2026-03-10,8,8,2,90,4,7.8
2026-03-10,9,8,1,104,2,10.4
2026-03-10,9,8,2,39,1,9.9
2026-03-10,10,7,1,239,13,6.6
2026-03-10,10,7,2,98,5,6.5
2026-03-10,11,4,1,101,1,13.3
2026-03-10,11,4,2,51,1,12.4
2026-03-10,12,4,1,184,1,15.8
2026-03-10,12,4,2,68,0,15.2
2026-03-10,13,4,1,111,1,12.7
2026-03-10,13,4,2,36,1,12.8
2026-03-10,14,5,1,78,1,10.5
2026-03-10,14,5,2,41,1,11.2
2026-03-10,15,9,1,123,3,8.3
2026-03-10,15,9,2,59,2,7.5
2026-03-10,16,9,1,95,2,9.4
2026-03-10,16,9,2,45,1,8.7
2026-03-10,17,6,1,299,6,8.4
2026-03-10,17,6,2,120,3,8.2
2026-03-10,18,6,1,132,6,6.6
2026-03-10,18,6,2,77,2,7.5
2026-03-10,19,6,1,156,0,16.3
2026-03-10,19,6,2,77,0,16.4
2026-03-10,20,11,1,197,0,18.6
2026-03-10,20,11,2,110,0,18.4
2026-03-10,21,11,1,45,1,9.3
2026-03-10,21,11,2,21,1,9.1
2026-03-10,22,2,1,136,0,17.2
2026-03-10,22,2,2,51,0,16.8
2026-03-11,1,1,1,33,14,1.0
2026-03-11,1,1,2,15,8,1.6
2026-03-11,2,10,1,7,2,1.8
2026-03-11,2,10,2,5,3,1.6
2026-03-11,3,12,1,7,3,2.5
2026-03-11,3,12,2,2,1,1.7
2026-03-11,4,2,1,158,2,11.2
2026-03-11,4,2,2,72,1,11.9
2026-03-11,5,2,1,183,1,14.4
2026-03-11,5,2,2,83,0,14.1
2026-03-11,6,2,1,123,2,11.7
2026-03-11,6,2,2,73,1,11.6
2026-03-11,7,3,1,153,3,9.2
2026-03-11,7,3,2,95,2,10.1
2026-03-11,8,8,1,195,6,7.8
2026-03-11,8,8,2,110,5,7.5
2026-03-11,9,8,1,92,2,9.9
2026-03-11,9,8,2,33,1,9.8
2026-03-11,10,7,1,251,12,6.3
2026-03-11,10,7,2,127,7,6.0
2026-03-11,11,4,1,89,1,13.3
2026-03-11,11,4,2,52,1,12.8
2026-03-11,12,4,1,166,0,16.0
2026-03-11,12,4,2,67,0,16.2
2026-03-11,13,4,1,81,1,12.6
2026-03-11,13,4,2,44,1,11.9
2026-03-11,14,5,1,83,2,10.6
2026-03-11,14,5,2,37,1,11.1
2026-03-11,15,9,1,110,3,7.5
2026-03-11,15,9,2,59,2,7.6
2026-03-11,16,9,1,92,2,8.8
2026-03-11,16,9,2,41,1,8.8
2026-03-11,17,6,1,322,7,8.4
2026-03-11,17,6,2,145,5,8.4
2026-03-11,18,6,1,215,7,7.4
2026-03-11,18,6,2,72,3,6.7
2026-03-11,19,6,1,151,0,15.9
2026-03-11,19,6,2,88,0,15.7
2026-03-11,20,11,1,196,0,19.5
2026-03-11,20,11,2,132,0,19.0
2026-03-11,21,11,1,41,1,9.3
2026-03-11,21,11,2,17,1,9.3
2026-03-11,22,2,1,149,0,17.3
2026-03-11,22,2,2,62,0,17.0
2026-03-12,1,1,1,25,11,1.2
2026-03-12,1,1,2,14,10,1.0
2026-03-12,2,10,1,9,4,1.5
2026-03-12,2,10,2,4,3,1.0
2026-03-12,3,12,1,4,2,2.3
2026-03-12,3,12,2,3,2,1.4
2026-03-12,4,2,1,153,2,11.4
2026-03-12,4,2,2,70,1,11.8
2026-03-12,5,2,1,206,2,13.6
2026-03-12,5,2,2,86,1,13.0
2026-03-12,6,2,1,112,2,11.9
2026-03-12,6,2,2,53,1,11.5
2026-03-12,7,3,1,173,4,10.0
2026-03-12,7,3,2,72,3,9.3
2026-03-12,8,8,1,240,8,7.6
2026-03-12,8,8,2,99,6,7.2
2026-03-12,9,8,1,86,2,9.7
2026-03-12,9,8,2,44,1,10.1
2026-03-12,10,7,1,236,8,6.6
2026-03-12,10,7,2,103,5,6.6
2026-03-12,11,4,1,104,1,13.4
2026-03-12,11,4,2,47,0,13.5
2026-03-12,12,4,1,191,1,15.8
2026-03-12,12,4,2,84,0,15.4
2026-03-12,13,4,1,73,1,12.5
2026-03-12,13,4,2,41,1,11.8
2026-03-12,14,5,1,78,1,10.6
2026-03-12,14,5,2,40,1,10.0
2026-03-12,15,9,1,125,3,7.9
2026-03-12,15,9,2,57,2,7.8
2026-03-12,16,9,1,95,1,9.4
2026-03-12,16,9,2,39,1,8.6
2026-03-12,17,6,1,269,7,8.3
2026-03-12,17,6,2,126,4,8.4
2026-03-12,18,6,1,143,7,7.2
2026-03-12,18,6,2,77,4,6.7
2026-03-12,19,6,1,153,0,16.1
2026-03-12,19,6,2,73,0,15.8
2026-03-12,20,11,1,214,0,19.0
2026-03-12,20,11,2,97,0,18.6
2026-03-12,21,11,1,41,1,9.0
2026-03-12,21,11,2,20,1,9.1
2026-03-12,22,2,1,182,1,17.1
2026-03-12,22,2,2,69,0,17.0
2026-03-13,1,1,1,27,8,1.4
2026-03-13,1,1,2,15,7,1.1
2026-03-13,2,10,1,8,3,1.7
2026-03-13,2,10,2,4,2,1.4
2026-03-13,3,12,1,5,2,2.0
2026-03-13,3,12,2,3,2,2.1
2026-03-13,4,2,1,132,2,11.0
2026-03-13,4,2,2,70,1,11.2
2026-03-13,5,2,1,188,1,13.3
2026-03-13,5,2,2,74,1,13.6
2026-03-13,6,2,1,112,1,11.6
2026-03-13,6,2,2,60,1,12.0
2026-03-13,7,3,1,152,3,9.3
2026-03-13,7,3,2,85,4,8.7
2026-03-13,8,8,1,202,7,7.4
2026-03-13,8,8,2,114,5,7.5
2026-03-13,9,8,1,87,2,10.5
2026-03-13,9,8,2,40,1,10.3
2026-03-13,10,7,1,260,12,6.3
2026-03-13,10,7,2,133,9,6.0
2026-03-13,11,4,1,104,1,13.1
2026-03-13,11,4,2,47,0,13.0
2026-03-13,12,4,1,202,1,14.8
2026-03-13,12,4,2,87,0,15.6
2026-03-13,13,4,1,101,1,12.5
2026-03-13,13,4,2,39,1,12.1
2026-03-13,14,5,1,71,1,10.3
2026-03-13,14,5,2,33,1,10.7
2026-03-13,15,9,1,99,4,7.6
2026-03-13,15,9,2,58,2,8.1
2026-03-13,16,9,1,84,1,9.0
2026-03-13,16,9,2,37,1,9.2
2026-03-13,17,6,1,395,9,8.6
2026-03-13,17,6,2,156,4,8.9
2026-03-13,18,6,1,136,6,7.2
2026-03-13,18,6,2,70,4,6.7
2026-03-13,19,6,1,174,0,15.7
2026-03-13,19,6,2,74,0,15.9
2026-03-13,20,11,1,263,0,19.2
2026-03-13,20,11,2,113,0,19.0
2026-03-13,21,11,1,49,1,8.9
2026-03-13,21,11,2,23,1,8.6
2026-03-13,22,2,1,162,0,16.8
2026-03-13,22,2,2,57,0,16.4
2026-03-14,1,1,1,22,8,1.5
2026-03-14,1,1,2,9,5,1.0
2026-03-14,2,10,1,6,2,2.2
2026-03-14,2,10,2,3,2,1.8
2026-03-14,3,12,1,4,2,2.3
2026-03-14,3,12,2,3,2,1.9
2026-03-14,4,2,1,135,2,11.2
2026-03-14,4,2,2,53,1,11.6
2026-03-14,5,2,1,143,1,13.8
2026-03-14,5,2,2,72,1,13.5
2026-03-14,6,2,1,83,1,11.9
2026-03-14,6,2,2,48,1,11.9
2026-03-14,7,3,1,152,3,9.5
2026-03-14,7,3,2,56,2,9.0
2026-03-14,8,8,1,157,6,7.6
2026-03-14,8,8,2,94,3,7.8
2026-03-14,9,8,1,62,1,10.4
2026-03-14,9,8,2,38,1,9.9
2026-03-14,10,7,1,235,10,6.8
2026-03-14,10,7,2,105,6,6.4
2026-03-14,11,4,1,93,1,12.9
2026-03-14,11,4,2,38,0,13.1
2026-03-14,12,4,1,160,0,16.2
2026-03-14,12,4,2,67,0,15.1
2026-03-14,13,4,1,99,1,12.6
2026-03-14,13,4,2,32,0,12.4
2026-03-14,14,5,1,80,2,10.3
2026-03-14,14,5,2,32,1,10.0
2026-03-14,15,9,1,86,3,7.4
2026-03-14,15,9,2,44,1,7.7
2026-03-14,16,9,1,91,2,9.2
2026-03-14,16,9,2,43,1,8.7
2026-03-14,17,6,1,240,6,8.5
2026-03-14,17,6,2,116,3,8.7
2026-03-14,18,6,1,127,5,7.0
2026-03-14,18,6,2,55,3,6.8
2026-03-14,19,6,1,132,0,16.0
2026-03-14,19,6,2,85,0,16.2
2026-03-14,20,11,1,187,0,19.6
2026-03-14,20,11,2,88,0,18.8
2026-03-14,21,11,1,42,1,9.1
2026-03-14,21,11,2,15,0,9.1
2026-03-14,22,2,1,146,0,16.9
2026-03-14,22,2,2,62,0,17.2
2026-03-15,1,1,1,22,9,1.0
2026-03-15,1,1,2,10,4,1.0
2026-03-15,2,10,1,7,3,2.1
2026-03-15,2,10,2,3,1,1.5
2026-03-15,3,12,1,4,2,2.2
2026-03-15,3,12,2,2,1,1.7
2026-03-15,4,2,1,135,2,11.4
2026-03-15,4,2,2,71,1,10.9
2026-03-15,5,2,1,185,1,14.4
2026-03-15,5,2,2,63,0,13.5
2026-03-15,6,2,1,88,1,12.0
2026-03-15,6,2,2,43,0,12.1
2026-03-15,7,3,1,141,3,9.7
2026-03-15,7,3,2,64,2,9.3
2026-03-15,8,8,1,219,6,7.8
2026-03-15,8,8,2,83,4,7.6
2026-03-15,9,8,1,88,1,10.5
2026-03-15,9,8,2,33,1,9.5
2026-03-15,10,7,1,217,8,7.4
2026-03-15,10,7,2,78,5,6.2
2026-03-15,11,4,1,71,1,12.7
2026-03-15,11,4,2,41,0,12.8
2026-03-15,12,4,1,182,1,15.4
2026-03-15,12,4,2,66,0,15.1
2026-03-15,13,4,1,63,1,12.5
2026-03-15,13,4,2,35,0,12.4
2026-03-15,14,5,1,76,1,10.9
2026-03-15,14,5,2,25,1,10.0
2026-03-15,15,9,1,109,4,8.2
2026-03-15,15,9,2,39,1,7.8
2026-03-15,16,9,1,81,2,8.6
2026-03-15,16,9,2,42,1,8.5
2026-03-15,17,6,1,259,5,8.3
2026-03-15,17,6,2,129,4,8.4
2026-03-15,18,6,1,168,6,7.1
2026-03-15,18,6,2,62,3,6.6
2026-03-15,19,6,1,149,0,15.8
2026-03-15,19,6,2,82,0,16.1
2026-03-15,20,11,1,202,0,19.1
2026-03-15,20,11,2,89,0,19.3
2026-03-15,21,11,1,34,1,8.7
2026-03-15,21,11,2,18,0,9.3
2026-03-15,22,2,1,118,0,16.9
2026-03-15,22,2,2,48,0,16.8
2026-03-16,1,1,1,28,10,1.4
2026-03-16,1,1,2,11,6,1.8
2026-03-16,2,10,1,9,4,1.5
2026-03-16,2,10,2,5,3,1.1
2026-03-16,3,12,1,6,2,2.6
2026-03-16,3,12,2,2,1,2.4
2026-03-16,4,2,1,157,3,11.4
2026-03-16,4,2,2,72,1,11.2
2026-03-16,5,2,1,228,2,13.9
2026-03-16,5,2,2,94,1,13.6
2026-03-16,6,2,1,131,2,11.7
2026-03-16,6,2,2,52,1,12.1
2026-03-16,7,3,1,172,4,9.3
2026-03-16,7,3,2,87,2,9.5
2026-03-16,8,8,1,245,9,7.4
2026-03-16,8,8,2,85,3,7.6
2026-03-16,9,8,1,83,2,10.4
2026-03-16,9,8,2,29,1,9.9
2026-03-16,10,7,1,296,10,7.3
2026-03-16,10,7,2,124,8,6.3
2026-03-16,11,4,1,109,1,13.4
2026-03-16,11,4,2,58,1,12.5
2026-03-16,12,4,1,233,1,15.7
2026-03-16,12,4,2,88,0,15.2
2026-03-16,13,4,1,108,1,12.1
2026-03-16,13,4,2,48,1,12.5
2026-03-16,14,5,1,96,2,10.7
2026-03-16,14,5,2,40,1,10.9
2026-03-16,15,9,1,127,4,8.0
2026-03-16,15,9,2,45,2,7.3
2026-03-16,16,9,1,87,1,9.2
2026-03-16,16,9,2,53,1,8.9
2026-03-16,17,6,1,279,6,8.3
2026-03-16,17,6,2,134,4,8.3
2026-03-16,18,6,1,134,5,7.0
2026-03-16,18,6,2,76,3,7.5
2026-03-16,19,6,1,167,0,15.5
2026-03-16,19,6,2,67,0,16.0
2026-03-16,20,11,1,233,0,18.7
2026-03-16,20,11,2,129,0,18.5
2026-03-16,21,11,1,39,1,9.4
2026-03-16,21,11,2,18,1,8.5
2026-03-16,22,2,1,153,0,17.7
2026-03-16,22,2,2,76,0,16.8
2026-03-17,1,1,1,27,14,1.3
2026-03-17,1,1,2,10,5,1.3
2026-03-17,2,10,1,9,4,1.9
2026-03-17,2,10,2,4,3,1.0
2026-03-17,3,12,1,6,2,2.3
2026-03-17,3,12,2,2,1,1.6
2026-03-17,4,2,1,157,3,10.9
2026-03-17,4,2,2,76,1,11.0
2026-03-17,5,2,1,237,1,13.5
2026-03-17,5,2,2,81,1,14.1
2026-03-17,6,2,1,136,1,11.8
2026-03-17,6,2,2,70,1,11.5
2026-03-17,7,3,1,207,5,9.5
2026-03-17,7,3,2,90,2,9.8
2026-03-17,8,8,1,251,8,7.4
2026-03-17,8,8,2,104,4,7.3
2026-03-17,9,8,1,72,2,9.8
2026-03-17,9,8,2,52,1,10.0
2026-03-17,10,7,1,246,12,6.5
2026-03-17,10,7,2,108,7,6.1
2026-03-17,11,4,1,98,1,12.7
2026-03-17,11,4,2,46,0,13.1
2026-03-17,12,4,1,196,1,15.5
2026-03-17,12,4,2,88,0,15.2
2026-03-17,13,4,1,102,1,12.9
2026-03-17,13,4,2,42,1,12.1
2026-03-17,14,5,1,76,2,10.4
2026-03-17,14,5,2,38,1,10.0
2026-03-17,15,9,1,123,4,7.9
2026-03-17,15,9,2,47,1,8.2
2026-03-17,16,9,1,86,2,8.9
2026-03-17,16,9,2,45,1,8.9
2026-03-17,17,6,1,285,10,7.4
2026-03-17,17,6,2,114,4,8.4
2026-03-17,18,6,1,165,6,7.0
2026-03-17,18,6,2,74,3,6.7
2026-03-17,19,6,1,156,0,16.3
2026-03-17,19,6,2,92,0,15.7
2026-03-17,20,11,1,228,0,19.0
2026-03-17,20,11,2,113,0,18.5
2026-03-17,21,11,1,53,1,9.0
2026-03-17,21,11,2,24,1,9.2
2026-03-17,22,2,1,139,0,17.6
2026-03-17,22,2,2,73,0,16.7
2026-03-18,1,1,1,24,10,1.5
2026-03-18,1,1,2,11,4,1.0
2026-03-18,2,10,1,9,6,1.9
2026-03-18,2,10,2,4,1,1.1
2026-03-18,3,12,1,5,3,2.3
2026-03-18,3,12,2,3,1,2.0
2026-03-18,4,2,1,152,3,11.0
2026-03-18,4,2,2,88,1,11.4
2026-03-18,5,2,1,194,1,13.8
2026-03-18,5,2,2,87,1,13.8
2026-03-18,6,2,1,145,1,12.0
2026-03-18,6,2,2,61,1,11.6
2026-03-18,7,3,1,169,4,9.6
2026-03-18,7,3,2,69,2,9.6
2026-03-18,8,8,1,237,6,7.7
2026-03-18,8,8,2,92,4,7.2
2026-03-18,9,8,1,76,1,10.3
2026-03-18,9,8,2,43,1,9.7
2026-03-18,10,7,1,240,12,6.5
2026-03-18,10,7,2,124,6,6.2
2026-03-18,11,4,1,104,1,13.1
2026-03-18,11,4,2,44,1,12.9
2026-03-18,12,4,1,197,1,15.6
2026-03-18,12,4,2,71,0,15.3
2026-03-18,13,4,1,112,1,12.4
2026-03-18,13,4,2,43,1,12.3
2026-03-18,14,5,1,80,2,10.1
2026-03-18,14,5,2,41,1,10.9
2026-03-18,15,9,1,113,3,8.4
2026-03-18,15,9,2,63,2,8.2
2026-03-18,16,9,1,98,2,9.1
2026-03-18,16,9,2,46,1,8.6
2026-03-18,17,6,1,283,9,7.9
2026-03-18,17,6,2,144,6,7.8
2026-03-18,18,6,1,178,9,7.1
2026-03-18,18,6,2,95,6,6.5
2026-03-18,19,6,1,185,1,16.1
2026-03-18,19,6,2,76,0,15.6
2026-03-18,20,11,1,213,0,18.8
2026-03-18,20,11,2,97,0,18.8
2026-03-18,21,11,1,46,1,8.5
2026-03-18,21,11,2,19,1,8.9
2026-03-18,22,2,1,163,0,16.9
2026-03-18,22,2,2,69,0,16.9
2026-03-19,1,1,1,32,14,1.5
2026-03-19,1,1,2,14,8,1.5
2026-03-19,2,10,1,9,4,1.6
2026-03-19,2,10,2,3,1,1.8
2026-03-19,3,12,1,5,3,1.7
2026-03-19,3,12,2,2,1,2.0
2026-03-19,4,2,1,142,3,10.7
2026-03-19,4,2,2,73,1,11.1
2026-03-19,5,2,1,200,1,14.4
2026-03-19,5,2,2,103,1,13.5
2026-03-19,6,2,1,139,2,11.9
2026-03-19,6,2,2,66,1,11.6
2026-03-19,7,3,1,165,6,8.9
2026-03-19,7,3,2,79,3,9.1
2026-03-19,8,8,1,182,6,7.1
2026-03-19,8,8,2,97,5,7.4
2026-03-19,9,8,1,83,2,10.2
2026-03-19,9,8,2,36,1,9.9
2026-03-19,10,7,1,300,13,6.7
2026-03-19,10,7,2,106,5,6.4
2026-03-19,11,4,1,112,1,12.9
2026-03-19,11,4,2,54,1,13.0
2026-03-19,12,4,1,236,1,15.4
2026-03-19,12,4,2,98,0,15.1
2026-03-19,13,4,1,93,1,12.9
2026-03-19,13,4,2,43,0,12.7
2026-03-19,14,5,1,84,2,10.8
2026-03-19,14,5,2,51,1,10.4
2026-03-19,15,9,1,129,4,7.9
2026-03-19,15,9,2,36,1,8.1
2026-03-19,16,9,1,105,3,9.3
2026-03-19,16,9,2,45,1,9.1
2026-03-19,17,6,1,295,7,8.8
2026-03-19,17,6,2,123,4,8.4
2026-03-19,18,6,1,146,5,7.2
2026-03-19,18,6,2,63,4,6.5
2026-03-19,19,6,1,147,0,16.0
2026-03-19,19,6,2,89,0,15.4
2026-03-19,20,11,1,238,0,19.1
2026-03-19,20,11,2,96,0,19.0
2026-03-19,21,11,1,46,1,8.9
2026-03-19,21,11,2,21,1,9.1
2026-03-19,22,2,1,149,0,16.9
2026-03-19,22,2,2,71,0,16.7
2026-03-20,1,1,1,29,13,1.0
2026-03-20,1,1,2,14,5,1.5
2026-03-20,2,10,1,9,5,1.7
2026-03-20,2,10,2,4,1,1.6
2026-03-20,3,12,1,8,4,2.1
2026-03-20,3,12,2,3,2,1.9
2026-03-20,4,2,1,137,2,11.8
2026-03-20,4,2,2,81,1,11.3
2026-03-20,5,2,1,176,1,14.3
2026-03-20,5,2,2,96,1,13.8
2026-03-20,6,2,1,141,1,12.2
2026-03-20,6,2,2,66,1,12.4
2026-03-20,7,3,1,174,4,9.7
2026-03-20,7,3,2,90,3,8.8
2026-03-20,8,8,1,191,7,7.3
2026-03-20,8,8,2,100,6,7.6
2026-03-20,9,8,1,97,2,10.2
2026-03-20,9,8,2,38,1,9.5
2026-03-20,10,7,1,232,11,6.3
2026-03-20,10,7,2,110,6,5.9
2026-03-20,11,4,1,109,1,12.9
2026-03-20,11,4,2,55,1,12.6
2026-03-20,12,4,1,173,1,16.2
2026-03-20,12,4,2,94,0,14.9
2026-03-20,13,4,1,76,1,12.2
2026-03-20,13,4,2,45,1,12.1
2026-03-20,14,5,1,71,1,10.6
2026-03-20,14,5,2,34,1,10.4
2026-03-20,15,9,1,139,6,7.8
2026-03-20,15,9,2,46,1,8.0
2026-03-20,16,9,1,81,2,9.1
2026-03-20,16,9,2,39,1,9.2
2026-03-20,17,6,1,314,8,8.6
2026-03-20,17,6,2,117,3,8.8
2026-03-20,18,6,1,154,5,6.8
2026-03-20,18,6,2,65,3,7.0
2026-03-20,19,6,1,154,1,15.8
2026-03-20,19,6,2,80,0,15.6
2026-03-20,20,11,1,249,0,18.9
2026-03-20,20,11,2,92,0,18.3
2026-03-20,21,11,1,43,1,9.2
2026-03-20,21,11,2,21,1,8.9
2026-03-20,22,2,1,114,0,16.7
2026-03-20,22,2,2,64,0,16.6
2026-03-21,1,1,1,20,8,1.4
2026-03-21,1,1,2,12,5,1.1
2026-03-21,2,10,1,9,5,1.4
2026-03-21,2,10,2,4,2,1.2
2026-03-21,3,12,1,4,2,1.9
2026-03-21,3,12,2,2,1,2.2
2026-03-21,4,2,1,146,2,11.6
2026-03-21,4,2,2,55,1,11.5
2026-03-21,5,2,1,194,1,13.4
2026-03-21,5,2,2,72,1,13.1
2026-03-21,6,2,1,125,1,11.8
2026-03-21,6,2,2,57,1,12.0
2026-03-21,7,3,1,132,4,9.4
2026-03-21,7,3,2,63,2,9.0
2026-03-21,8,8,1,219,5,7.2
2026-03-21,8,8,2,72,3,7.0
2026-03-21,9,8,1,78,1,10.0
2026-03-21,9,8,2,35,1,9.5
2026-03-21,10,7,1,202,8,7.3
2026-03-21,10,7,2,93,5,6.0
2026-03-21,11,4,1,70,1,12.7
2026-03-21,11,4,2,44,0,12.6
2026-03-21,12,4,1,144,0,15.1
2026-03-21,12,4,2,78,0,15.6
2026-03-21,13,4,1,89,1,12.5
2026-03-21,13,4,2,29,0,11.8
2026-03-21,14,5,1,79,2,10.5
2026-03-21,14,5,2,30,1,10.2
2026-03-21,15,9,1,102,3,8.1
2026-03-21,15,9,2,41,1,8.0
2026-03-21,16,9,1,71,1,9.5
2026-03-21,16,9,2,37,1,9.3
2026-03-21,17,6,1,252,5,8.6
2026-03-21,17,6,2,111,5,7.6
2026-03-21,18,6,1,106,3,7.3
2026-03-21,18,6,2,56,3,6.8
2026-03-21,19,6,1,156,0,16.4
2026-03-21,19,6,2,76,0,15.5
2026-03-21,20,11,1,197,0,18.7
2026-03-21,20,11,2,90,0,18.7
2026-03-21,21,11,1,34,1,8.8
2026-03-21,21,11,2,14,1,8.7
2026-03-21,22,2,1,87,0,16.7
2026-03-21,22,2,2,47,0,17.4
2026-03-22,1,1,1,27,12,1.9
2026-03-22,1,1,2,11,5,1.0
2026-03-22,2,10,1,7,2,1.9
2026-03-22,2,10,2,3,2,1.0
2026-03-22,3,12,1,4,1,2.0
2026-03-22,3,12,2,2,1,1.6
2026-03-22,4,2,1,150,2,11.3
2026-03-22,4,2,2,59,1,11.0
2026-03-22,5,2,1,169,1,14.1
2026-03-22,5,2,2,87,1,13.7
2026-03-22,6,2,1,115,2,11.9
2026-03-22,6,2,2,58,1,11.4
2026-03-22,7,3,1,172,4,9.5
2026-03-22,7,3,2,79,2,9.1
2026-03-22,8,8,1,173,8,6.9
2026-03-22,8,8,2,74,3,7.1
2026-03-22,9,8,1,80,2,10.0
2026-03-22,9,8,2,28,1,9.8
2026-03-22,10,7,1,227,10,6.6
2026-03-22,10,7,2,132,8,6.5
2026-03-22,11,4,1,87,1,12.8
2026-03-22,11,4,2,46,1,12.3
2026-03-22,12,4,1,181,1,15.7
2026-03-22,12,4,2,69,0,14.9
2026-03-22,13,4,1,81,1,12.0
2026-03-22,13,4,2,36,0,11.6
2026-03-22,14,5,1,55,1,10.5
2026-03-22,14,5,2,31,1,10.3
2026-03-22,15,9,1,71,2,7.9
2026-03-22,15,9,2,37,1,7.6
2026-03-22,16,9,1,77,2,8.6
2026-03-22,16,9,2,47,1,8.5
2026-03-22,17,6,1,264,7,8.6
2026-03-22,17,6,2,105,3,8.5
2026-03-22,18,6,1,117,5,6.9
2026-03-22,18,6,2,69,3,7.0
2026-03-22,19,6,1,163,0,15.9
2026-03-22,19,6,2,58,0,15.2
2026-03-22,20,11,1,165,0,18.7
2026-03-22,20,11,2,86,0,18.5
2026-03-22,21,11,1,27,1,9.3
2026-03-22,21,11,2,17,1,8.8
2026-03-22,22,2,1,151,0,16.5
2026-03-22,22,2,2,56,0,16.8
2026-03-23,1,1,1,31,11,1.3
2026-03-23,1,1,2,12,5,1.2
2026-03-23,2,10,1,10,4,1.6
2026-03-23,2,10,2,4,2,1.6
2026-03-23,3,12,1,6,3,1.8
2026-03-23,3,12,2,2,1,1.8
2026-03-23,4,2,1,139,2,12.0
2026-03-23,4,2,2,99,2,11.3
2026-03-23,5,2,1,205,1,14.0
2026-03-23,5,2,2,96,1,13.6
2026-03-23,6,2,1,158,1,12.1
2026-03-23,6,2,2,58,1,11.8
2026-03-23,7,3,1,171,4,9.2
2026-03-23,7,3,2,88,2,9.5
2026-03-23,8,8,1,286,16,7.5
2026-03-23,8,8,2,118,4,7.4
2026-03-23,9,8,1,64,1,9.9
2026-03-23,9,8,2,53,2,9.4
2026-03-23,10,7,1,260,8,6.7
2026-03-23,10,7,2,128,8,6.2
2026-03-23,11,4,1,105,1,12.5
2026-03-23,11,4,2,53,1,12.9
2026-03-23,12,4,1,238,1,15.4
2026-03-23,12,4,2,83,0,15.6
2026-03-23,13,4,1,98,1,12.3
2026-03-23,13,4,2,46,1,12.1
2026-03-23,14,5,1,106,2,10.5
2026-03-23,14,5,2,33,1,10.0
2026-03-23,15,9,1,122,4,7.9
2026-03-23,15,9,2,51,2,7.5
2026-03-23,16,9,1,101,2,9.7
2026-03-23,16,9,2,45,1,9.1
2026-03-23,17,6,1,265,7,8.2
2026-03-23,17,6,2,153,6,8.2
2026-03-23,18,6,1,184,7,7.1
2026-03-23,18,6,2,75,4,7.0
2026-03-23,19,6,1,180,0,16.0
2026-03-23,19,6,2,71,0,15.4
2026-03-23,20,11,1,251,0,19.3
2026-03-23,20,11,2,124,0,19.0
2026-03-23,21,11,1,42,1,9.0
2026-03-23,21,11,2,19,1,9.0
2026-03-23,22,2,1,140,0,17.4
2026-03-23,22,2,2,68,0,16.6
2026-03-24,1,1,1,30,15,1.4
2026-03-24,1,1,2,14,6,1.1
2026-03-24,2,10,1,8,4,1.9
2026-03-24,2,10,2,4,2,1.7
2026-03-24,3,12,1,6,3,2.3
2026-03-24,3,12,2,4,2,1.8
2026-03-24,4,2,1,138,2,11.7
2026-03-24,4,2,2,80,2,11.7
2026-03-24,5,2,1,175,1,14.1
2026-03-24,5,2,2,96,1,13.7
2026-03-24,6,2,1,163,2,12.1
2026-03-24,6,2,2,74,1,11.9
2026-03-24,7,3,1,187,4,10.0
2026-03-24,7,3,2,83,3,9.0
2026-03-24,8,8,1,198,7,7.5
2026-03-24,8,8,2,82,4,7.3
2026-03-24,9,8,1,91,2,9.7
2026-03-24,9,8,2,39,1,9.4
2026-03-24,10,7,1,269,13,6.8
2026-03-24,10,7,2,130,8,5.9
2026-03-24,11,4,1,94,1,12.8
2026-03-24,11,4,2,50,1,12.9
2026-03-24,12,4,1,221,1,15.1
2026-03-24,12,4,2,91,0,15.6
2026-03-24,13,4,1,92,1,12.7
2026-03-24,13,4,2,55,1,12.3
2026-03-24,14,5,1,90,2,10.2
2026-03-24,14,5,2,32,1,10.3
2026-03-24,15,9,1,111,4,7.9
2026-03-24,15,9,2,50,2,7.6
2026-03-24,16,9,1,115,2,9.1
2026-03-24,16,9,2,43,1,9.0
2026-03-24,17,6,1,378,12,8.0
2026-03-24,17,6,2,137,4,8.6
2026-03-24,18,6,1,186,6,6.8
2026-03-24,18,6,2,68,3,6.7
2026-03-24,19,6,1,207,1,16.3
2026-03-24,19,6,2,75,0,15.6
2026-03-24,20,11,1,285,0,18.9
2026-03-24,20,11,2,107,0,18.0
2026-03-24,21,11,1,39,1,9.1
2026-03-24,21,11,2,19,1,8.7
2026-03-24,22,2,1,133,0,16.5
2026-03-24,22,2,2,65,0,16.5
2026-03-25,1,1,1,35,14,1.0
2026-03-25,1,1,2,13,7,1.1
2026-03-25,2,10,1,8,3,1.6
2026-03-25,2,10,2,4,2,1.7
2026-03-25,3,12,1,6,2,1.7
2026-03-25,3,12,2,3,1,1.6
2026-03-25,4,2,1,176,4,10.8
2026-03-25,4,2,2,78,2,11.1
2026-03-25,5,2,1,197,2,13.6
2026-03-25,5,2,2,81,1,13.5
2026-03-25,6,2,1,119,1,11.8
2026-03-25,6,2,2,85,1,11.4
2026-03-25,7,3,1,195,4,9.4
2026-03-25,7,3,2,89,3,9.2
2026-03-25,8,8,1,258,8,7.8
2026-03-25,8,8,2,110,5,6.9
2026-03-25,9,8,1,92,2,9.9
2026-03-25,9,8,2,38,1,10.2
2026-03-25,10,7,1,258,11,6.6
2026-03-25,10,7,2,148,8,6.4
2026-03-25,11,4,1,102,1,12.9
2026-03-25,11,4,2,54,1,12.4
2026-03-25,12,4,1,213,1,15.7
2026-03-25,12,4,2,112,1,14.9
2026-03-25,13,4,1,95,1,12.4
2026-03-25,13,4,2,51,1,11.6
2026-03-25,14,5,1,69,1,10.8
2026-03-25,14,5,2,34,1,9.7
2026-03-25,15,9,1,96,3,8.0
2026-03-25,15,9,2,43,2,7.7
2026-03-25,16,9,1,95,2,9.3
2026-03-25,16,9,2,46,1,8.7
2026-03-25,17,6,1,396,10,8.5
2026-03-25,17,6,2,138,6,8.0
2026-03-25,18,6,1,144,6,6.8
2026-03-25,18,6,2,74,2,7.4
2026-03-25,19,6,1,188,0,16.1
2026-03-25,19,6,2,78,0,15.8
2026-03-25,20,11,1,215,0,18.3
2026-03-25,20,11,2,136,0,18.4
2026-03-25,21,11,1,54,2,9.0
2026-03-25,21,11,2,21,1,8.7
2026-03-25,22,2,1,179,0,17.2
2026-03-25,22,2,2,63,0,17.1
2026-03-26,1,1,1,24,10,1.4
2026-03-26,1,1,2,13,6,1.1
2026-03-26,2,10,1,8,4,1.5
2026-03-26,2,10,2,4,2,1.4
2026-03-26,3,12,1,6,4,2.2
2026-03-26,3,12,2,3,2,1.7
2026-03-26,4,2,1,164,2,10.8
2026-03-26,4,2,2,81,2,11.3
2026-03-26,5,2,1,168,1,14.0
2026-03-26,5,2,2,97,1,13.6
2026-03-26,6,2,1,126,2,11.2
2026-03-26,6,2,2,51,1,11.8
2026-03-26,7,3,1,202,4,9.5
2026-03-26,7,3,2,89,3,9.1
2026-03-26,8,8,1,235,9,7.2
2026-03-26,8,8,2,107,5,7.2
2026-03-26,9,8,1,111,2,9.9
2026-03-26,9,8,2,32,1,9.7
2026-03-26,10,7,1,209,10,6.5
2026-03-26,10,7,2,117,6,6.2
2026-03-26,11,4,1,115,1,12.4
2026-03-26,11,4,2,63,1,12.7
2026-03-26,12,4,1,207,1,15.1
2026-03-26,12,4,2,104,0,14.9
2026-03-26,13,4,1,114,1,12.7
2026-03-26,13,4,2,41,1,11.7
2026-03-26,14,5,1,89,1,10.6
2026-03-26,14,5,2,34,1,10.2
2026-03-26,15,9,1,102,3,8.0
2026-03-26,15,9,2,55,2,7.5
2026-03-26,16,9,1,95,2,9.0
2026-03-26,16,9,2,44,1,8.6
2026-03-26,17,6,1,314,7,8.4
2026-03-26,17,6,2,138,4,8.3
2026-03-26,18,6,1,142,7,6.9
2026-03-26,18,6,2,80,3,7.3
2026-03-26,19,6,1,174,0,15.4
2026-03-26,19,6,2,101,0,15.7
2026-03-26,20,11,1,262,0,18.7
2026-03-26,20,11,2,115,0,18.7
2026-03-26,21,11,1,48,1,9.1
2026-03-26,21,11,2,21,1,8.5
2026-03-26,22,2,1,117,0,16.7
2026-03-26,22,2,2,68,0,16.2
2026-03-27,1,1,1,33,15,1.4
2026-03-27,1,1,2,13,6,2.1
2026-03-27,2,10,1,8,4,1.7
2026-03-27,2,10,2,4,2,1.0
2026-03-27,3,12,1,5,2,1.6
2026-03-27,3,12,2,3,1,1.4
2026-03-27,4,2,1,145,2,11.1
2026-03-27,4,2,2,87,2,10.3
2026-03-27,5,2,1,161,1,13.6
2026-03-27,5,2,2,86,1,13.5
2026-03-27,6,2,1,172,2,12.1
2026-03-27,6,2,2,55,1,11.3
2026-03-27,7,3,1,177,5,9.3
2026-03-27,7,3,2,73,2,9.4
2026-03-27,8,8,1,240,9,7.3
2026-03-27,8,8,2,98,5,7.5
2026-03-27,9,8,1,101,2,10.1
2026-03-27,9,8,2,31,1,10.0
2026-03-27,10,7,1,275,11,6.4
2026-03-27,10,7,2,120,8,6.4
2026-03-27,11,4,1,98,1,12.6
2026-03-27,11,4,2,45,0,13.3
2026-03-27,12,4,1,190,1,15.7
2026-03-27,12,4,2,84,0,15.7
2026-03-27,13,4,1,117,1,12.2
2026-03-27,13,4,2,49,1,12.4
2026-03-27,14,5,1,102,2,10.6
2026-03-27,14,5,2,37,1,10.1
2026-03-27,15,9,1,110,4,7.2
2026-03-27,15,9,2,53,2,8.5
2026-03-27,16,9,1,93,2,9.1
2026-03-27,16,9,2,43,2,8.2
2026-03-27,17,6,1,341,10,8.0
2026-03-27,17,6,2,167,6,8.3
2026-03-27,18,6,1,150,6,6.8
2026-03-27,18,6,2,87,4,6.6
2026-03-27,19,6,1,208,1,15.5
2026-03-27,19,6,2,88,0,15.9
2026-03-27,20,11,1,263,0,18.9
2026-03-27,20,11,2,105,0,18.7
2026-03-27,21,11,1,54,1,9.7
2026-03-27,21,11,2,22,1,9.1
2026-03-27,22,2,1,150,0,16.5
2026-03-27,22,2,2,63,0,16.7
2026-03-28,1,1,1,27,9,1.1
2026-03-28,1,1,2,10,5,1.6
2026-03-28,2,10,1,7,3,1.0
2026-03-28,2,10,2,3,1,1.6
2026-03-28,3,12,1,5,2,1.8
2026-03-28,3,12,2,2,1,2.1
2026-03-28,4,2,1,146,2,11.1
2026-03-28,4,2,2,74,1,10.9
2026-03-28,5,2,1,117,1,13.7
2026-03-28,5,2,2,79,1,13.6
2026-03-28,6,2,1,138,2,12.1
2026-03-28,6,2,2,46,1,11.5
2026-03-28,7,3,1,142,4,9.0
2026-03-28,7,3,2,72,2,9.3
2026-03-28,8,8,1,218,5,7.5
2026-03-28,8,8,2,81,4,7.2
2026-03-28,9,8,1,72,1,9.9
2026-03-28,9,8,2,38,1,9.6
2026-03-28,10,7,1,205,8,6.6
2026-03-28,10,7,2,86,4,6.4
2026-03-28,11,4,1,91,1,12.9
2026-03-28,11,4,2,46,1,12.4
2026-03-28,12,4,1,149,0,15.9
2026-03-28,12,4,2,97,0,15.1
2026-03-28,13,4,1,97,1,12.3
2026-03-28,13,4,2,38,1,12.3
2026-03-28,14,5,1,57,1,10.7
2026-03-28,14,5,2,30,1,10.7
2026-03-28,15,9,1,90,3,7.4
2026-03-28,15,9,2,47,1,7.7
2026-03-28,16,9,1,74,2,8.6
2026-03-28,16,9,2,42,1,9.1
2026-03-28,17,6,1,269,6,8.5
2026-03-28,17,6,2,121,3,8.8
2026-03-28,18,6,1,152,6,6.9
2026-03-28,18,6,2,52,3,6.8
2026-03-28,19,6,1,192,1,16.2
2026-03-28,19,6,2,71,0,15.4
2026-03-28,20,11,1,214,0,18.5
2026-03-28,20,11,2,83,0,18.0
2026-03-28,21,11,1,31,1,8.6
2026-03-28,21,11,2,17,1,8.9
2026-03-28,22,2,1,145,0,16.6
2026-03-28,22,2,2,61,0,16.6
2026-03-29,1,1,1,20,9,1.2
2026-03-29,1,1,2,11,7,1.2
2026-03-29,2,10,1,8,3,2.0
2026-03-29,2,10,2,3,2,1.3
2026-03-29,3,12,1,5,3,1.7
2026-03-29,3,12,2,2,1,2.2
2026-03-29,4,2,1,126,3,11.2
2026-03-29,4,2,2,56,1,11.5
2026-03-29,5,2,1,158,1,13.9
2026-03-29,5,2,2,79,1,13.0
2026-03-29,6,2,1,99,1,12.6
2026-03-29,6,2,2,54,1,11.3
2026-03-29,7,3,1,128,3,9.7
2026-03-29,7,3,2,75,2,9.0
2026-03-29,8,8,1,219,6,7.1
2026-03-29,8,8,2,93,4,6.9
2026-03-29,9,8,1,84,2,9.7
2026-03-29,9,8,2,32,1,10.2
2026-03-29,10,7,1,212,9,6.4
2026-03-29,10,7,2,108,5,6.6
2026-03-29,11,4,1,98,1,12.4
2026-03-29,11,4,2,33,0,13.2
2026-03-29,12,4,1,180,1,15.2
2026-03-29,12,4,2,64,0,15.2
2026-03-29,13,4,1,78,1,12.3
2026-03-29,13,4,2,35,1,12.1
2026-03-29,14,5,1,70,1,10.5
2026-03-29,14,5,2,34,1,10.2
2026-03-29,15,9,1,102,2,7.9
2026-03-29,15,9,2,48,1,8.0
2026-03-29,16,9,1,64,2,8.6
2026-03-29,16,9,2,34,1,8.6
2026-03-29,17,6,1,304,8,8.4
2026-03-29,17,6,2,116,4,8.7
2026-03-29,18,6,1,136,5,6.6
2026-03-29,18,6,2,69,4,6.6
2026-03-29,19,6,1,157,0,15.9
2026-03-29,19,6,2,75,0,15.3
2026-03-29,20,11,1,265,0,18.3
2026-03-29,20,11,2,107,0,18.4
2026-03-29,21,11,1,32,1,9.2
2026-03-29,21,11,2,21,1,8.8
2026-03-29,22,2,1,110,0,16.8
2026-03-29,22,2,2,60,0,16.8
2026-03-30,1,1,1,25,9,1.8
2026-03-30,1,1,2,13,7,1.0
2026-03-30,2,10,1,8,3,1.8
2026-03-30,2,10,2,3,1,1.4
2026-03-30,3,12,1,6,2,2.1
2026-03-30,3,12,2,3,2,1.9
2026-03-30,4,2,1,197,3,11.4
2026-03-30,4,2,2,70,1,10.7
2026-03-30,5,2,1,205,1,13.7
2026-03-30,5,2,2,92,1,13.6
2026-03-30,6,2,1,143,1,11.9
2026-03-30,6,2,2,57,1,11.7
2026-03-30,7,3,1,179,6,9.2
2026-03-30,7,3,2,79,3,9.1
2026-03-30,8,8,1,200,9,7.5
2026-03-30,8,8,2,121,5,7.4
2026-03-30,9,8,1,93,2,10.2
2026-03-30,9,8,2,41,1,9.8
2026-03-30,10,7,1,286,9,6.6
2026-03-30,10,7,2,149,9,6.9
2026-03-30,11,4,1,103,1,12.5
2026-03-30,11,4,2,45,0,12.8
2026-03-30,12,4,1,240,0,15.8
2026-03-30,12,4,2,104,0,14.9
2026-03-30,13,4,1,92,1,12.2
2026-03-30,13,4,2,39,1,12.4
2026-03-30,14,5,1,90,2,10.5
2026-03-30,14,5,2,34,1,10.3
2026-03-30,15,9,1,125,3,8.7
2026-03-30,15,9,2,57,2,8.2
2026-03-30,16,9,1,87,2,8.8
2026-03-30,16,9,2,51,2,8.6
2026-03-30,17,6,1,385,9,8.6
2026-03-30,17,6,2,163,4,8.4
2026-03-30,18,6,1,175,7,7.2
2026-03-30,18,6,2,96,4,7.2
2026-03-30,19,6,1,186,1,15.5
2026-03-30,19,6,2,78,0,15.9
2026-03-30,20,11,1,275,0,18.6
2026-03-30,20,11,2,142,0,18.4
2026-03-30,21,11,1,48,2,9.2
2026-03-30,21,11,2,22,1,9.2
2026-03-30,22,2,1,170,0,16.6
2026-03-30,22,2,2,72,0,16.6
2026-03-31,1,1,1,23,11,1.4
2026-03-31,1,1,2,13,7,1.3
2026-03-31,2,10,1,10,3,1.5
2026-03-31,2,10,2,4,2,1.7
2026-03-31,3,12,1,4,2,1.4
2026-03-31,3,12,2,3,1,1.8
2026-03-31,4,2,1,160,2,10.8
2026-03-31,4,2,2,102,2,10.3
2026-03-31,5,2,1,238,1,13.8
2026-03-31,5,2,2,94,1,13.7
2026-03-31,6,2,1,124,1,12.0
2026-03-31,6,2,2,74,1,12.0
2026-03-31,7,3,1,155,5,9.5
2026-03-31,7,3,2,94,4,9.2
2026-03-31,8,8,1,203,6,7.7
2026-03-31,8,8,2,109,6,7.2
2026-03-31,9,8,1,82,1,9.8
2026-03-31,9,8,2,46,1,9.6
2026-03-31,10,7,1,243,14,6.3
2026-03-31,10,7,2,127,8,6.4
2026-03-31,11,4,1,103,1,12.3
2026-03-31,11,4,2,52,0,12.9
2026-03-31,12,4,1,176,1,14.7
2026-03-31,12,4,2,115,0,15.3
2026-03-31,13,4,1,101,1,12.5
2026-03-31,13,4,2,49,0,12.1
2026-03-31,14,5,1,81,1,10.8
2026-03-31,14,5,2,39,1,10.0
2026-03-31,15,9,1,132,3,7.8
2026-03-31,15,9,2,37,1,7.5
2026-03-31,16,9,1,80,2,9.2
2026-03-31,16,9,2,37,1,9.0
2026-03-31,17,6,1,293,6,8.6
2026-03-31,17,6,2,131,4,7.7
2026-03-31,18,6,1,188,7,6.6
2026-03-31,18,6,2,71,3,6.8
2026-03-31,19,6,1,204,1,15.6
2026-03-31,19,6,2,82,0,15.6
2026-03-31,20,11,1,254,0,19.2
2026-03-31,20,11,2,116,0,18.8
2026-03-31,21,11,1,42,1,8.7
2026-03-31,21,11,2,23,1,8.7
2026-03-31,22,2,1,178,0,17.0
2026-03-31,22,2,2,72,0,16.5
2026-04-01,1,1,1,28,8,1.2
2026-04-01,1,1,2,13,6,1.0
2026-04-01,2,10,1,8,3,1.3
2026-04-01,2,10,2,4,2,1.5
2026-04-01,3,12,1,5,2,1.8
2026-04-01,3,12,2,3,1,1.7
2026-04-01,4,2,1,180,3,11.4
2026-04-01,4,2,2,77,1,11.1
2026-04-01,5,2,1,209,1,13.9
2026-04-01,5,2,2,90,1,13.0
2026-04-01,6,2,1,136,1,12.1
2026-04-01,6,2,2,63,1,11.8
2026-04-01,7,3,1,180,5,9.8
2026-04-01,7,3,2,93,2,9.2
2026-04-01,8,8,1,246,9,7.4
2026-04-01,8,8,2,102,4,7.2
2026-04-01,9,8,1,95,2,10.3
2026-04-01,9,8,2,35,1,9.4
2026-04-01,10,7,1,251,12,6.6
2026-04-01,10,7,2,121,6,6.3
2026-04-01,11,4,1,90,1,12.3
2026-04-01,11,4,2,60,1,12.1
2026-04-01,12,4,1,251,1,15.3
2026-04-01,12,4,2,94,0,15.1
2026-04-01,13,4,1,100,1,12.5
2026-04-01,13,4,2,49,1,12.1
2026-04-01,14,5,1,88,2,10.0
2026-04-01,14,5,2,41,2,9.9
2026-04-01,15,9,1,102,3,7.6
2026-04-01,15,9,2,43,1,7.5
2026-04-01,16,9,1,89,2,8.8
2026-04-01,16,9,2,53,2,8.9
2026-04-01,17,6,1,345,11,8.2
2026-04-01,17,6,2,143,6,7.9
2026-04-01,18,6,1,185,8,7.0
2026-04-01,18,6,2,88,5,6.4
2026-04-01,19,6,1,159,0,15.8
2026-04-01,19,6,2,102,0,15.7
2026-04-01,20,11,1,244,0,18.2
2026-04-01,20,11,2,123,0,18.5
2026-04-01,21,11,1,44,1,9.1
2026-04-01,21,11,2,25,1,8.4
2026-04-01,22,2,1,142,0,16.7
2026-04-01,22,2,2,78,0,16.3
2026-04-02,1,1,1,25,10,1.0
2026-04-02,1,1,2,11,7,1.0
2026-04-02,2,10,1,10,3,1.8
2026-04-02,2,10,2,4,2,1.5
2026-04-02,3,12,1,7,2,2.4
2026-04-02,3,12,2,3,2,1.6
2026-04-02,4,2,1,151,2,11.2
2026-04-02,4,2,2,85,2,11.0
2026-04-02,5,2,1,214,2,13.6
2026-04-02,5,2,2,91,1,13.3
2026-04-02,6,2,1,125,2,11.6
2026-04-02,6,2,2,57,1,10.9
2026-04-02,7,3,1,168,4,9.1
2026-04-02,7,3,2,77,3,8.8
2026-04-02,8,8,1,307,11,7.6
2026-04-02,8,8,2,90,3,7.2
2026-04-02,9,8,1,101,2,9.8
2026-04-02,9,8,2,43,1,9.5
2026-04-02,10,7,1,296,13,6.0
2026-04-02,10,7,2,126,8,6.0
2026-04-02,11,4,1,121,1,12.8
2026-04-02,11,4,2,51,0,12.8
2026-04-02,12,4,1,225,1,15.0
2026-04-02,12,4,2,101,0,15.0
2026-04-02,13,4,1,114,2,11.5
2026-04-02,13,4,2,59,1,12.3
2026-04-02,14,5,1,85,2,9.9
2026-04-02,14,5,2,43,1,10.4
2026-04-02,15,9,1,112,2,8.0
2026-04-02,15,9,2,52,2,8.2
2026-04-02,16,9,1,99,2,9.4
2026-04-02,16,9,2,43,2,8.0
2026-04-02,17,6,1,308,7,9.0
2026-04-02,17,6,2,155,8,7.6
2026-04-02,18,6,1,162,5,6.9
2026-04-02,18,6,2,89,4,7.1
2026-04-02,19,6,1,186,1,15.8
2026-04-02,19,6,2,88,0,16.0
2026-04-02,20,11,1,229,0,18.4
2026-04-02,20,11,2,105,0,18.7
2026-04-02,21,11,1,42,1,9.1
2026-04-02,21,11,2,21,1,8.9
2026-04-02,22,2,1,140,0,16.9
2026-04-02,22,2,2,69,0,16.7
2026-04-03,1,1,1,23,10,1.6
2026-04-03,1,1,2,13,8,1.1
2026-04-03,2,10,1,8,4,1.1
2026-04-03,2,10,2,4,3,1.4
2026-04-03,3,12,1,6,2,1.4
2026-04-03,3,12,2,3,2,1.9
2026-04-03,4,2,1,149,2,11.0
2026-04-03,4,2,2,69,1,11.1
2026-04-03,5,2,1,194,1,14.1
2026-04-03,5,2,2,98,1,13.1
2026-04-03,6,2,1,129,1,11.6
2026-04-03,6,2,2,72,1,10.8
2026-04-03,7,3,1,149,3,9.7
2026-04-03,7,3,2,82,3,8.8
2026-04-03,8,8,1,220,5,7.4
2026-04-03,8,8,2,125,6,7.3
2026-04-03,9,8,1,107,2,9.8
2026-04-03,9,8,2,47,1,9.8
2026-04-03,10,7,1,279,15,6.2
2026-04-03,10,7,2,146,11,6.2
2026-04-03,11,4,1,90,1,12.6
2026-04-03,11,4,2,48,1,12.0
2026-04-03,12,4,1,231,1,14.9
2026-04-03,12,4,2,90,0,14.7
2026-04-03,13,4,1,95,1,11.9
2026-04-03,13,4,2,42,1,12.0
2026-04-03,14,5,1,93,2,10.2
2026-04-03,14,5,2,34,1,10.0
2026-04-03,15,9,1,128,5,7.7
2026-04-03,15,9,2,47,2,8.0
2026-04-03,16,9,1,110,2,9.1
2026-04-03,16,9,2,49,1,8.4
2026-04-03,17,6,1,369,7,9.5
2026-04-03,17,6,2,154,7,7.8
2026-04-03,18,6,1,139,6,6.7
2026-04-03,18,6,2,69,4,7.2
2026-04-03,19,6,1,173,0,15.5
2026-04-03,19,6,2,74,0,15.6
2026-04-03,20,11,1,258,0,18.6
2026-04-03,20,11,2,121,0,17.9
2026-04-03,21,11,1,55,1,9.3
2026-04-03,21,11,2,21,1,9.2
2026-04-03,22,2,1,129,0,16.5
2026-04-03,22,2,2,84,0,16.2
2026-04-04,1,1,1,23,9,2.1
2026-04-04,1,1,2,11,5,1.5
2026-04-04,2,10,1,7,2,1.2
2026-04-04,2,10,2,3,1,1.2
2026-04-04,3,12,1,5,2,1.9
2026-04-04,3,12,2,2,1,1.2
2026-04-04,4,2,1,157,2,11.1
2026-04-04,4,2,2,62,1,11.1
2026-04-04,5,2,1,152,1,13.1
2026-04-04,5,2,2,86,1,13.5
2026-04-04,6,2,1,100,1,11.5
2026-04-04,6,2,2,47,1,11.5
2026-04-04,7,3,1,131,4,9.4
2026-04-04,7,3,2,62,2,8.8
2026-04-04,8,8,1,182,7,7.2
2026-04-04,8,8,2,92,4,7.5
2026-04-04,9,8,1,71,1,9.8
2026-04-04,9,8,2,30,1,9.4
2026-04-04,10,7,1,189,8,6.7
2026-04-04,10,7,2,106,6,6.3
2026-04-04,11,4,1,103,1,12.6
2026-04-04,11,4,2,41,0,13.1
2026-04-04,12,4,1,159,0,15.2
2026-04-04,12,4,2,84,0,15.1
2026-04-04,13,4,1,66,1,12.5
2026-04-04,13,4,2,36,0,12.0
2026-04-04,14,5,1,70,1,10.6
2026-04-04,14,5,2,39,1,10.0
2026-04-04,15,9,1,100,3,8.2
2026-04-04,15,9,2,51,2,7.7
2026-04-04,16,9,1,90,3,9.1
2026-04-04,16,9,2,31,1,8.6
2026-04-04,17,6,1,230,8,8.2
2026-04-04,17,6,2,149,7,7.8
2026-04-04,18,6,1,161,6,7.2
2026-04-04,18,6,2,68,3,6.5
2026-04-04,19,6,1,167,1,15.7
2026-04-04,19,6,2,69,0,14.8
2026-04-04,20,11,1,211,0,18.7
2026-04-04,20,11,2,87,0,18.8
2026-04-04,21,11,1,42,1,8.9
2026-04-04,21,11,2,21,1,8.0
2026-04-04,22,2,1,134,0,16.5
2026-04-04,22,2,2,59,0,16.3
2026-04-05,1,1,1,23,8,1.3
2026-04-05,1,1,2,12,5,1.4
2026-04-05,2,10,1,8,3,1.1
2026-04-05,2,10,2,3,1,1.4
2026-04-05,3,12,1,6,3,2.2
2026-04-05,3,12,2,2,2,2.0
2026-04-05,4,2,1,137,2,11.2
2026-04-05,4,2,2,43,1,10.5
2026-04-05,5,2,1,180,2,13.4
2026-04-05,5,2,2,91,1,13.2
2026-04-05,6,2,1,142,1,11.8
2026-04-05,6,2,2,65,1,11.4
2026-04-05,7,3,1,156,5,9.1
2026-04-05,7,3,2,79,2,9.4
2026-04-05,8,8,1,175,7,7.3
2026-04-05,8,8,2,86,3,8.0
2026-04-05,9,8,1,72,1,10.2
2026-04-05,9,8,2,36,1,9.6
2026-04-05,10,7,1,255,11,6.6
2026-04-05,10,7,2,114,7,6.4
2026-04-05,11,4,1,62,1,12.4
2026-04-05,11,4,2,41,1,12.6
2026-04-05,12,4,1,193,1,15.2
2026-04-05,12,4,2,104,0,14.9
2026-04-05,13,4,1,101,1,12.3
2026-04-05,13,4,2,41,1,11.9
2026-04-05,14,5,1,80,1,10.4
2026-04-05,14,5,2,37,1,10.2
2026-04-05,15,9,1,100,3,7.9
2026-04-05,15,9,2,43,1,7.7
2026-04-05,16,9,1,72,1,9.3
2026-04-05,16,9,2,39,1,8.6
2026-04-05,17,6,1,270,6,8.3
2026-04-05,17,6,2,142,6,7.9
2026-04-05,18,6,1,112,6,6.6
2026-04-05,18,6,2,65,4,6.5
2026-04-05,19,6,1,136,0,15.7
2026-04-05,19,6,2,69,0,15.3
2026-04-05,20,11,1,228,0,18.3
2026-04-05,20,11,2,90,0,17.7
2026-04-05,21,11,1,46,1,8.9
2026-04-05,21,11,2,17,1,8.4
2026-04-05,22,2,1,127,0,17.2
2026-04-05,22,2,2,46,0,16.7
2026-04-06,1,1,1,28,14,1.9
2026-04-06,1,1,2,14,6,1.0
2026-04-06,2,10,1,10,5,1.9
2026-04-06,2,10,2,4,2,1.3
2026-04-06,3,12,1,6,3,1.7
2026-04-06,3,12,2,2,1,1.7
2026-04-06,4,2,1,158,3,11.2
2026-04-06,4,2,2,85,2,10.4
2026-04-06,5,2,1,231,2,13.4
2026-04-06,5,2,2,104,1,13.4
2026-04-06,6,2,1,133,2,11.6
2026-04-06,6,2,2,71,1,11.6
2026-04-06,7,3,1,190,4,9.4
2026-04-06,7,3,2,81,3,8.8
2026-04-06,8,8,1,228,7,7.3
2026-04-06,8,8,2,120,4,7.2
2026-04-06,9,8,1,95,3,9.5
2026-04-06,9,8,2,42,1,9.5
2026-04-06,10,7,1,276,17,6.3
2026-04-06,10,7,2,137,9,6.4
2026-04-06,11,4,1,98,1,13.2
2026-04-06,11,4,2,58,1,12.2
2026-04-06,12,4,1,231,1,15.1
2026-04-06,12,4,2,111,0,15.0
2026-04-06,13,4,1,114,1,12.5
2026-04-06,13,4,2,56,1,12.4
2026-04-06,14,5,1,82,2,10.0
2026-04-06,14,5,2,48,1,10.3
2026-04-06,15,9,1,114,3,8.2
2026-04-06,15,9,2,55,2,7.8
2026-04-06,16,9,1,112,3,9.0
2026-04-06,16,9,2,43,1,8.4
2026-04-06,17,6,1,341,9,8.3
2026-04-06,17,6,2,193,5,8.5
2026-04-06,18,6,1,160,5,7.5
2026-04-06,18,6,2,96,4,7.2
2026-04-06,19,6,1,183,0,15.7
2026-04-06,19,6,2,79,0,15.4
2026-04-06,20,11,1,239,0,18.5
2026-04-06,20,11,2,101,0,18.8
2026-04-06,21,11,1,44,1,9.1
2026-04-06,21,11,2,24,1,9.1
2026-04-06,22,2,1,161,1,16.3
2026-04-06,22,2,2,75,0,16.5
2026-04-07,1,1,1,31,11,1.8
2026-04-07,1,1,2,14,8,1.4
2026-04-07,2,10,1,9,3,1.7
2026-04-07,2,10,2,4,2,1.3
2026-04-07,3,12,1,7,2,1.7
2026-04-07,3,12,2,2,1,2.0
2026-04-07,4,2,1,155,2,11.8
2026-04-07,4,2,2,103,3,10.6
2026-04-07,5,2,1,183,1,13.7
2026-04-07,5,2,2,80,1,13.0
2026-04-07,6,2,1,119,1,11.5
2026-04-07,6,2,2,56,1,11.5
2026-04-07,7,3,1,162,4,9.1
2026-04-07,7,3,2,87,3,8.9
2026-04-07,8,8,1,262,8,7.6
2026-04-07,8,8,2,141,5,7.7
2026-04-07,9,8,1,93,2,10.2
2026-04-07,9,8,2,47,1,9.7
2026-04-07,10,7,1,276,14,5.9
2026-04-07,10,7,2,105,6,6.8
2026-04-07,11,4,1,128,1,12.8
2026-04-07,11,4,2,61,1,12.8
2026-04-07,12,4,1,198,1,15.4
2026-04-07,12,4,2,90,0,14.7
2026-04-07,13,4,1,116,2,11.8
2026-04-07,13,4,2,58,1,11.9
2026-04-07,14,5,1,86,1,10.6
2026-04-07,14,5,2,36,1,10.2
2026-04-07,15,9,1,120,3,8.2
2026-04-07,15,9,2,61,2,7.8
2026-04-07,16,9,1,104,2,8.6
2026-04-07,16,9,2,48,2,9.0
2026-04-07,17,6,1,348,9,8.0
2026-04-07,17,6,2,152,5,8.5
2026-04-07,18,6,1,172,8,6.7
2026-04-07,18,6,2,84,4,6.7
2026-04-07,19,6,1,231,1,15.6
2026-04-07,19,6,2,103,0,15.5
2026-04-07,20,11,1,248,0,18.2
2026-04-07,20,11,2,106,0,18.4
2026-04-07,21,11,1,51,1,9.2
2026-04-07,21,11,2,23,1,8.2
2026-04-07,22,2,1,142,0,16.6
2026-04-07,22,2,2,60,0,16.4
2026-04-08,1,1,1,23,9,1.6
2026-04-08,1,1,2,12,5,2.2
2026-04-08,2,10,1,8,3,1.5
2026-04-08,2,10,2,4,1,1.6
2026-04-08,3,12,1,5,2,1.9
2026-04-08,3,12,2,3,2,1.8
2026-04-08,4,2,1,162,3,11.2
2026-04-08,4,2,2,73,1,10.9
2026-04-08,5,2,1,194,2,13.6
2026-04-08,5,2,2,111,1,13.2
2026-04-08,6,2,1,189,3,11.3
2026-04-08,6,2,2,75,1,11.5
2026-04-08,7,3,1,194,5,9.5
2026-04-08,7,3,2,87,3,9.1
2026-04-08,8,8,1,226,7,7.3
2026-04-08,8,8,2,122,6,7.6
2026-04-08,9,8,1,111,3,9.5
2026-04-08,9,8,2,41,1,9.6
2026-04-08,10,7,1,250,11,6.6
2026-04-08,10,7,2,132,9,5.9
2026-04-08,11,4,1,105,1,13.0
2026-04-08,11,4,2,44,1,12.3
2026-04-08,12,4,1,192,1,14.9
2026-04-08,12,4,2,102,0,14.6
2026-04-08,13,4,1,109,1,11.8
2026-04-08,13,4,2,59,1,12.4
2026-04-08,14,5,1,74,1,10.4
2026-04-08,14,5,2,40,1,9.9
2026-04-08,15,9,1,88,3,7.2
2026-04-08,15,9,2,63,2,7.6
2026-04-08,16,9,1,109,2,9.1
2026-04-08,16,9,2,46,2,8.8
2026-04-08,17,6,1,338,9,8.4
2026-04-08,17,6,2,149,6,7.8
2026-04-08,18,6,1,168,8,6.9
2026-04-08,18,6,2,87,3,7.0
2026-04-08,19,6,1,203,1,15.5
2026-04-08,19,6,2,81,0,15.8
2026-04-08,20,11,1,232,0,18.1
2026-04-08,20,11,2,113,0,18.8
2026-04-08,21,11,1,38,1,8.9
2026-04-08,21,11,2,23,1,9.0
2026-04-08,22,2,1,152,0,16.4
2026-04-08,22,2,2,77,0,16.6
2026-04-09,1,1,1,33,16,1.4
2026-04-09,1,1,2,12,4,1.0
2026-04-09,2,10,1,9,4,1.9
2026-04-09,2,10,2,4,2,1.1
2026-04-09,3,12,1,5,2,2.2
2026-04-09,3,12,2,3,1,1.8
2026-04-09,4,2,1,215,4,11.5
2026-04-09,4,2,2,72,2,10.7
2026-04-09,5,2,1,178,1,13.2
2026-04-09,5,2,2,121,1,13.6
2026-04-09,6,2,1,147,2,11.5
2026-04-09,6,2,2,72,1,11.2
2026-04-09,7,3,1,180,6,9.0
2026-04-09,7,3,2,88,2,9.2
2026-04-09,8,8,1,182,5,7.5
2026-04-09,8,8,2,128,5,6.7
2026-04-09,9,8,1,99,2,10.0
2026-04-09,9,8,2,39,1,9.9
2026-04-09,10,7,1,270,13,6.1
2026-04-09,10,7,2,149,10,5.9
2026-04-09,11,4,1,121,1,12.1
2026-04-09,11,4,2,50,1,12.3
2026-04-09,12,4,1,176,1,15.5
2026-04-09,12,4,2,102,0,14.6
2026-04-09,13,4,1,97,1,12.3
2026-04-09,13,4,2,53,1,11.8
2026-04-09,14,5,1,66,2,9.9
2026-04-09,14,5,2,34,1,10.3
2026-04-09,15,9,1,120,4,7.6
2026-04-09,15,9,2,57,2,7.6
2026-04-09,16,9,1,134,3,8.8
2026-04-09,16,9,2,54,2,8.9
2026-04-09,17,6,1,413,14,8.0
2026-04-09,17,6,2,180,6,8.0
2026-04-09,18,6,1,122,7,6.7
2026-04-09,18,6,2,66,4,6.6
2026-04-09,19,6,1,204,0,16.1
2026-04-09,19,6,2,90,0,15.7
2026-04-09,20,11,1,253,0,19.0
2026-04-09,20,11,2,128,0,17.5
2026-04-09,21,11,1,50,1,8.8
2026-04-09,21,11,2,32,1,8.7
2026-04-09,22,2,1,163,0,16.5
2026-04-09,22,2,2,74,0,16.6
2026-04-10,1,1,1,25,10,1.4
2026-04-10,1,1,2,16,8,1.4
2026-04-10,2,10,1,11,5,2.1
2026-04-10,2,10,2,4,2,1.0
2026-04-10,3,12,1,6,2,2.0
2026-04-10,3,12,2,3,2,2.0
2026-04-10,4,2,1,142,3,10.8
2026-04-10,4,2,2,102,2,10.9
2026-04-10,5,2,1,178,1,13.5
2026-04-10,5,2,2,82,1,13.4
2026-04-10,6,2,1,151,2,11.3
2026-04-10,6,2,2,56,1,11.9
2026-04-10,7,3,1,166,4,9.6
2026-04-10,7,3,2,83,2,9.7
2026-04-10,8,8,1,248,6,7.7
2026-04-10,8,8,2,127,6,7.1
2026-04-10,9,8,1,84,1,9.9
2026-04-10,9,8,2,40,1,9.5
2026-04-10,10,7,1,346,17,5.9
2026-04-10,10,7,2,130,9,6.1
2026-04-10,11,4,1,123,1,12.5
2026-04-10,11,4,2,53,1,12.7
2026-04-10,12,4,1,210,1,14.6
2026-04-10,12,4,2,118,1,15.1
2026-04-10,13,4,1,97,1,11.8
2026-04-10,13,4,2,47,1,11.7
2026-04-10,14,5,1,84,2,10.4
2026-04-10,14,5,2,41,1,9.4
2026-04-10,15,9,1,118,3,7.5
2026-04-10,15,9,2,59,3,7.4
2026-04-10,16,9,1,98,2,9.0
2026-04-10,16,9,2,41,1,8.6
2026-04-10,17,6,1,362,10,8.1
2026-04-10,17,6,2,175,6,8.4
2026-04-10,18,6,1,198,9,7.1
2026-04-10,18,6,2,92,5,6.8
2026-04-10,19,6,1,194,0,16.4
2026-04-10,19,6,2,87,0,15.3
2026-04-10,20,11,1,262,0,18.1
2026-04-10,20,11,2,124,0,17.8
2026-04-10,21,11,1,49,2,9.3
2026-04-10,21,11,2,24,1,8.5
2026-04-10,22,2,1,145,0,16.5
2026-04-10,22,2,2,76,0,16.3
2026-04-11,1,1,1,23,8,1.4
2026-04-11,1,1,2,9,5,1.2
2026-04-11,2,10,1,7,3,1.3
2026-04-11,2,10,2,4,2,1.4
2026-04-11,3,12,1,5,2,2.1
2026-04-11,3,12,2,2,1,1.9
2026-04-11,4,2,1,133,2,10.6
2026-04-11,4,2,2,64,2,10.8
2026-04-11,5,2,1,139,1,13.5
2026-04-11,5,2,2,71,0,13.1
2026-04-11,6,2,1,94,1,11.7
2026-04-11,6,2,2,55,1,11.2
2026-04-11,7,3,1,154,5,9.0
2026-04-11,7,3,2,80,3,8.9
2026-04-11,8,8,1,200,7,7.5
2026-04-11,8,8,2,82,3,7.4
2026-04-11,9,8,1,70,2,9.6
2026-04-11,9,8,2,35,1,9.6
2026-04-11,10,7,1,240,14,5.9
2026-04-11,10,7,2,124,9,6.4
2026-04-11,11,4,1,96,1,12.8
2026-04-11,11,4,2,42,1,12.9
2026-04-11,12,4,1,202,1,15.8
2026-04-11,12,4,2,78,0,15.4
2026-04-11,13,4,1,90,1,12.2
2026-04-11,13,4,2,43,1,11.7
2026-04-11,14,5,1,79,2,10.0
2026-04-11,14,5,2,32,1,9.8
2026-04-11,15,9,1,111,3,8.4
2026-04-11,15,9,2,52,2,8.0
2026-04-11,16,9,1,81,2,9.0
2026-04-11,16,9,2,39,1,8.5
2026-04-11,17,6,1,267,9,7.8
2026-04-11,17,6,2,129,5,8.0
2026-04-11,18,6,1,157,7,6.7
2026-04-11,18,6,2,56,3,6.0
2026-04-11,19,6,1,189,1,15.1
2026-04-11,19,6,2,88,0,15.3
2026-04-11,20,11,1,262,0,18.7
2026-04-11,20,11,2,106,0,18.0
2026-04-11,21,11,1,37,1,8.5
2026-04-11,21,11,2,24,1,8.5
2026-04-11,22,2,1,121,0,16.6
2026-04-11,22,2,2,59,0,16.0
2026-04-12,1,1,1,22,13,1.5
2026-04-12,1,1,2,14,6,1.3
2026-04-12,2,10,1,7,4,1.0
2026-04-12,2,10,2,4,1,1.7
2026-04-12,3,12,1,5,3,1.9
2026-04-12,3,12,2,2,1,1.7
2026-04-12,4,2,1,125,2,11.0
2026-04-12,4,2,2,72,2,10.4
2026-04-12,5,2,1,139,1,13.7
2026-04-12,5,2,2,78,1,13.1
2026-04-12,6,2,1,105,2,11.1
2026-04-12,6,2,2,58,1,11.5
2026-04-12,7,3,1,157,4,9.4
2026-04-12,7,3,2,86,3,9.2
2026-04-12,8,8,1,192,8,7.4
2026-04-12,8,8,2,73,3,7.1
2026-04-12,9,8,1,76,2,9.2
2026-04-12,9,8,2,34,1,9.5
2026-04-12,10,7,1,195,7,6.2
2026-04-12,10,7,2,100,6,6.0
2026-04-12,11,4,1,93,1,12.6
2026-04-12,11,4,2,46,1,12.0
2026-04-12,12,4,1,171,1,15.2
2026-04-12,12,4,2,79,0,15.5
2026-04-12,13,4,1,82,1,12.0
2026-04-12,13,4,2,48,1,12.1
2026-04-12,14,5,1,50,1,10.3
2026-04-12,14,5,2,43,1,10.0
2026-04-12,15,9,1,106,3,7.6
2026-04-12,15,9,2,43,2,7.9
2026-04-12,16,9,1,94,3,8.5
2026-04-12,16,9,2,35,1,8.6
2026-04-12,17,6,1,325,10,8.3
2026-04-12,17,6,2,132,5,8.0
2026-04-12,18,6,1,116,5,7.2
2026-04-12,18,6,2,65,3,6.7
2026-04-12,19,6,1,192,1,15.7
2026-04-12,19,6,2,70,0,15.0
2026-04-12,20,11,1,213,0,18.3
2026-04-12,20,11,2,109,0,18.3
2026-04-12,21,11,1,43,1,9.0
2026-04-12,21,11,2,20,1,8.2
2026-04-12,22,2,1,113,0,16.8
2026-04-12,22,2,2,71,0,16.3
2026-04-13,1,1,1,33,14,1.5
2026-04-13,1,1,2,16,6,1.5
2026-04-13,2,10,1,8,4,1.6
2026-04-13,2,10,2,4,2,1.8
2026-04-13,3,12,1,6,3,1.6
2026-04-13,3,12,2,3,2,1.5
2026-04-13,4,2,1,165,3,10.7
2026-04-13,4,2,2,69,2,10.1
2026-04-13,5,2,1,194,1,13.3
2026-04-13,5,2,2,103,1,13.1
2026-04-13,6,2,1,138,2,11.8
2026-04-13,6,2,2,77,1,11.6
2026-04-13,7,3,1,173,5,9.1
2026-04-13,7,3,2,75,2,9.4
2026-04-13,8,8,1,226,8,7.4
2026-04-13,8,8,2,105,4,7.3
2026-04-13,9,8,1,82,2,9.6
2026-04-13,9,8,2,40,1,10.0
2026-04-13,10,7,1,361,14,6.6
2026-04-13,10,7,2,140,7,6.5
2026-04-13,11,4,1,98,1,12.6
2026-04-13,11,4,2,45,1,12.6
2026-04-13,12,4,1,224,1,15.1
2026-04-13,12,4,2,121,0,15.2
2026-04-13,13,4,1,127,2,11.7
2026-04-13,13,4,2,51,1,12.3
2026-04-13,14,5,1,101,2,10.2
2026-04-13,14,5,2,44,1,10.7
2026-04-13,15,9,1,141,4,8.0
2026-04-13,15,9,2,54,2,7.7
2026-04-13,16,9,1,90,2,9.0
2026-04-13,16,9,2,59,2,8.5
2026-04-13,17,6,1,344,9,8.3
2026-04-13,17,6,2,154,6,8.0
2026-04-13,18,6,1,205,8,7.3
2026-04-13,18,6,2,82,5,6.2
2026-04-13,19,6,1,216,1,15.5
2026-04-13,19,6,2,107,0,15.4
2026-04-13,20,11,1,270,0,17.9
2026-04-13,20,11,2,117,0,18.4
2026-04-13,21,11,1,46,1,8.6
2026-04-13,21,11,2,23,1,9.0
2026-04-13,22,2,1,166,0,16.6
2026-04-13,22,2,2,78,0,16.8
2026-04-14,1,1,1,29,11,1.5
2026-04-14,1,1,2,14,5,1.5
2026-04-14,2,10,1,8,3,1.3
2026-04-14,2,10,2,5,2,1.5
2026-04-14,3,12,1,5,2,2.1
2026-04-14,3,12,2,3,2,1.5
2026-04-14,4,2,1,152,3,11.4
2026-04-14,4,2,2,67,1,10.4
2026-04-14,5,2,1,238,2,13.3
2026-04-14,5,2,2,109,1,13.2
2026-04-14,6,2,1,141,1,11.9
2026-04-14,6,2,2,84,1,11.3
2026-04-14,7,3,1,212,4,9.3
2026-04-14,7,3,2,95,3,8.6
2026-04-14,8,8,1,269,11,7.0
2026-04-14,8,8,2,110,4,7.7
2026-04-14,9,8,1,85,2,9.5
2026-04-14,9,8,2,47,1,9.6
2026-04-14,10,7,1,299,15,6.3
2026-04-14,10,7,2,136,9,6.2
2026-04-14,11,4,1,125,1,12.4
2026-04-14,11,4,2,49,0,12.5
2026-04-14,12,4,1,215,1,15.3
2026-04-14,12,4,2,94,0,15.5
2026-04-14,13,4,1,103,1,12.5
2026-04-14,13,4,2,43,0,12.7
2026-04-14,14,5,1,87,2,9.9
2026-04-14,14,5,2,36,1,10.0
2026-04-14,15,9,1,125,5,7.7
2026-04-14,15,9,2,52,2,7.9
2026-04-14,16,9,1,109,3,8.8
2026-04-14,16,9,2,49,1,8.4
2026-04-14,17,6,1,360,8,8.2
2026-04-14,17,6,2,148,5,7.8
2026-04-14,18,6,1,183,7,6.9
2026-04-14,18,6,2,84,3,6.3
2026-04-14,19,6,1,194,1,15.1
2026-04-14,19,6,2,79,0,15.6
2026-04-14,20,11,1,268,0,18.2
2026-04-14,20,11,2,101,0,18.3
2026-04-14,21,11,1,53,1,9.4
2026-04-14,21,11,2,24,1,8.7
2026-04-14,22,2,1,155,1,16.2
2026-04-14,22,2,2,61,0,16.3
2026-04-15,1,1,1,30,11,1.1
2026-04-15,1,1,2,12,5,1.2
2026-04-15,2,10,1,10,4,1.3
2026-04-15,2,10,2,4,2,1.4
2026-04-15,3,12,1,5,3,1.7
2026-04-15,3,12,2,3,1,1.6
2026-04-15,4,2,1,137,2,10.7
2026-04-15,4,2,2,70,2,10.2
2026-04-15,5,2,1,191,2,12.8
2026-04-15,5,2,2,101,1,13.0
2026-04-15,6,2,1,133,1,12.0
2026-04-15,6,2,2,59,1,11.3
2026-04-15,7,3,1,230,6,8.7
2026-04-15,7,3,2,94,3,9.1
2026-04-15,8,8,1,253,7,7.9
2026-04-15,8,8,2,117,5,7.3
2026-04-15,9,8,1,94,2,9.6
2026-04-15,9,8,2,40,1,9.4
2026-04-15,10,7,1,304,23,5.8
2026-04-15,10,7,2,168,9,6.4
2026-04-15,11,4,1,105,1,12.9
2026-04-15,11,4,2,57,1,12.1
2026-04-15,12,4,1,205,1,15.2
2026-04-15,12,4,2,98,0,15.1
2026-04-15,13,4,1,99,1,12.3
2026-04-15,13,4,2,57,1,11.1
2026-04-15,14,5,1,94,2,9.7
2026-04-15,14,5,2,46,1,9.6
2026-04-15,15,9,1,130,4,7.7
2026-04-15,15,9,2,51,2,7.6
2026-04-15,16,9,1,109,3,8.1
2026-04-15,16,9,2,50,2,8.3
2026-04-15,17,6,1,275,6,8.7
2026-04-15,17,6,2,192,5,7.9
2026-04-15,18,6,1,179,8,7.0
2026-04-15,18,6,2,95,6,6.4
2026-04-15,19,6,1,211,1,15.5
2026-04-15,19,6,2,81,0,15.6
2026-04-15,20,11,1,234,0,17.9
2026-04-15,20,11,2,101,0,18.2
2026-04-15,21,11,1,39,1,8.9
2026-04-15,21,11,2,27,1,9.3
2026-04-15,22,2,1,182,0,16.7
2026-04-15,22,2,2,68,0,16.7
2026-04-16,1,1,1,29,11,1.3
2026-04-16,1,1,2,15,6,1.6
2026-04-16,2,10,1,9,4,1.1
2026-04-16,2,10,2,5,3,1.5
2026-04-16,3,12,1,4,2,1.8
2026-04-16,3,12,2,2,1,1.3
2026-04-16,4,2,1,166,2,11.0
2026-04-16,4,2,2,67,1,11.0
2026-04-16,5,2,1,187,2,12.9
2026-04-16,5,2,2,90,1,13.3
2026-04-16,6,2,1,166,2,11.4
2026-04-16,6,2,2,54,1,11.0
2026-04-16,7,3,1,280,7,8.8
2026-04-16,7,3,2,95,3,9.1
2026-04-16,8,8,1,245,10,6.8
2026-04-16,8,8,2,127,5,7.5
2026-04-16,9,8,1,94,2,9.9
2026-04-16,9,8,2,48,1,9.3
2026-04-16,10,7,1,327,14,6.0
2026-04-16,10,7,2,146,10,6.2
2026-04-16,11,4,1,114,1,12.3
2026-04-16,11,4,2,47,1,12.0
2026-04-16,12,4,1,214,1,15.5
2026-04-16,12,4,2,106,1,14.8
2026-04-16,13,4,1,109,1,11.9
2026-04-16,13,4,2,50,1,11.7
2026-04-16,14,5,1,97,2,10.7
2026-04-16,14,5,2,46,1,10.0
2026-04-16,15,9,1,132,4,7.8
2026-04-16,15,9,2,57,2,7.3
2026-04-16,16,9,1,114,2,9.1
2026-04-16,16,9,2,52,1,9.0
2026-04-16,17,6,1,327,12,7.8
2026-04-16,17,6,2,165,5,7.8
2026-04-16,18,6,1,174,6,7.2
2026-04-16,18,6,2,80,3,6.9
2026-04-16,19,6,1,196,0,15.7
2026-04-16,19,6,2,83,0,15.4
2026-04-16,20,11,1,252,0,18.4
2026-04-16,20,11,2,109,0,17.9
2026-04-16,21,11,1,56,1,9.3
2026-04-16,21,11,2,26,1,8.9
2026-04-16,22,2,1,172,1,16.7
2026-04-16,22,2,2,67,0,16.4
2026-04-17,1,1,1,28,11,1.7
2026-04-17,1,1,2,13,7,1.3
2026-04-17,2,10,1,9,5,1.6
2026-04-17,2,10,2,4,2,1.3
2026-04-17,3,12,1,5,3,1.6
2026-04-17,3,12,2,3,1,1.8
2026-04-17,4,2,1,163,3,11.0
2026-04-17,4,2,2,102,2,10.5
2026-04-17,5,2,1,188,1,13.7
2026-04-17,5,2,2,109,1,13.5
2026-04-17,6,2,1,160,2,10.9
2026-04-17,6,2,2,57,1,11.4
2026-04-17,7,3,1,178,4,9.4
2026-04-17,7,3,2,86,2,8.8
2026-04-17,8,8,1,239,6,7.9
2026-04-17,8,8,2,121,7,6.9
2026-04-17,9,8,1,103,2,9.7
2026-04-17,9,8,2,43,1,9.9
2026-04-17,10,7,1,316,12,6.1
2026-04-17,10,7,2,145,8,6.1
2026-04-17,11,4,1,109,1,12.6
2026-04-17,11,4,2,56,1,12.3
2026-04-17,12,4,1,224,1,15.0
2026-04-17,12,4,2,113,1,14.8
2026-04-17,13,4,1,121,1,12.1
2026-04-17,13,4,2,46,1,12.1
2026-04-17,14,5,1,81,2,10.1
2026-04-17,14,5,2,43,1,10.1
2026-04-17,15,9,1,118,4,7.7
2026-04-17,15,9,2,45,1,7.5
2026-04-17,16,9,1,125,3,9.2
2026-04-17,16,9,2,55,2,8.4
2026-04-17,17,6,1,334,8,8.3
2026-04-17,17,6,2,150,7,8.1
2026-04-17,18,6,1,179,9,7.5
2026-04-17,18,6,2,72,3,6.7
2026-04-17,19,6,1,192,1,15.4
2026-04-17,19,6,2,103,0,15.6
2026-04-17,20,11,1,261,0,18.3
2026-04-17,20,11,2,131,0,18.1
2026-04-17,21,11,1,42,1,9.1
2026-04-17,21,11,2,24,1,8.2
2026-04-17,22,2,1,157,1,15.5
2026-04-17,22,2,2,82,0,16.3
2026-04-18,1,1,1,26,8,1.4
2026-04-18,1,1,2,12,5,1.4
2026-04-18,2,10,1,8,3,1.0
2026-04-18,2,10,2,3,1,1.3
2026-04-18,3,12,1,4,2,2.2
2026-04-18,3,12,2,2,2,1.6
2026-04-18,4,2,1,155,2,11.3
2026-04-18,4,2,2,77,1,10.8
2026-04-18,5,2,1,173,1,13.1
2026-04-18,5,2,2,83,1,13.4
2026-04-18,6,2,1,123,2,11.1
2026-04-18,6,2,2,65,1,11.6
2026-04-18,7,3,1,151,4,8.8
2026-04-18,7,3,2,65,3,8.6
2026-04-18,8,8,1,181,5,7.8
2026-04-18,8,8,2,100,5,6.7
2026-04-18,9,8,1,71,1,9.8
2026-04-18,9,8,2,36,1,9.7
2026-04-18,10,7,1,225,10,6.5
2026-04-18,10,7,2,113,4,6.7
2026-04-18,11,4,1,87,1,12.0
2026-04-18,11,4,2,43,0,13.4
2026-04-18,12,4,1,233,1,15.5
2026-04-18,12,4,2,94,0,15.4
2026-04-18,13,4,1,89,1,12.2
2026-04-18,13,4,2,37,1,11.9
2026-04-18,14,5,1,66,1,10.0
2026-04-18,14,5,2,34,1,10.1
2026-04-18,15,9,1,103,3,7.3
2026-04-18,15,9,2,49,2,7.1
2026-04-18,16,9,1,81,2,8.5
2026-04-18,16,9,2,38,1,8.3
2026-04-18,17,6,1,284,4,8.9
2026-04-18,17,6,2,132,5,7.9
2026-04-18,18,6,1,141,9,6.1
2026-04-18,18,6,2,61,3,6.6
2026-04-18,19,6,1,141,1,15.4
2026-04-18,19,6,2,84,0,15.1
2026-04-18,20,11,1,205,0,18.3
2026-04-18,20,11,2,109,0,17.9
2026-04-18,21,11,1,41,1,8.9
2026-04-18,21,11,2,23,1,8.5
2026-04-18,22,2,1,137,0,16.8
2026-04-18,22,2,2,81,0,16.1
2026-04-19,1,1,1,24,9,2.1
2026-04-19,1,1,2,11,5,1.6
2026-04-19,2,10,1,7,3,2.2
2026-04-19,2,10,2,3,2,1.2
2026-04-19,3,12,1,4,2,2.2
2026-04-19,3,12,2,2,1,1.9
2026-04-19,4,2,1,137,2,10.8
2026-04-19,4,2,2,69,2,10.2
2026-04-19,5,2,1,173,2,12.9
2026-04-19,5,2,2,104,1,13.5
2026-04-19,6,2,1,141,2,11.6
2026-04-19,6,2,2,53,1,11.3
2026-04-19,7,3,1,172,4,9.0
2026-04-19,7,3,2,72,3,9.1
2026-04-19,8,8,1,178,6,7.2
2026-04-19,8,8,2,87,4,7.1
2026-04-19,9,8,1,68,2,9.4
2026-04-19,9,8,2,39,1,9.7
2026-04-19,10,7,1,231,10,6.4
2026-04-19,10,7,2,100,7,6.0
2026-04-19,11,4,1,83,1,12.8
2026-04-19,11,4,2,40,1,12.3
2026-04-19,12,4,1,203,1,15.3
2026-04-19,12,4,2,75,0,15.2
2026-04-19,13,4,1,92,1,12.1
2026-04-19,13,4,2,36,0,12.1
2026-04-19,14,5,1,81,1,10.5
2026-04-19,14,5,2,36,1,9.8
2026-04-19,15,9,1,101,3,7.4
2026-04-19,15,9,2,51,2,7.8
2026-04-19,16,9,1,73,2,9.4
2026-04-19,16,9,2,43,1,8.2
2026-04-19,17,6,1,290,11,7.8
2026-04-19,17,6,2,135,4,8.0
2026-04-19,18,6,1,133,6,6.6
2026-04-19,18,6,2,67,4,6.6
2026-04-19,19,6,1,166,0,15.9
2026-04-19,19,6,2,67,0,15.3
2026-04-19,20,11,1,201,0,18.3
2026-04-19,20,11,2,106,0,18.1
2026-04-19,21,11,1,39,1,9.1
2026-04-19,21,11,2,21,1,8.9
2026-04-19,22,2,1,129,0,16.6
2026-04-19,22,2,2,63,0,15.6
2026-04-20,1,1,1,27,10,1.0
2026-04-20,1,1,2,13,8,1.1
2026-04-20,2,10,1,8,3,1.6
2026-04-20,2,10,2,4,2,1.3
2026-04-20,3,12,1,7,3,2.0
2026-04-20,3,12,2,4,2,2.3
2026-04-20,4,2,1,166,3,10.8
2026-04-20,4,2,2,86,2,10.4
2026-04-20,5,2,1,227,1,13.3
2026-04-20,5,2,2,102,1,13.4
2026-04-20,6,2,1,152,2,11.0
2026-04-20,6,2,2,61,1,10.9
2026-04-20,7,3,1,261,6,8.9
2026-04-20,7,3,2,98,4,9.0
2026-04-20,8,8,1,213,8,6.7
2026-04-20,8,8,2,121,6,7.1
2026-04-20,9,8,1,83,2,9.5
2026-04-20,9,8,2,51,1,9.7
2026-04-20,10,7,1,263,14,6.5
2026-04-20,10,7,2,192,15,6.0
2026-04-20,11,4,1,100,1,12.3
2026-04-20,11,4,2,51,1,12.0
2026-04-20,12,4,1,229,1,15.0
2026-04-20,12,4,2,107,1,14.9
2026-04-20,13,4,1,111,1,12.0
2026-04-20,13,4,2,51,1,11.9
2026-04-20,14,5,1,104,2,10.6
2026-04-20,14,5,2,40,1,9.4
2026-04-20,15,9,1,126,4,8.0
2026-04-20,15,9,2,56,2,8.0
2026-04-20,16,9,1,121,2,9.0
2026-04-20,16,9,2,52,1,8.4
2026-04-20,17,6,1,278,9,7.6
2026-04-20,17,6,2,155,5,8.0
2026-04-20,18,6,1,174,6,6.8
2026-04-20,18,6,2,70,4,6.8
2026-04-20,19,6,1,177,1,15.4
2026-04-20,19,6,2,115,1,15.0
2026-04-20,20,11,1,338,1,18.3
2026-04-20,20,11,2,91,0,18.5
2026-04-20,21,11,1,40,1,9.1
2026-04-20,21,11,2,27,1,9.0
2026-04-20,22,2,1,151,0,16.2
2026-04-20,22,2,2,81,0,16.0
2026-04-21,1,1,1,33,22,1.5
2026-04-21,1,1,2,12,5,1.0
2026-04-21,2,10,1,9,3,1.3
2026-04-21,2,10,2,5,2,1.3
2026-04-21,3,12,1,6,2,2.1
2026-04-21,3,12,2,3,2,1.6
2026-04-21,4,2,1,161,2,11.2
2026-04-21,4,2,2,98,2,10.7
2026-04-21,5,2,1,188,1,13.1
2026-04-21,5,2,2,93,1,13.2
2026-04-21,6,2,1,149,1,11.5
2026-04-21,6,2,2,73,1,10.9
2026-04-21,7,3,1,184,6,9.0
2026-04-21,7,3,2,88,3,9.3
2026-04-21,8,8,1,282,10,7.6
2026-04-21,8,8,2,109,6,7.2
2026-04-21,9,8,1,102,2,9.6
2026-04-21,9,8,2,51,1,9.6
2026-04-21,10,7,1,301,14,6.4
2026-04-21,10,7,2,153,7,6.2
2026-04-21,11,4,1,112,1,12.6
2026-04-21,11,4,2,64,1,11.7
2026-04-21,12,4,1,252,1,15.4
2026-04-21,12,4,2,97,0,14.8
2026-04-21,13,4,1,118,2,11.6
2026-04-21,13,4,2,56,1,11.9
2026-04-21,14,5,1,84,1,10.3
2026-04-21,14,5,2,42,1,9.9
2026-04-21,15,9,1,128,4,7.8
2026-04-21,15,9,2,58,3,7.5
2026-04-21,16,9,1,105,2,9.0
2026-04-21,16,9,2,58,2,8.5
2026-04-21,17,6,1,350,11,8.3
2026-04-21,17,6,2,153,5,7.9
2026-04-21,18,6,1,186,9,6.3
2026-04-21,18,6,2,83,4,6.4
2026-04-21,19,6,1,165,0,15.9
2026-04-21,19,6,2,117,0,15.0
2026-04-21,20,11,1,273,0,17.7
2026-04-21,20,11,2,114,0,17.9
2026-04-21,21,11,1,50,1,9.4
2026-04-21,21,11,2,20,1,8.9
2026-04-21,22,2,1,167,0,16.0
2026-04-21,22,2,2,91,0,16.0
2026-04-22,1,1,1,28,11,1.3
2026-04-22,1,1,2,12,5,1.4
2026-04-22,2,10,1,10,4,1.6
2026-04-22,2,10,2,4,2,1.2
2026-04-22,3,12,1,7,3,1.8
2026-04-22,3,12,2,2,1,1.7
2026-04-22,4,2,1,162,2,10.9
2026-04-22,4,2,2,77,2,10.4
2026-04-22,5,2,1,183,1,13.5
2026-04-22,5,2,2,98,1,12.9
2026-04-22,6,2,1,132,2,11.8
2026-04-22,6,2,2,69,1,11.5
2026-04-22,7,3,1,213,5,9.1
2026-04-22,7,3,2,102,4,8.4
2026-04-22,8,8,1,223,10,7.3
2026-04-22,8,8,2,125,6,6.8
2026-04-22,9,8,1,95,2,9.3
2026-04-22,9,8,2,47,1,9.6
2026-04-22,10,7,1,294,14,6.3
2026-04-22,10,7,2,124,6,6.3
2026-04-22,11,4,1,124,1,12.9
2026-04-22,11,4,2,56,1,12.3
2026-04-22,12,4,1,211,1,15.0
2026-04-22,12,4,2,110,0,15.0
2026-04-22,13,4,1,96,1,11.8
2026-04-22,13,4,2,51,1,11.7
2026-04-22,14,5,1,78,2,9.2
2026-04-22,14,5,2,50,1,9.4
2026-04-22,15,9,1,128,4,8.0
2026-04-22,15,9,2,67,3,7.5
2026-04-22,16,9,1,112,3,8.5
2026-04-22,16,9,2,54,1,8.8
2026-04-22,17,6,1,390,13,7.7
2026-04-22,17,6,2,119,5,7.6
2026-04-22,18,6,1,171,5,6.9
2026-04-22,18,6,2,102,5,6.8
2026-04-22,19,6,1,207,1,15.5
2026-04-22,19,6,2,95,0,14.8
2026-04-22,20,11,1,306,0,18.3
2026-04-22,20,11,2,133,0,18.0
2026-04-22,21,11,1,41,1,8.5
2026-04-22,21,11,2,23,1,8.7
2026-04-22,22,2,1,158,0,16.4
2026-04-22,22,2,2,72,0,16.1
2026-04-23,1,1,1,23,11,1.8
2026-04-23,1,1,2,14,8,1.2
2026-04-23,2,10,1,8,3,1.9
2026-04-23,2,10,2,6,3,1.4
2026-04-23,3,12,1,6,2,2.0
2026-04-23,3,12,2,2,1,1.9
2026-04-23,4,2,1,196,3,10.6
2026-04-23,4,2,2,75,2,10.6
2026-04-23,5,2,1,218,2,13.1
2026-04-23,5,2,2,96,1,12.4
2026-04-23,6,2,1,148,1,11.5
2026-04-23,6,2,2,80,1,11.2
2026-04-23,7,3,1,164,4,9.2
2026-04-23,7,3,2,109,3,8.7
2026-04-23,8,8,1,251,11,6.9
2026-04-23,8,8,2,103,5,6.9
2026-04-23,9,8,1,99,2,9.5
2026-04-23,9,8,2,46,1,9.3
2026-04-23,10,7,1,288,17,5.5
2026-04-23,10,7,2,164,11,6.1
2026-04-23,11,4,1,122,1,12.3
2026-04-23,11,4,2,60,1,12.5
2026-04-23,12,4,1,243,1,15.2
2026-04-23,12,4,2,112,1,14.8
2026-04-23,13,4,1,96,1,11.7
2026-04-23,13,4,2,49,1,11.0
2026-04-23,14,5,1,70,1,10.6
2026-04-23,14,5,2,46,1,9.6
2026-04-23,15,9,1,121,3,7.7
2026-04-23,15,9,2,59,2,7.7
2026-04-23,16,9,1,95,3,8.0
2026-04-23,16,9,2,47,2,8.6
2026-04-23,17,6,1,419,13,8.1
2026-04-23,17,6,2,197,7,7.9
2026-04-23,18,6,1,200,8,6.8
2026-04-23,18,6,2,78,4,6.6
2026-04-23,19,6,1,217,1,15.3
2026-04-23,19,6,2,107,1,14.9
2026-04-23,20,11,1,252,0,18.6
2026-04-23,20,11,2,124,0,18.2
2026-04-23,21,11,1,52,1,8.9
2026-04-23,21,11,2,24,1,8.3
2026-04-23,22,2,1,144,0,16.5
2026-04-23,22,2,2,84,1,15.9
2026-04-24,1,1,1,29,14,1.4
2026-04-24,1,1,2,13,6,1.5
2026-04-24,2,10,1,8,3,1.8
2026-04-24,2,10,2,4,2,1.0
2026-04-24,3,12,1,5,2,2.2
2026-04-24,3,12,2,3,1,2.0
2026-04-24,4,2,1,201,3,11.0
2026-04-24,4,2,2,79,2,10.3
2026-04-24,5,2,1,234,2,13.3
2026-04-24,5,2,2,119,1,12.9
2026-04-24,6,2,1,144,1,12.0
2026-04-24,6,2,2,73,1,11.3
2026-04-24,7,3,1,261,7,9.4
2026-04-24,7,3,2,85,3,9.0
2026-04-24,8,8,1,252,8,7.2
2026-04-24,8,8,2,127,6,7.4
2026-04-24,9,8,1,103,3,9.1
2026-04-24,9,8,2,53,1,9.4
2026-04-24,10,7,1,324,19,6.0
2026-04-24,10,7,2,125,9,5.7
2026-04-24,11,4,1,99,1,12.4
2026-04-24,11,4,2,47,1,12.5
2026-04-24,12,4,1,249,1,15.1
2026-04-24,12,4,2,104,0,14.4
2026-04-24,13,4,1,100,1,12.4
2026-04-24,13,4,2,44,1,12.0
2026-04-24,14,5,1,88,2,10.2
2026-04-24,14,5,2,41,1,9.8
2026-04-24,15,9,1,112,3,7.7
2026-04-24,15,9,2,55,2,7.2
2026-04-24,16,9,1,120,2,8.8
2026-04-24,16,9,2,56,2,8.5
2026-04-24,17,6,1,401,12,7.8
2026-04-24,17,6,2,155,8,7.6
2026-04-24,18,6,1,205,10,6.3
2026-04-24,18,6,2,81,4,6.9
2026-04-24,19,6,1,197,1,15.5
2026-04-24,19,6,2,95,0,15.2
2026-04-24,20,11,1,284,0,17.9
2026-04-24,20,11,2,124,0,17.8
2026-04-24,21,11,1,43,1,8.7
2026-04-24,21,11,2,25,1,8.5
2026-04-24,22,2,1,175,1,15.9
2026-04-24,22,2,2,72,0,16.0
2026-04-25,1,1,1,27,13,1.6
2026-04-25,1,1,2,11,7,1.1
2026-04-25,2,10,1,8,3,1.4
2026-04-25,2,10,2,3,1,1.2
2026-04-25,3,12,1,5,2,2.1
2026-04-25,3,12,2,2,1,2.4
2026-04-25,4,2,1,166,3,10.6
2026-04-25,4,2,2,72,2,10.3
2026-04-25,5,2,1,154,1,13.5
2026-04-25,5,2,2,75,1,12.4
2026-04-25,6,2,1,146,3,11.1
2026-04-25,6,2,2,59,1,11.2
2026-04-25,7,3,1,160,4,9.4
2026-04-25,7,3,2,63,2,9.4
2026-04-25,8,8,1,183,6,7.1
2026-04-25,8,8,2,98,5,7.1
2026-04-25,9,8,1,77,2,9.5
2026-04-25,9,8,2,38,1,10.1
2026-04-25,10,7,1,271,12,6.2
2026-04-25,10,7,2,136,8,6.0
2026-04-25,11,4,1,93,1,12.7
2026-04-25,11,4,2,53,1,12.4
2026-04-25,12,4,1,225,1,15.5
2026-04-25,12,4,2,93,0,15.4
2026-04-25,13,4,1,81,1,11.9
2026-04-25,13,4,2,40,1,11.3
2026-04-25,14,5,1,77,2,10.1
2026-04-25,14,5,2,33,1,9.8
2026-04-25,15,9,1,98,4,7.6
2026-04-25,15,9,2,49,2,7.9
2026-04-25,16,9,1,92,2,8.3
2026-04-25,16,9,2,39,1,8.9
2026-04-25,17,6,1,306,9,8.6
2026-04-25,17,6,2,148,5,7.7
2026-04-25,18,6,1,151,6,6.7
2026-04-25,18,6,2,69,5,6.1
2026-04-25,19,6,1,145,1,15.2
2026-04-25,19,6,2,65,0,15.5
2026-04-25,20,11,1,213,0,17.8
2026-04-25,20,11,2,84,0,18.3
2026-04-25,21,11,1,38,1,8.6
2026-04-25,21,11,2,23,1,8.2
2026-04-25,22,2,1,113,0,16.5
2026-04-25,22,2,2,84,0,16.0
2026-04-26,1,1,1,23,9,1.6
2026-04-26,1,1,2,12,6,1.1
2026-04-26,2,10,1,9,5,1.5
2026-04-26,2,10,2,3,1,1.3
2026-04-26,3,12,1,5,2,1.9
2026-04-26,3,12,2,2,1,1.5
2026-04-26,4,2,1,138,2,11.0
2026-04-26,4,2,2,66,2,10.4
2026-04-26,5,2,1,187,2,12.9
2026-04-26,5,2,2,84,1,13.3
2026-04-26,6,2,1,138,1,11.5
2026-04-26,6,2,2,66,1,11.5
2026-04-26,7,3,1,208,5,8.7
2026-04-26,7,3,2,75,3,9.1
2026-04-26,8,8,1,205,7,7.6
2026-04-26,8,8,2,115,4,7.8
2026-04-26,9,8,1,62,1,9.5
2026-04-26,9,8,2,39,1,9.5
2026-04-26,10,7,1,218,11,6.1
2026-04-26,10,7,2,87,5,6.2
2026-04-26,11,4,1,97,1,12.5
2026-04-26,11,4,2,45,1,12.5
2026-04-26,12,4,1,204,1,15.0
2026-04-26,12,4,2,106,0,15.0
2026-04-26,13,4,1,70,1,11.6
2026-04-26,13,4,2,49,1,11.8
2026-04-26,14,5,1,74,2,10.8
2026-04-26,14,5,2,31,1,9.8
2026-04-26,15,9,1,85,4,7.7
2026-04-26,15,9,2,59,2,7.5
2026-04-26,16,9,1,92,2,9.0
2026-04-26,16,9,2,34,1,9.0
2026-04-26,17,6,1,351,12,8.1
2026-04-26,17,6,2,127,6,8.0
2026-04-26,18,6,1,172,8,6.7
2026-04-26,18,6,2,66,4,6.2
2026-04-26,19,6,1,196,0,15.7
2026-04-26,19,6,2,87,0,15.4
2026-04-26,20,11,1,165,0,18.4
2026-04-26,20,11,2,110,0,17.4
2026-04-26,21,11,1,47,1,9.0
2026-04-26,21,11,2,19,1,8.7
2026-04-26,22,2,1,133,0,16.0
2026-04-26,22,2,2,62,0,16.4
2026-04-27,1,1,1,27,11,1.9
2026-04-27,1,1,2,16,8,1.6
2026-04-27,2,10,1,10,3,2.0
2026-04-27,2,10,2,4,2,1.3
2026-04-27,3,12,1,7,2,2.2
2026-04-27,3,12,2,3,1,1.8
2026-04-27,4,2,1,208,3,10.3
2026-04-27,4,2,2,84,2,10.7
2026-04-27,5,2,1,195,2,13.2
2026-04-27,5,2,2,102,1,12.7
2026-04-27,6,2,1,193,3,11.4
2026-04-27,6,2,2,83,1,11.5
2026-04-27,7,3,1,228,6,9.3
2026-04-27,7,3,2,108,4,8.7
2026-04-27,8,8,1,238,7,7.4
2026-04-27,8,8,2,125,6,6.6
2026-04-27,9,8,1,97,2,9.6
2026-04-27,9,8,2,47,1,9.4
2026-04-27,10,7,1,348,18,6.0
2026-04-27,10,7,2,130,7,6.3
2026-04-27,11,4,1,126,2,12.7
2026-04-27,11,4,2,64,1,12.4
2026-04-27,12,4,1,277,1,15.4
2026-04-27,12,4,2,123,1,14.8
2026-04-27,13,4,1,125,1,12.3
2026-04-27,13,4,2,58,1,11.8
2026-04-27,14,5,1,96,2,10.4
2026-04-27,14,5,2,49,2,9.4
2026-04-27,15,9,1,128,5,7.3
2026-04-27,15,9,2,51,2,7.7
2026-04-27,16,9,1,104,2,8.9
2026-04-27,16,9,2,56,2,8.1
2026-04-27,17,6,1,362,10,8.2
2026-04-27,17,6,2,191,8,7.9
2026-04-27,18,6,1,220,10,6.9
2026-04-27,18,6,2,90,4,6.8
2026-04-27,19,6,1,223,1,15.8
2026-04-27,19,6,2,105,0,15.3
2026-04-27,20,11,1,283,0,18.5
2026-04-27,20,11,2,104,0,18.0
2026-04-27,21,11,1,64,2,8.8
2026-04-27,21,11,2,22,1,8.7
2026-04-27,22,2,1,153,0,16.2
2026-04-27,22,2,2,93,0,15.7
2026-04-28,1,1,1,28,10,1.0
2026-04-28,1,1,2,17,12,1.0
2026-04-28,2,10,1,7,3,1.2
2026-04-28,2,10,2,4,2,1.4
2026-04-28,3,12,1,7,4,1.9
2026-04-28,3,12,2,4,2,1.6
2026-04-28,4,2,1,174,3,10.6
2026-04-28,4,2,2,72,2,10.0
2026-04-28,5,2,1,225,1,13.5
2026-04-28,5,2,2,102,1,13.1
2026-04-28,6,2,1,151,3,11.4
2026-04-28,6,2,2,69,1,11.0
2026-04-28,7,3,1,215,8,8.9
2026-04-28,7,3,2,93,3,9.1
2026-04-28,8,8,1,310,16,6.8
2026-04-28,8,8,2,121,6,6.9
2026-04-28,9,8,1,98,2,9.6
2026-04-28,9,8,2,51,1,9.5
2026-04-28,10,7,1,305,13,6.8
2026-04-28,10,7,2,138,7,6.5
2026-04-28,11,4,1,117,1,12.2
2026-04-28,11,4,2,61,1,12.4
2026-04-28,12,4,1,235,1,15.0
2026-04-28,12,4,2,112,0,14.6
2026-04-28,13,4,1,111,2,11.6
2026-04-28,13,4,2,51,1,11.4
2026-04-28,14,5,1,89,2,10.0
2026-04-28,14,5,2,43,2,9.6
2026-04-28,15,9,1,142,5,7.7
2026-04-28,15,9,2,62,3,7.4
2026-04-28,16,9,1,151,4,8.9
2026-04-28,16,9,2,50,2,8.6
2026-04-28,17,6,1,376,12,8.3
2026-04-28,17,6,2,182,6,8.3
2026-04-28,18,6,1,199,13,6.6
2026-04-28,18,6,2,91,6,6.6
2026-04-28,19,6,1,193,1,15.4
2026-04-28,19,6,2,96,0,15.1
2026-04-28,20,11,1,269,0,17.9
2026-04-28,20,11,2,127,0,17.8
2026-04-28,21,11,1,55,1,8.8
2026-04-28,21,11,2,26,1,8.2
2026-04-28,22,2,1,171,0,16.1
2026-04-28,22,2,2,74,0,16.6
2026-04-29,1,1,1,29,15,1.7
2026-04-29,1,1,2,12,8,1.0
2026-04-29,2,10,1,9,3,1.7
2026-04-29,2,10,2,4,2,1.4
2026-04-29,3,12,1,6,2,1.8
2026-04-29,3,12,2,2,1,1.7
2026-04-29,4,2,1,202,4,10.7
2026-04-29,4,2,2,89,3,10.4
2026-04-29,5,2,1,215,2,12.7
2026-04-29,5,2,2,111,1,12.6
2026-04-29,6,2,1,168,2,12.0
2026-04-29,6,2,2,78,1,10.7
2026-04-29,7,3,1,208,5,9.1
2026-04-29,7,3,2,96,3,8.6
2026-04-29,8,8,1,266,10,7.3
2026-04-29,8,8,2,135,4,7.3
2026-04-29,9,8,1,97,2,9.6
2026-04-29,9,8,2,54,1,9.7
2026-04-29,10,7,1,312,13,6.5
2026-04-29,10,7,2,140,9,6.2
2026-04-29,11,4,1,141,2,12.5
2026-04-29,11,4,2,53,1,11.9
2026-04-29,12,4,1,176,1,15.1
2026-04-29,12,4,2,114,1,14.7
2026-04-29,13,4,1,111,2,12.1
2026-04-29,13,4,2,57,1,11.9
2026-04-29,14,5,1,97,2,10.1
2026-04-29,14,5,2,50,2,9.3
2026-04-29,15,9,1,138,5,7.4
2026-04-29,15,9,2,56,2,7.6
2026-04-29,16,9,1,131,3,8.8
2026-04-29,16,9,2,54,2,8.6
2026-04-29,17,6,1,281,6,8.1
2026-04-29,17,6,2,183,7,7.9
2026-04-29,18,6,1,208,8,6.9
2026-04-29,18,6,2,92,4,6.9
2026-04-29,19,6,1,206,1,15.0
2026-04-29,19,6,2,91,0,15.0
2026-04-29,20,11,1,248,0,18.0
2026-04-29,20,11,2,141,0,18.3
2026-04-29,21,11,1,46,2,8.9
2026-04-29,21,11,2,31,1,8.2
2026-04-29,22,2,1,180,0,16.1
2026-04-29,22,2,2,84,0,15.8
2026-04-30,1,1,1,30,15,1.4
2026-04-30,1,1,2,14,5,1.1
2026-04-30,2,10,1,9,5,1.9
2026-04-30,2,10,2,4,3,1.0
2026-04-30,3,12,1,5,2,1.5
2026-04-30,3,12,2,2,1,1.7
2026-04-30,4,2,1,162,3,10.7
2026-04-30,4,2,2,82,3,9.8
2026-04-30,5,2,1,200,1,13.0
2026-04-30,5,2,2,109,1,12.4
2026-04-30,6,2,1,151,2,11.6
2026-04-30,6,2,2,67,2,11.1
2026-04-30,7,3,1,174,4,9.1
2026-04-30,7,3,2,100,3,9.0
2026-04-30,8,8,1,265,9,7.2
2026-04-30,8,8,2,118,6,6.5
2026-04-30,9,8,1,94,2,9.6
2026-04-30,9,8,2,50,2,9.6
2026-04-30,10,7,1,234,11,6.3
2026-04-30,10,7,2,143,11,5.6
2026-04-30,11,4,1,137,1,12.6
2026-04-30,11,4,2,61,1,12.4
2026-04-30,12,4,1,276,1,15.0
2026-04-30,12,4,2,115,0,14.9
2026-04-30,13,4,1,121,1,11.6
2026-04-30,13,4,2,54,1,11.5
2026-04-30,14,5,1,74,2,10.2
2026-04-30,14,5,2,44,1,9.9
2026-04-30,15,9,1,118,3,8.2
2026-04-30,15,9,2,67,2,8.0
2026-04-30,16,9,1,112,3,8.4
2026-04-30,16,9,2,50,2,8.1
2026-04-30,17,6,1,399,15,7.7
2026-04-30,17,6,2,173,6,8.6
2026-04-30,18,6,1,177,7,6.7
2026-04-30,18,6,2,90,5,6.6
2026-04-30,19,6,1,207,1,14.9
2026-04-30,19,6,2,114,0,15.5
2026-04-30,20,11,1,269,0,18.0
2026-04-30,20,11,2,106,0,18.1
2026-04-30,21,11,1,52,2,8.0
2026-04-30,21,11,2,28,2,7.9
2026-04-30,22,2,1,180,0,16.0
2026-04-30,22,2,2,92,0,16.1
2026-05-01,1,1,1,29,11,1.2
2026-05-01,1,1,2,16,6,1.0
2026-05-01,2,10,1,10,4,1.1
2026-05-01,2,10,2,4,3,2.0
2026-05-01,3,12,1,6,2,1.5
2026-05-01,3,12,2,3,1,1.4
2026-05-01,4,2,1,213,3,10.8
2026-05-01,4,2,2,86,2,10.6
2026-05-01,5,2,1,216,2,12.5
2026-05-01,5,2,2,117,1,12.9
2026-05-01,6,2,1,161,2,11.9
2026-05-01,6,2,2,62,1,10.8
2026-05-01,7,3,1,233,7,9.2
2026-05-01,7,3,2,99,3,8.3
2026-05-01,8,8,1,209,7,7.0
2026-05-01,8,8,2,122,4,6.9
2026-05-01,9,8,1,112,2,9.8
2026-05-01,9,8,2,49,1,9.6
2026-05-01,10,7,1,341,20,6.2
2026-05-01,10,7,2,148,10,5.9
2026-05-01,11,4,1,131,1,12.4
2026-05-01,11,4,2,52,1,12.0
2026-05-01,12,4,1,246,1,15.0
2026-05-01,12,4,2,113,1,14.8
2026-05-01,13,4,1,128,2,11.7
2026-05-01,13,4,2,50,1,11.6
2026-05-01,14,5,1,88,2,9.6
2026-05-01,14,5,2,45,1,10.1
2026-05-01,15,9,1,136,5,7.5
2026-05-01,15,9,2,55,2,7.3
2026-05-01,16,9,1,85,2,8.7
2026-05-01,16,9,2,39,1,8.6
2026-05-01,17,6,1,368,10,8.1
2026-05-01,17,6,2,149,5,7.6
2026-05-01,18,6,1,243,8,7.3
2026-05-01,18,6,2,84,5,6.7
2026-05-01,19,6,1,189,1,15.0
2026-05-01,19,6,2,109,0,14.7
2026-05-01,20,11,1,249,0,18.1
2026-05-01,20,11,2,124,0,17.4
2026-05-01,21,11,1,55,1,8.8
2026-05-01,21,11,2,26,1,8.5
2026-05-01,22,2,1,173,1,15.8
2026-05-01,22,2,2,85,0,15.7
2026-05-02,1,1,1,28,15,1.0
2026-05-02,1,1,2,10,4,1.1
2026-05-02,2,10,1,6,2,1.1
2026-05-02,2,10,2,4,2,1.5
2026-05-02,3,12,1,5,3,1.7
2026-05-02,3,12,2,3,2,2.0
2026-05-02,4,2,1,148,2,11.2
2026-05-02,4,2,2,72,1,11.1
2026-05-02,5,2,1,191,2,12.5
2026-05-02,5,2,2,85,1,12.7
2026-05-02,6,2,1,116,1,11.3
2026-05-02,6,2,2,57,1,10.7
2026-05-02,7,3,1,145,3,9.2
2026-05-02,7,3,2,77,2,9.1
2026-05-02,8,8,1,169,4,7.2
2026-05-02,8,8,2,102,4,6.8
2026-05-02,9,8,1,85,3,9.5
2026-05-02,9,8,2,38,1,10.0
2026-05-02,10,7,1,235,16,5.9
2026-05-02,10,7,2,117,7,5.9
2026-05-02,11,4,1,85,1,12.2
2026-05-02,11,4,2,39,1,12.0
2026-05-02,12,4,1,239,1,14.9
2026-05-02,12,4,2,98,0,15.2
2026-05-02,13,4,1,86,1,11.7
2026-05-02,13,4,2,59,1,11.4
2026-05-02,14,5,1,85,2,9.9
2026-05-02,14,5,2,42,1,9.8
2026-05-02,15,9,1,83,2,7.6
2026-05-02,15,9,2,51,2,7.0
2026-05-02,16,9,1,77,2,8.5
2026-05-02,16,9,2,46,1,8.8
2026-05-02,17,6,1,266,7,8.5
2026-05-02,17,6,2,150,7,7.9
2026-05-02,18,6,1,175,8,7.0
2026-05-02,18,6,2,66,4,6.4
2026-05-02,19,6,1,171,1,15.3
2026-05-02,19,6,2,80,0,15.0
2026-05-02,20,11,1,249,0,18.2
2026-05-02,20,11,2,112,0,17.9
2026-05-02,21,11,1,34,1,8.4
2026-05-02,21,11,2,24,1,8.3
2026-05-02,22,2,1,123,0,16.0
2026-05-02,22,2,2,52,0,15.1
2026-05-03,1,1,1,25,13,1.2
2026-05-03,1,1,2,9,4,1.1
2026-05-03,2,10,1,7,2,1.9
2026-05-03,2,10,2,3,1,1.0
2026-05-03,3,12,1,6,2,1.5
2026-05-03,3,12,2,2,1,2.1
2026-05-03,4,2,1,154,3,10.7
2026-05-03,4,2,2,79,2,10.3
2026-05-03,5,2,1,191,1,13.3
2026-05-03,5,2,2,94,1,12.6
2026-05-03,6,2,1,109,1,11.2
2026-05-03,6,2,2,66,2,10.7
2026-05-03,7,3,1,167,5,9.3
2026-05-03,7,3,2,59,3,8.7
2026-05-03,8,8,1,158,5,7.3
2026-05-03,8,8,2,94,3,7.0
2026-05-03,9,8,1,87,2,9.4
2026-05-03,9,8,2,43,1,10.4
2026-05-03,10,7,1,272,12,6.1
2026-05-03,10,7,2,123,7,6.3
2026-05-03,11,4,1,110,2,12.2
2026-05-03,11,4,2,38,1,12.3
2026-05-03,12,4,1,204,1,14.6
2026-05-03,12,4,2,90,0,14.8
2026-05-03,13,4,1,81,1,12.0
2026-05-03,13,4,2,40,1,11.4
2026-05-03,14,5,1,104,2,10.1
2026-05-03,14,5,2,41,1,10.4
2026-05-03,15,9,1,89,3,7.6
2026-05-03,15,9,2,48,2,7.0
2026-05-03,16,9,1,80,2,8.7
2026-05-03,16,9,2,36,1,7.9
2026-05-03,17,6,1,320,9,8.1
2026-05-03,17,6,2,94,3,7.6
2026-05-03,18,6,1,149,7,6.4
2026-05-03,18,6,2,67,3,7.4
2026-05-03,19,6,1,165,1,15.3
2026-05-03,19,6,2,81,0,15.0
2026-05-03,20,11,1,255,0,18.2
2026-05-03,20,11,2,125,0,17.9
2026-05-03,21,11,1,34,1,8.5
2026-05-03,21,11,2,21,1,8.9
2026-05-03,22,2,1,128,0,16.4
2026-05-03,22,2,2,63,0,16.0
2026-05-04,1,1,1,31,13,1.4
2026-05-04,1,1,2,15,6,1.2
2026-05-04,2,10,1,9,3,1.6
2026-05-04,2,10,2,5,2,1.4
2026-05-04,3,12,1,6,2,2.4
2026-05-04,3,12,2,3,1,1.9
2026-05-04,4,2,1,195,4,10.3
2026-05-04,4,2,2,78,2,9.9
2026-05-04,5,2,1,268,2,12.7
2026-05-04,5,2,2,109,1,12.5
2026-05-04,6,2,1,159,2,11.4
2026-05-04,6,2,2,59,1,10.2
2026-05-04,7,3,1,201,6,9.1
2026-05-04,7,3,2,94,4,8.6
2026-05-04,8,8,1,311,14,6.8
2026-05-04,8,8,2,118,7,6.8
2026-05-04,9,8,1,94,3,9.3
2026-05-04,9,8,2,49,1,9.3
2026-05-04,10,7,1,330,20,6.0
2026-05-04,10,7,2,154,11,6.3
2026-05-04,11,4,1,134,2,12.2
2026-05-04,11,4,2,53,1,12.9
2026-05-04,12,4,1,258,1,15.3
2026-05-04,12,4,2,103,0,14.6
2026-05-04,13,4,1,96,2,11.6
2026-05-04,13,4,2,58,1,11.6
2026-05-04,14,5,1,78,2,10.1
2026-05-04,14,5,2,39,1,9.8
2026-05-04,15,9,1,122,4,7.3
2026-05-04,15,9,2,54,2,7.5
2026-05-04,16,9,1,117,3,8.5
2026-05-04,16,9,2,67,3,7.8
2026-05-04,17,6,1,378,10,7.9
2026-05-04,17,6,2,166,6,7.4
2026-05-04,18,6,1,187,10,6.2
2026-05-04,18,6,2,102,6,5.5
2026-05-04,19,6,1,214,1,15.3
2026-05-04,19,6,2,103,0,15.3
2026-05-04,20,11,1,343,1,18.0
2026-05-04,20,11,2,107,0,17.7
2026-05-04,21,11,1,61,2,9.4
2026-05-04,21,11,2,21,1,8.5
2026-05-04,22,2,1,177,1,16.5
2026-05-04,22,2,2,59,0,16.3
2026-05-05,1,1,1,28,9,1.8
2026-05-05,1,1,2,12,8,1.2
2026-05-05,2,10,1,9,4,1.5
2026-05-05,2,10,2,5,2,1.5
2026-05-05,3,12,1,6,2,1.9
2026-05-05,3,12,2,3,1,1.9
2026-05-05,4,2,1,186,4,10.5
2026-05-05,4,2,2,90,2,10.2
2026-05-05,5,2,1,244,2,12.9
2026-05-05,5,2,2,103,1,12.8
2026-05-05,6,2,1,165,2,10.8
2026-05-05,6,2,2,54,1,11.3
2026-05-05,7,3,1,243,8,9.0
2026-05-05,7,3,2,97,3,8.7
2026-05-05,8,8,1,237,11,6.9
2026-05-05,8,8,2,149,8,6.7
2026-05-05,9,8,1,108,2,9.3
2026-05-05,9,8,2,45,1,8.9
2026-05-05,10,7,1,307,16,6.0
2026-05-05,10,7,2,156,13,5.6
2026-05-05,11,4,1,99,1,12.3
2026-05-05,11,4,2,52,1,11.6
2026-05-05,12,4,1,224,1,15.2
2026-05-05,12,4,2,114,1,14.7
2026-05-05,13,4,1,118,2,11.5
2026-05-05,13,4,2,57,1,11.6
2026-05-05,14,5,1,94,2,9.9
2026-05-05,14,5,2,38,1,10.1
2026-05-05,15,9,1,133,5,7.1
2026-05-05,15,9,2,55,2,8.3
2026-05-05,16,9,1,100,3,8.9
2026-05-05,16,9,2,41,1,8.4
2026-05-05,17,6,1,314,8,8.1
2026-05-05,17,6,2,152,5,7.6
2026-05-05,18,6,1,161,5,7.4
2026-05-05,18,6,2,82,4,6.8
2026-05-05,19,6,1,244,1,15.2
2026-05-05,19,6,2,99,0,15.1
2026-05-05,20,11,1,274,0,18.5
2026-05-05,20,11,2,122,0,17.7
2026-05-05,21,11,1,55,1,9.0
2026-05-05,21,11,2,25,1,8.5
2026-05-05,22,2,1,177,1,15.5
2026-05-05,22,2,2,83,0,15.5
2026-05-06,1,1,1,36,15,1.3
2026-05-06,1,1,2,13,7,1.0
2026-05-06,2,10,1,10,4,1.4
2026-05-06,2,10,2,4,1,1.5
2026-05-06,3,12,1,7,2,1.4
2026-05-06,3,12,2,3,1,1.7
2026-05-06,4,2,1,189,3,10.6
2026-05-06,4,2,2,89,2,10.7
2026-05-06,5,2,1,233,2,12.6
2026-05-06,5,2,2,115,1,13.5
2026-05-06,6,2,1,165,2,11.7
2026-05-06,6,2,2,84,1,10.9
2026-05-06,7,3,1,238,8,9.0
2026-05-06,7,3,2,83,3,8.8
2026-05-06,8,8,1,253,13,6.5
2026-05-06,8,8,2,126,5,6.6
2026-05-06,9,8,1,94,2,10.0
2026-05-06,9,8,2,47,1,9.5
2026-05-06,10,7,1,322,16,6.3
2026-05-06,10,7,2,164,12,5.5
2026-05-06,11,4,1,117,1,12.3
2026-05-06,11,4,2,53,1,12.0
2026-05-06,12,4,1,229,1,14.5
2026-05-06,12,4,2,129,1,14.6
2026-05-06,13,4,1,103,2,11.7
2026-05-06,13,4,2,59,1,11.6
2026-05-06,14,5,1,79,2,10.0
2026-05-06,14,5,2,51,1,10.3
2026-05-06,15,9,1,146,6,7.2
2026-05-06,15,9,2,68,3,7.8
2026-05-06,16,9,1,120,2,9.0
2026-05-06,16,9,2,58,1,8.7
2026-05-06,17,6,1,320,9,8.0
2026-05-06,17,6,2,185,6,7.9
2026-05-06,18,6,1,200,7,7.1
2026-05-06,18,6,2,87,6,6.2
2026-05-06,19,6,1,263,1,14.9
2026-05-06,19,6,2,110,0,14.9
2026-05-06,20,11,1,247,0,17.7
2026-05-06,20,11,2,142,0,17.8
2026-05-06,21,11,1,54,2,8.4
2026-05-06,21,11,2,28,1,8.3
2026-05-06,22,2,1,185,1,16.1
2026-05-06,22,2,2,61,0,15.4
2026-05-07,1,1,1,29,15,1.1
2026-05-07,1,1,2,12,8,1.0
2026-05-07,2,10,1,7,2,1.7
2026-05-07,2,10,2,4,3,1.0
2026-05-07,3,12,1,6,3,2.2
2026-05-07,3,12,2,3,2,1.5
2026-05-07,4,2,1,177,4,10.5
2026-05-07,4,2,2,109,2,10.2
2026-05-07,5,2,1,245,2,13.0
2026-05-07,5,2,2,115,1,12.9
2026-05-07,6,2,1,223,3,11.7
2026-05-07,6,2,2,84,1,11.9
2026-05-07,7,3,1,194,5,9.0
2026-05-07,7,3,2,93,3,8.8
2026-05-07,8,8,1,262,12,6.9
2026-05-07,8,8,2,103,5,7.1
2026-05-07,9,8,1,109,4,8.9
2026-05-07,9,8,2,41,1,9.1
2026-05-07,10,7,1,295,11,6.0
2026-05-07,10,7,2,142,10,5.9
2026-05-07,11,4,1,119,1,12.3
2026-05-07,11,4,2,54,1,11.8
2026-05-07,12,4,1,223,1,15.3
2026-05-07,12,4,2,138,1,14.5
2026-05-07,13,4,1,119,2,11.7
2026-05-07,13,4,2,49,1,11.5
2026-05-07,14,5,1,106,2,9.9
2026-05-07,14,5,2,44,1,9.7
2026-05-07,15,9,1,154,6,7.7
2026-05-07,15,9,2,57,3,7.3
2026-05-07,16,9,1,97,2,8.7
2026-05-07,16,9,2,51,1,8.4
2026-05-07,17,6,1,380,10,7.6
2026-05-07,17,6,2,205,6,7.5
2026-05-07,18,6,1,217,6,6.5
2026-05-07,18,6,2,90,5,6.8
2026-05-07,19,6,1,259,1,15.2
2026-05-07,19,6,2,88,0,15.1
2026-05-07,20,11,1,299,0,18.0
2026-05-07,20,11,2,127,0,17.4
2026-05-07,21,11,1,48,1,8.8
2026-05-07,21,11,2,31,1,8.2
2026-05-07,22,2,1,240,1,16.2
2026-05-07,22,2,2,89,0,16.2
2026-05-08,1,1,1,24,11,1.5
2026-05-08,1,1,2,14,8,1.1
2026-05-08,2,10,1,8,3,2.1
2026-05-08,2,10,2,5,3,1.9
2026-05-08,3,12,1,5,3,2.3
2026-05-08,3,12,2,3,2,1.6
2026-05-08,4,2,1,163,3,10.1
2026-05-08,4,2,2,92,2,10.5
2026-05-08,5,2,1,228,2,12.9
2026-05-08,5,2,2,116,1,12.9
2026-05-08,6,2,1,164,3,11.1
2026-05-08,6,2,2,70,1,11.5
2026-05-08,7,3,1,219,6,8.7
2026-05-08,7,3,2,102,3,8.7
2026-05-08,8,8,1,231,9,7.1
2026-05-08,8,8,2,133,6,7.2
2026-05-08,9,8,1,84,1,9.5
2026-05-08,9,8,2,43,1,9.7
2026-05-08,10,7,1,295,16,5.9
2026-05-08,10,7,2,121,7,6.0
2026-05-08,11,4,1,154,2,11.9
2026-05-08,11,4,2,54,1,12.3
2026-05-08,12,4,1,270,1,14.8
2026-05-08,12,4,2,114,1,14.8
2026-05-08,13,4,1,139,1,12.0
2026-05-08,13,4,2,52,1,11.0
2026-05-08,14,5,1,105,2,9.5
2026-05-08,14,5,2,47,2,9.6
2026-05-08,15,9,1,138,6,7.7
2026-05-08,15,9,2,59,2,7.4
2026-05-08,16,9,1,119,3,8.9
2026-05-08,16,9,2,54,2,8.2
2026-05-08,17,6,1,314,11,7.9
2026-05-08,17,6,2,132,7,7.1
2026-05-08,18,6,1,160,5,6.8
2026-05-08,18,6,2,101,5,6.8
2026-05-08,19,6,1,234,1,15.3
2026-05-08,19,6,2,124,0,15.4
2026-05-08,20,11,1,257,0,17.9
2026-05-08,20,11,2,134,0,17.5
2026-05-08,21,11,1,53,2,8.8
2026-05-08,21,11,2,27,1,8.2
2026-05-08,22,2,1,185,1,16.2
2026-05-08,22,2,2,95,0,16.1
2026-05-09,1,1,1,25,10,1.0
2026-05-09,1,1,2,11,5,1.9
2026-05-09,2,10,1,9,3,1.9
2026-05-09,2,10,2,3,2,1.6
2026-05-09,3,12,1,5,2,2.1
2026-05-09,3,12,2,2,1,1.6
2026-05-09,4,2,1,166,3,10.1
2026-05-09,4,2,2,80,2,10.4
2026-05-09,5,2,1,185,2,12.6
2026-05-09,5,2,2,74,1,13.2
2026-05-09,6,2,1,138,2,11.2
2026-05-09,6,2,2,69,1,11.3
2026-05-09,7,3,1,157,4,9.5
2026-05-09,7,3,2,84,3,8.6
2026-05-09,8,8,1,221,7,7.4
2026-05-09,8,8,2,103,7,6.6
2026-05-09,9,8,1,109,3,9.5
2026-05-09,9,8,2,49,1,9.3
2026-05-09,10,7,1,298,14,6.2
2026-05-09,10,7,2,147,7,5.9
2026-05-09,11,4,1,107,2,12.2
2026-05-09,11,4,2,48,1,12.0
2026-05-09,12,4,1,211,1,14.5
2026-05-09,12,4,2,93,1,15.1
2026-05-09,13,4,1,83,1,11.5
2026-05-09,13,4,2,41,1,11.3
2026-05-09,14,5,1,92,2,9.5
2026-05-09,14,5,2,30,1,10.0
2026-05-09,15,9,1,91,4,7.1
2026-05-09,15,9,2,59,2,7.7
2026-05-09,16,9,1,103,2,8.7
2026-05-09,16,9,2,56,1,8.4
2026-05-09,17,6,1,290,10,7.4
2026-05-09,17,6,2,165,8,7.3
2026-05-09,18,6,1,207,7,6.8
2026-05-09,18,6,2,68,3,6.4
2026-05-09,19,6,1,151,1,15.2
2026-05-09,19,6,2,89,1,14.7
2026-05-09,20,11,1,266,0,18.2
2026-05-09,20,11,2,136,0,17.6
2026-05-09,21,11,1,50,1,8.5
2026-05-09,21,11,2,26,1,8.8
2026-05-09,22,2,1,150,0,16.1
2026-05-09,22,2,2,67,0,15.7
2026-05-10,1,1,1,27,12,1.1
2026-05-10,1,1,2,13,8,1.5
2026-05-10,2,10,1,8,3,1.6
2026-05-10,2,10,2,3,2,1.7
2026-05-10,3,12,1,4,2,2.4
2026-05-10,3,12,2,2,1,2.1
2026-05-10,4,2,1,128,2,10.5
2026-05-10,4,2,2,81,1,10.8
2026-05-10,5,2,1,163,2,13.0
2026-05-10,5,2,2,93,1,12.8
2026-05-10,6,2,1,141,2,11.7
2026-05-10,6,2,2,53,1,10.9
2026-05-10,7,3,1,160,4,8.8
2026-05-10,7,3,2,76,2,8.9
2026-05-10,8,8,1,193,8,6.8
2026-05-10,8,8,2,134,8,6.9
2026-05-10,9,8,1,93,3,8.9
2026-05-10,9,8,2,37,1,9.0
2026-05-10,10,7,1,327,18,5.6
2026-05-10,10,7,2,143,7,6.1
2026-05-10,11,4,1,101,1,12.1
2026-05-10,11,4,2,53,1,11.9
2026-05-10,12,4,1,245,1,14.3
2026-05-10,12,4,2,102,0,14.3
2026-05-10,13,4,1,81,1,11.8
2026-05-10,13,4,2,49,1,11.8
2026-05-10,14,5,1,77,2,10.0
2026-05-10,14,5,2,33,1,10.0
2026-05-10,15,9,1,121,5,7.1
2026-05-10,15,9,2,67,2,7.5
2026-05-10,16,9,1,96,2,8.5
2026-05-10,16,9,2,44,1,8.5
2026-05-10,17,6,1,316,10,7.7
2026-05-10,17,6,2,163,7,7.5
2026-05-10,18,6,1,145,6,6.6
2026-05-10,18,6,2,88,6,6.3
2026-05-10,19,6,1,147,1,15.2
2026-05-10,19,6,2,90,0,14.7
2026-05-10,20,11,1,261,0,17.5
2026-05-10,20,11,2,104,0,17.7
2026-05-10,21,11,1,53,1,9.0
2026-05-10,21,11,2,21,1,8.5
2026-05-10,22,2,1,172,1,15.5
2026-05-10,22,2,2,70,0,15.6
2026-05-11,1,1,1,26,8,1.4
2026-05-11,1,1,2,12,8,1.0
2026-05-11,2,10,1,10,4,1.7
2026-05-11,2,10,2,4,3,1.8
2026-05-11,3,12,1,7,3,2.3
2026-05-11,3,12,2,2,1,2.1
2026-05-11,4,2,1,178,4,10.4
2026-05-11,4,2,2,87,2,10.4
2026-05-11,5,2,1,276,3,12.7
2026-05-11,5,2,2,142,2,11.9
2026-05-11,6,2,1,157,2,11.6
2026-05-11,6,2,2,79,2,10.8
2026-05-11,7,3,1,185,3,9.1
2026-05-11,7,3,2,80,2,9.2
2026-05-11,8,8,1,241,9,7.7
2026-05-11,8,8,2,145,8,6.7
2026-05-11,9,8,1,114,3,9.0
2026-05-11,9,8,2,49,2,9.7
2026-05-11,10,7,1,298,17,5.9
2026-05-11,10,7,2,164,11,5.7
2026-05-11,11,4,1,135,2,12.3
2026-05-11,11,4,2,61,1,11.7
2026-05-11,12,4,1,277,1,14.8
2026-05-11,12,4,2,114,1,14.2
2026-05-11,13,4,1,84,1,11.6
2026-05-11,13,4,2,69,1,11.6
2026-05-11,14,5,1,100,2,10.1
2026-05-11,14,5,2,45,2,9.6
2026-05-11,15,9,1,135,6,6.9
2026-05-11,15,9,2,87,7,7.0
2026-05-11,16,9,1,115,2,8.9
2026-05-11,16,9,2,53,2,8.0
2026-05-11,17,6,1,288,7,8.2
2026-05-11,17,6,2,185,6,7.8
2026-05-11,18,6,1,198,8,6.7
2026-05-11,18,6,2,93,4,6.5
2026-05-11,19,6,1,183,1,14.9
2026-05-11,19,6,2,120,0,15.5
2026-05-11,20,11,1,321,1,17.9
2026-05-11,20,11,2,137,0,17.8
2026-05-11,21,11,1,54,1,9.3
2026-05-11,21,11,2,25,1,8.3
2026-05-11,22,2,1,224,0,15.9
2026-05-11,22,2,2,91,0,16.0
2026-05-12,1,1,1,30,11,1.4
2026-05-12,1,1,2,15,6,1.3
2026-05-12,2,10,1,9,4,1.8
2026-05-12,2,10,2,5,3,1.0
2026-05-12,3,12,1,6,2,2.0
2026-05-12,3,12,2,2,1,1.5
2026-05-12,4,2,1,189,4,10.2
2026-05-12,4,2,2,92,2,10.4
2026-05-12,5,2,1,203,1,13.1
2026-05-12,5,2,2,131,1,12.2
2026-05-12,6,2,1,148,2,11.4
2026-05-12,6,2,2,79,1,11.2
2026-05-12,7,3,1,213,5,8.3
2026-05-12,7,3,2,76,3,8.6
2026-05-12,8,8,1,264,10,7.1
2026-05-12,8,8,2,111,5,6.4
2026-05-12,9,8,1,125,2,9.8
2026-05-12,9,8,2,49,2,9.5
2026-05-12,10,7,1,298,18,6.1
2026-05-12,10,7,2,122,9,5.6
2026-05-12,11,4,1,114,1,12.8
2026-05-12,11,4,2,60,1,11.7
2026-05-12,12,4,1,271,1,14.7
2026-05-12,12,4,2,98,1,14.6
2026-05-12,13,4,1,132,2,11.9
2026-05-12,13,4,2,51,1,11.3
2026-05-12,14,5,1,104,3,9.6
2026-05-12,14,5,2,51,1,9.9
2026-05-12,15,9,1,126,5,7.6
2026-05-12,15,9,2,64,3,7.1
2026-05-12,16,9,1,99,2,8.6
2026-05-12,16,9,2,62,2,8.4
2026-05-12,17,6,1,500,14,7.8
2026-05-12,17,6,2,187,7,7.6
2026-05-12,18,6,1,182,7,6.9
2026-05-12,18,6,2,71,4,6.4
2026-05-12,19,6,1,248,1,15.0
2026-05-12,19,6,2,116,1,14.8
2026-05-12,20,11,1,303,0,18.1
2026-05-12,20,11,2,117,0,18.0
2026-05-12,21,11,1,50,1,9.3
2026-05-12,21,11,2,22,1,8.3
2026-05-12,22,2,1,163,1,15.4
2026-05-12,22,2,2,92,0,15.9
2026-05-13,1,1,1,31,11,1.6
2026-05-13,1,1,2,13,6,1.4
2026-05-13,2,10,1,8,3,2.2
2026-05-13,2,10,2,4,2,1.8
2026-05-13,3,12,1,5,3,1.9
2026-05-13,3,12,2,2,1,2.3
2026-05-13,4,2,1,200,4,10.3
2026-05-13,4,2,2,86,2,10.3
2026-05-13,5,2,1,188,1,13.0
2026-05-13,5,2,2,127,1,12.8
2026-05-13,6,2,1,165,2,11.6
2026-05-13,6,2,2,67,1,11.1
2026-05-13,7,3,1,205,5,8.9
2026-05-13,7,3,2,118,4,8.9
2026-05-13,8,8,1,255,8,7.3
2026-05-13,8,8,2,120,6,7.0
2026-05-13,9,8,1,138,2,9.4
2026-05-13,9,8,2,55,1,9.7
2026-05-13,10,7,1,390,16,6.6
2026-05-13,10,7,2,143,12,5.4
2026-05-13,11,4,1,137,1,12.3
2026-05-13,11,4,2,54,1,11.5
2026-05-13,12,4,1,212,1,14.3
2026-05-13,12,4,2,124,1,14.8
2026-05-13,13,4,1,107,2,11.7
2026-05-13,13,4,2,53,1,11.5
2026-05-13,14,5,1,92,2,9.8
2026-05-13,14,5,2,53,2,9.1
2026-05-13,15,9,1,113,4,8.0
2026-05-13,15,9,2,57,2,7.2
2026-05-13,16,9,1,115,4,8.6
2026-05-13,16,9,2,46,1,8.7
2026-05-13,17,6,1,388,12,8.1
2026-05-13,17,6,2,186,7,7.6
2026-05-13,18,6,1,200,6,7.0
2026-05-13,18,6,2,87,5,6.1
2026-05-13,19,6,1,194,1,15.5
2026-05-13,19,6,2,119,1,14.6
2026-05-13,20,11,1,248,0,17.9
2026-05-13,20,11,2,145,0,17.9
2026-05-13,21,11,1,42,1,8.1
2026-05-13,21,11,2,27,1,8.9
2026-05-13,22,2,1,180,1,16.1
2026-05-13,22,2,2,83,0,15.4
2026-05-14,1,1,1,32,12,1.5
2026-05-14,1,1,2,12,5,1.0
2026-05-14,2,10,1,10,5,2.0
2026-05-14,2,10,2,4,2,1.6
2026-05-14,3,12,1,6,2,1.9
2026-05-14,3,12,2,3,2,1.5
2026-05-14,4,2,1,188,3,10.4
2026-05-14,4,2,2,99,3,10.1
2026-05-14,5,2,1,195,1,13.2
2026-05-14,5,2,2,126,2,12.5
2026-05-14,6,2,1,158,2,11.4
2026-05-14,6,2,2,89,2,11.1
2026-05-14,7,3,1,264,10,8.6
2026-05-14,7,3,2,102,5,8.2
2026-05-14,8,8,1,262,8,7.5
2026-05-14,8,8,2,127,5,6.9
2026-05-14,9,8,1,114,4,9.2
2026-05-14,9,8,2,62,1,9.3
2026-05-14,10,7,1,330,19,6.0
2026-05-14,10,7,2,146,11,5.4
2026-05-14,11,4,1,112,1,12.7
2026-05-14,11,4,2,54,1,11.9
2026-05-14,12,4,1,237,1,14.8
2026-05-14,12,4,2,114,1,15.0
2026-05-14,13,4,1,99,2,11.5
2026-05-14,13,4,2,51,1,11.5
2026-05-14,14,5,1,105,2,9.8
2026-05-14,14,5,2,42,1,9.7
2026-05-14,15,9,1,166,5,7.5
2026-05-14,15,9,2,70,3,7.3
2026-05-14,16,9,1,116,3,8.3
2026-05-14,16,9,2,50,1,8.6
2026-05-14,17,6,1,358,13,7.7
2026-05-14,17,6,2,226,10,7.3
2026-05-14,18,6,1,200,10,6.6
2026-05-14,18,6,2,79,4,6.7
2026-05-14,19,6,1,190,1,15.6
2026-05-14,19,6,2,117,1,14.5
2026-05-14,20,11,1,269,0,18.0
2026-05-14,20,11,2,107,0,17.6
2026-05-14,21,11,1,61,1,8.7
2026-05-14,21,11,2,25,1,8.2
2026-05-14,22,2,1,180,1,15.8
2026-05-14,22,2,2,70,0,16.5
2026-05-15,1,1,1,33,10,1.0
2026-05-15,1,1,2,14,7,1.9
2026-05-15,2,10,1,11,5,2.0
2026-05-15,2,10,2,4,2,1.2
2026-05-15,3,12,1,7,3,1.6
2026-05-15,3,12,2,2,1,2.4
2026-05-15,4,2,1,248,5,10.0
2026-05-15,4,2,2,122,3,10.2
2026-05-15,5,2,1,240,2,13.1
2026-05-15,5,2,2,111,1,12.5
2026-05-15,6,2,1,168,2,11.5
2026-05-15,6,2,2,95,2,10.7
2026-05-15,7,3,1,268,7,9.2
2026-05-15,7,3,2,91,3,8.4
2026-05-15,8,8,1,280,9,6.9
2026-05-15,8,8,2,116,6,6.9
2026-05-15,9,8,1,91,2,9.4
2026-05-15,9,8,2,47,1,10.4
2026-05-15,10,7,1,310,14,5.8
2026-05-15,10,7,2,121,8,5.8
2026-05-15,11,4,1,151,2,11.6
2026-05-15,11,4,2,70,1,11.3
2026-05-15,12,4,1,206,1,15.0
2026-05-15,12,4,2,118,0,14.7
2026-05-15,13,4,1,121,1,12.0
2026-05-15,13,4,2,54,1,11.5
2026-05-15,14,5,1,81,2,9.8
2026-05-15,14,5,2,49,1,9.9
2026-05-15,15,9,1,158,5,7.2
2026-05-15,15,9,2,56,2,7.3
2026-05-15,16,9,1,114,3,8.1
2026-05-15,16,9,2,52,1,8.5
2026-05-15,17,6,1,435,10,7.9
2026-05-15,17,6,2,174,9,7.2
2026-05-15,18,6,1,236,11,6.7
2026-05-15,18,6,2,78,5,5.8
2026-05-15,19,6,1,209,1,14.7
2026-05-15,19,6,2,105,1,15.1
2026-05-15,20,11,1,318,1,17.7
2026-05-15,20,11,2,146,0,17.3
2026-05-15,21,11,1,60,2,8.6
2026-05-15,21,11,2,40,2,8.7
2026-05-15,22,2,1,224,1,16.3
2026-05-15,22,2,2,92,0,15.5
2026-05-16,1,1,1,21,7,1.5
2026-05-16,1,1,2,15,7,1.0
2026-05-16,2,10,1,8,5,1.4
2026-05-16,2,10,2,4,2,1.6
2026-05-16,3,12,1,5,2,2.2
2026-05-16,3,12,2,2,1,1.7
2026-05-16,4,2,1,170,3,10.4
2026-05-16,4,2,2,69,2,10.0
2026-05-16,5,2,1,187,1,13.1
2026-05-16,5,2,2,71,1,12.8
2026-05-16,6,2,1,131,2,11.9
2026-05-16,6,2,2,68,1,11.2
2026-05-16,7,3,1,200,5,8.6
2026-05-16,7,3,2,79,3,9.1
2026-05-16,8,8,1,207,7,7.3
2026-05-16,8,8,2,120,7,6.7
2026-05-16,9,8,1,88,2,9.4
2026-05-16,9,8,2,43,1,9.1
2026-05-16,10,7,1,329,14,5.9
2026-05-16,10,7,2,95,8,4.9
2026-05-16,11,4,1,123,2,11.6
2026-05-16,11,4,2,39,1,12.3
2026-05-16,12,4,1,216,1,15.2
2026-05-16,12,4,2,111,0,14.4
2026-05-16,13,4,1,85,2,11.1
2026-05-16,13,4,2,44,1,11.5
2026-05-16,14,5,1,105,3,9.6
2026-05-16,14,5,2,40,1,9.6
2026-05-16,15,9,1,125,4,7.3
2026-05-16,15,9,2,54,3,7.3
2026-05-16,16,9,1,89,2,8.5
2026-05-16,16,9,2,46,1,8.5
2026-05-16,17,6,1,362,10,7.6
2026-05-16,17,6,2,146,5,8.0
2026-05-16,18,6,1,151,7,6.6
2026-05-16,18,6,2,75,3,6.6
2026-05-16,19,6,1,215,1,15.3
2026-05-16,19,6,2,99,1,15.1
2026-05-16,20,11,1,206,0,18.3
2026-05-16,20,11,2,87,0,17.8
2026-05-16,21,11,1,39,1,8.6
2026-05-16,21,11,2,23,1,8.4
2026-05-16,22,2,1,177,1,16.0
2026-05-16,22,2,2,62,0,15.7
2026-05-17,1,1,1,24,11,1.1
2026-05-17,1,1,2,12,6,1.9
2026-05-17,2,10,1,6,3,1.5
2026-05-17,2,10,2,3,2,1.7
2026-05-17,3,12,1,7,3,2.0
2026-05-17,3,12,2,2,1,2.3
2026-05-17,4,2,1,177,4,10.6
2026-05-17,4,2,2,72,1,9.8
2026-05-17,5,2,1,187,2,12.3
2026-05-17,5,2,2,96,1,12.4
2026-05-17,6,2,1,155,2,11.1
2026-05-17,6,2,2,71,1,10.5
2026-05-17,7,3,1,244,6,8.7
2026-05-17,7,3,2,82,3,8.4
2026-05-17,8,8,1,213,8,7.0
2026-05-17,8,8,2,112,5,6.2
2026-05-17,9,8,1,99,3,9.3
2026-05-17,9,8,2,44,2,8.8
2026-05-17,10,7,1,237,15,6.1
2026-05-17,10,7,2,164,12,5.8
2026-05-17,11,4,1,108,1,12.4
2026-05-17,11,4,2,47,1,12.0
2026-05-17,12,4,1,190,1,15.1
2026-05-17,12,4,2,99,0,14.5
2026-05-17,13,4,1,99,2,12.0
2026-05-17,13,4,2,43,1,11.1
2026-05-17,14,5,1,93,2,9.9
2026-05-17,14,5,2,41,1,9.7
2026-05-17,15,9,1,98,4,7.3
2026-05-17,15,9,2,55,2,7.2
2026-05-17,16,9,1,115,3,8.3
2026-05-17,16,9,2,44,1,8.0
2026-05-17,17,6,1,293,11,7.5
2026-05-17,17,6,2,128,6,7.5
2026-05-17,18,6,1,162,8,6.8
2026-05-17,18,6,2,63,3,6.3
2026-05-17,19,6,1,211,1,15.1
2026-05-17,19,6,2,104,0,14.8
2026-05-17,20,11,1,251,0,17.7
2026-05-17,20,11,2,124,0,17.9
2026-05-17,21,11,1,43,1,8.6
2026-05-17,21,11,2,17,1,8.6
2026-05-17,22,2,1,149,1,15.8
2026-05-17,22,2,2,72,0,15.8
2026-05-18,1,1,1,28,12,1.5
2026-05-18,1,1,2,14,7,1.0
2026-05-18,2,10,1,11,5,1.4
2026-05-18,2,10,2,5,3,1.5
2026-05-18,3,12,1,5,1,2.0
2026-05-18,3,12,2,3,2,1.3
2026-05-18,4,2,1,193,4,10.4
2026-05-18,4,2,2,91,2,10.3
2026-05-18,5,2,1,224,2,12.5
2026-05-18,5,2,2,123,2,12.4
2026-05-18,6,2,1,159,2,11.5
2026-05-18,6,2,2,71,1,11.0
2026-05-18,7,3,1,215,5,9.4
2026-05-18,7,3,2,107,5,8.4
2026-05-18,8,8,1,303,9,7.1
2026-05-18,8,8,2,134,7,6.6
2026-05-18,9,8,1,122,3,9.2
2026-05-18,9,8,2,57,2,9.3
2026-05-18,10,7,1,289,14,5.8
2026-05-18,10,7,2,174,10,5.8
2026-05-18,11,4,1,127,1,11.7
2026-05-18,11,4,2,69,1,12.2
2026-05-18,12,4,1,234,1,14.8
2026-05-18,12,4,2,108,1,14.4
2026-05-18,13,4,1,111,1,11.7
2026-05-18,13,4,2,51,1,11.4
2026-05-18,14,5,1,119,3,9.3
2026-05-18,14,5,2,49,1,9.7
2026-05-18,15,9,1,159,6,7.1
2026-05-18,15,9,2,65,3,7.1
2026-05-18,16,9,1,138,3,8.3
2026-05-18,16,9,2,54,2,8.2
2026-05-18,17,6,1,373,11,7.9
2026-05-18,17,6,2,191,6,8.0
2026-05-18,18,6,1,244,12,6.5
2026-05-18,18,6,2,96,4,6.4
2026-05-18,19,6,1,265,1,14.9
2026-05-18,19,6,2,117,1,14.9
2026-05-18,20,11,1,356,1,17.9
2026-05-18,20,11,2,150,0,17.1
2026-05-18,21,11,1,56,2,8.5
2026-05-18,21,11,2,22,1,8.7
2026-05-18,22,2,1,156,1,16.0
2026-05-18,22,2,2,90,0,15.4
2026-05-19,1,1,1,34,13,2.0
2026-05-19,1,1,2,13,7,1.1
2026-05-19,2,10,1,9,3,2.2
2026-05-19,2,10,2,5,3,1.4
2026-05-19,3,12,1,5,3,2.2
2026-05-19,3,12,2,3,1,1.8
2026-05-19,4,2,1,208,4,10.6
2026-05-19,4,2,2,90,2,9.9
2026-05-19,5,2,1,241,2,13.1
2026-05-19,5,2,2,105,1,12.5
2026-05-19,6,2,1,160,2,10.4
2026-05-19,6,2,2,67,1,11.0
2026-05-19,7,3,1,223,5,9.1
2026-05-19,7,3,2,118,4,8.7
2026-05-19,8,8,1,327,12,6.5
2026-05-19,8,8,2,126,6,6.9
2026-05-19,9,8,1,85,2,9.4
2026-05-19,9,8,2,70,2,9.7
2026-05-19,10,7,1,289,13,6.1
2026-05-19,10,7,2,158,10,5.9
2026-05-19,11,4,1,132,1,12.0
2026-05-19,11,4,2,72,1,12.0
2026-05-19,12,4,1,233,1,14.8
2026-05-19,12,4,2,133,1,15.0
2026-05-19,13,4,1,104,1,12.2
2026-05-19,13,4,2,62,1,11.8
2026-05-19,14,5,1,96,3,9.6
2026-05-19,14,5,2,41,2,9.5
2026-05-19,15,9,1,148,7,7.3
2026-05-19,15,9,2,55,2,7.4
2026-05-19,16,9,1,126,3,8.4
2026-05-19,16,9,2,57,2,7.9
2026-05-19,17,6,1,369,10,8.0
2026-05-19,17,6,2,166,8,7.7
2026-05-19,18,6,1,157,7,6.7
2026-05-19,18,6,2,80,5,6.2
2026-05-19,19,6,1,198,1,14.9
2026-05-19,19,6,2,92,0,14.6
2026-05-19,20,11,1,256,1,17.3
2026-05-19,20,11,2,158,0,17.1
2026-05-19,21,11,1,60,2,8.6
2026-05-19,21,11,2,27,1,8.2
2026-05-19,22,2,1,164,1,15.9
2026-05-19,22,2,2,79,0,16.0
2026-05-20,1,1,1,34,12,1.3
2026-05-20,1,1,2,15,6,1.0
2026-05-20,2,10,1,9,3,1.8
2026-05-20,2,10,2,4,2,1.0
2026-05-20,3,12,1,7,3,2.2
2026-05-20,3,12,2,3,2,1.3
2026-05-20,4,2,1,231,4,10.4
2026-05-20,4,2,2,90,2,10.0
2026-05-20,5,2,1,189,2,12.7
2026-05-20,5,2,2,109,1,13.0
2026-05-20,6,2,1,151,2,11.2
2026-05-20,6,2,2,88,2,10.9
2026-05-20,7,3,1,235,6,9.2
2026-05-20,7,3,2,92,3,9.2
2026-05-20,8,8,1,327,15,6.7
2026-05-20,8,8,2,120,5,6.9
2026-05-20,9,8,1,101,2,9.9
2026-05-20,9,8,2,41,1,9.2
2026-05-20,10,7,1,285,15,5.8
2026-05-20,10,7,2,155,9,5.5
2026-05-20,11,4,1,120,1,12.3
2026-05-20,11,4,2,65,1,12.0
2026-05-20,12,4,1,265,1,14.5
2026-05-20,12,4,2,107,1,14.7
2026-05-20,13,4,1,110,1,11.9
2026-05-20,13,4,2,50,1,11.1
2026-05-20,14,5,1,94,2,10.0
2026-05-20,14,5,2,48,1,9.7
2026-05-20,15,9,1,99,4,7.5
2026-05-20,15,9,2,75,2,7.4
2026-05-20,16,9,1,116,2,8.7
2026-05-20,16,9,2,60,2,8.1
2026-05-20,17,6,1,420,21,7.5
2026-05-20,17,6,2,184,6,7.7
2026-05-20,18,6,1,202,7,6.5
2026-05-20,18,6,2,79,4,6.5
2026-05-20,19,6,1,160,1,14.4
2026-05-20,19,6,2,102,0,15.0
2026-05-20,20,11,1,314,0,17.6
2026-05-20,20,11,2,135,0,17.8
2026-05-20,21,11,1,61,2,8.4
2026-05-20,21,11,2,22,1,8.3
2026-05-20,22,2,1,173,1,16.1
2026-05-20,22,2,2,94,0,15.7
2026-05-21,1,1,1,31,15,1.7
2026-05-21,1,1,2,14,9,1.0
2026-05-21,2,10,1,10,4,1.7
2026-05-21,2,10,2,6,3,1.1
2026-05-21,3,12,1,5,2,1.6
2026-05-21,3,12,2,3,1,2.0
2026-05-21,4,2,1,240,4,10.6
2026-05-21,4,2,2,67,2,10.4
2026-05-21,5,2,1,222,2,13.0
2026-05-21,5,2,2,114,1,12.1
2026-05-21,6,2,1,157,3,10.9
2026-05-21,6,2,2,80,2,10.4
2026-05-21,7,3,1,243,7,8.5
2026-05-21,7,3,2,104,4,8.5
2026-05-21,8,8,1,297,17,6.8
2026-05-21,8,8,2,119,8,6.6
2026-05-21,9,8,1,146,3,9.4
2026-05-21,9,8,2,45,1,9.6
2026-05-21,10,7,1,298,19,6.1
2026-05-21,10,7,2,169,11,6.4
2026-05-21,11,4,1,135,2,12.0
2026-05-21,11,4,2,70,1,12.1
2026-05-21,12,4,1,263,1,15.0
2026-05-21,12,4,2,118,1,14.1
2026-05-21,13,4,1,128,2,11.4
2026-05-21,13,4,2,54,1,10.8
2026-05-21,14,5,1,85,2,9.8
2026-05-21,14,5,2,54,2,9.5
2026-05-21,15,9,1,133,4,7.3
2026-05-21,15,9,2,73,3,7.3
2026-05-21,16,9,1,122,3,8.3
2026-05-21,16,9,2,58,2,8.6
2026-05-21,17,6,1,324,14,7.6
2026-05-21,17,6,2,164,6,7.9
2026-05-21,18,6,1,220,8,6.6
2026-05-21,18,6,2,90,4,7.1
2026-05-21,19,6,1,235,1,14.9
2026-05-21,19,6,2,108,1,15.0
2026-05-21,20,11,1,293,0,17.6
2026-05-21,20,11,2,118,0,17.0
2026-05-21,21,11,1,44,1,9.0
2026-05-21,21,11,2,25,1,8.1
2026-05-21,22,2,1,184,1,16.2
2026-05-21,22,2,2,82,0,15.6
2026-05-22,1,1,1,29,9,1.0
2026-05-22,1,1,2,14,11,1.5
2026-05-22,2,10,1,10,4,2.2
2026-05-22,2,10,2,6,3,1.1
2026-05-22,3,12,1,7,3,1.8
2026-05-22,3,12,2,3,1,1.9
2026-05-22,4,2,1,182,4,10.1
2026-05-22,4,2,2,101,3,10.2
2026-05-22,5,2,1,226,2,12.8
2026-05-22,5,2,2,96,1,12.2
2026-05-22,6,2,1,167,2,11.3
2026-05-22,6,2,2,76,1,10.9
2026-05-22,7,3,1,227,6,8.6
2026-05-22,7,3,2,119,6,8.1
2026-05-22,8,8,1,263,10,6.6
2026-05-22,8,8,2,119,7,6.5
2026-05-22,9,8,1,88,2,9.8
2026-05-22,9,8,2,61,1,8.9
2026-05-22,10,7,1,307,18,5.9
2026-05-22,10,7,2,146,10,5.7
2026-05-22,11,4,1,107,1,12.6
2026-05-22,11,4,2,63,1,12.2
2026-05-22,12,4,1,258,1,15.2
2026-05-22,12,4,2,137,1,14.6
2026-05-22,13,4,1,130,2,11.5
2026-05-22,13,4,2,63,1,11.4
2026-05-22,14,5,1,88,2,9.7
2026-05-22,14,5,2,53,1,9.6
2026-05-22,15,9,1,128,5,7.6
2026-05-22,15,9,2,65,2,7.6
2026-05-22,16,9,1,138,4,8.1
2026-05-22,16,9,2,50,2,8.4
2026-05-22,17,6,1,345,11,7.5
2026-05-22,17,6,2,152,6,7.3
2026-05-22,18,6,1,222,8,7.0
2026-05-22,18,6,2,92,5,6.5
2026-05-22,19,6,1,214,1,15.3
2026-05-22,19,6,2,103,1,14.7
2026-05-22,20,11,1,274,0,17.7
2026-05-22,20,11,2,129,0,17.5
2026-05-22,21,11,1,59,1,8.6
2026-05-22,21,11,2,20,1,8.7
2026-05-22,22,2,1,220,1,15.8
2026-05-22,22,2,2,93,0,15.6
2026-05-23,1,1,1,23,10,1.6
2026-05-23,1,1,2,15,6,1.0
2026-05-23,2,10,1,6,3,2.2
2026-05-23,2,10,2,3,2,1.5
2026-05-23,3,12,1,5,2,1.7
2026-05-23,3,12,2,2,1,1.9
2026-05-23,4,2,1,158,4,10.3
2026-05-23,4,2,2,81,2,10.2
2026-05-23,5,2,1,188,1,12.9
2026-05-23,5,2,2,88,1,12.1
2026-05-23,6,2,1,129,2,10.8
2026-05-23,6,2,2,73,2,11.0
2026-05-23,7,3,1,186,5,8.7
2026-05-23,7,3,2,80,3,8.3
2026-05-23,8,8,1,224,10,6.9
2026-05-23,8,8,2,106,5,6.3
2026-05-23,9,8,1,79,2,8.8
2026-05-23,9,8,2,37,1,8.8
2026-05-23,10,7,1,302,20,5.8
2026-05-23,10,7,2,127,10,5.6
2026-05-23,11,4,1,114,1,12.1
2026-05-23,11,4,2,47,1,11.5
2026-05-23,12,4,1,214,1,15.2
2026-05-23,12,4,2,108,1,14.8
2026-05-23,13,4,1,137,2,12.0
2026-05-23,13,4,2,48,1,11.4
2026-05-23,14,5,1,85,2,9.8
2026-05-23,14,5,2,44,1,9.6
2026-05-23,15,9,1,110,5,6.9
2026-05-23,15,9,2,61,3,6.8
2026-05-23,16,9,1,95,2,8.3
2026-05-23,16,9,2,57,2,8.5
2026-05-23,17,6,1,256,10,7.8
2026-05-23,17,6,2,165,5,7.9
2026-05-23,18,6,1,171,12,6.2
2026-05-23,18,6,2,84,4,5.8
2026-05-23,19,6,1,192,1,15.1
2026-05-23,19,6,2,92,0,15.4
2026-05-23,20,11,1,195,0,17.6
2026-05-23,20,11,2,103,0,17.5
2026-05-23,21,11,1,40,1,8.6
2026-05-23,21,11,2,23,1,8.3
2026-05-23,22,2,1,146,0,16.0
2026-05-23,22,2,2,71,0,15.4
2026-05-24,1,1,1,21,8,2.2
2026-05-24,1,1,2,11,5,1.1
2026-05-24,2,10,1,7,2,1.2
2026-05-24,2,10,2,4,2,1.0
2026-05-24,3,12,1,6,2,1.5
2026-05-24,3,12,2,2,1,1.4
2026-05-24,4,2,1,182,4,10.3
2026-05-24,4,2,2,77,2,10.1
2026-05-24,5,2,1,194,2,12.7
2026-05-24,5,2,2,86,1,12.5
2026-05-24,6,2,1,125,2,11.2
2026-05-24,6,2,2,64,1,10.6
2026-05-24,7,3,1,245,6,8.4
2026-05-24,7,3,2,78,3,8.2
2026-05-24,8,8,1,197,8,7.1
2026-05-24,8,8,2,128,6,6.9
2026-05-24,9,8,1,103,2,9.2
2026-05-24,9,8,2,37,1,9.6
2026-05-24,10,7,1,257,14,5.8
2026-05-24,10,7,2,131,8,5.9
2026-05-24,11,4,1,111,1,11.5
2026-05-24,11,4,2,40,1,12.3
2026-05-24,12,4,1,231,1,15.0
2026-05-24,12,4,2,111,1,14.0
2026-05-24,13,4,1,74,1,11.2
2026-05-24,13,4,2,46,1,11.4
2026-05-24,14,5,1,80,2,9.8
2026-05-24,14,5,2,38,1,8.8
2026-05-24,15,9,1,125,3,7.5
2026-05-24,15,9,2,52,2,7.3
2026-05-24,16,9,1,106,3,8.1
2026-05-24,16,9,2,46,1,8.9
2026-05-24,17,6,1,296,8,7.9
2026-05-24,17,6,2,153,8,6.8
2026-05-24,18,6,1,166,10,6.2
2026-05-24,18,6,2,76,4,6.3
2026-05-24,19,6,1,149,0,14.8
2026-05-24,19,6,2,90,0,15.0
2026-05-24,20,11,1,199,0,17.5
2026-05-24,20,11,2,116,0,17.4
2026-05-24,21,11,1,46,2,8.9
2026-05-24,21,11,2,20,1,8.6
2026-05-24,22,2,1,133,0,16.2
2026-05-24,22,2,2,72,0,15.7
2026-05-25,1,1,1,27,12,1.9
2026-05-25,1,1,2,16,9,1.6
2026-05-25,2,10,1,9,5,1.8
2026-05-25,2,10,2,4,2,1.5
2026-05-25,3,12,1,7,3,2.0
2026-05-25,3,12,2,3,2,2.1
2026-05-25,4,2,1,173,3,10.4
2026-05-25,4,2,2,97,2,10.5
2026-05-25,5,2,1,235,2,12.9
2026-05-25,5,2,2,141,2,11.8
2026-05-25,6,2,1,158,3,10.7
2026-05-25,6,2,2,68,1,10.1
2026-05-25,7,3,1,215,5,9.2
2026-05-25,7,3,2,91,4,7.9
2026-05-25,8,8,1,269,9,6.9
2026-05-25,8,8,2,119,8,6.0
2026-05-25,9,8,1,92,3,8.6
2026-05-25,9,8,2,55,2,9.3
2026-05-25,10,7,1,294,12,6.2
2026-05-25,10,7,2,197,10,5.7
2026-05-25,11,4,1,143,1,12.6
2026-05-25,11,4,2,69,1,11.7
2026-05-25,12,4,1,190,1,15.0
2026-05-25,12,4,2,127,1,14.1
2026-05-25,13,4,1,137,2,11.4
2026-05-25,13,4,2,49,1,11.3
2026-05-25,14,5,1,96,2,9.6
2026-05-25,14,5,2,57,2,9.3
2026-05-25,15,9,1,170,5,7.3
2026-05-25,15,9,2,58,3,7.1
2026-05-25,16,9,1,123,4,8.3
2026-05-25,16,9,2,66,3,8.0
2026-05-25,17,6,1,430,9,7.8
2026-05-25,17,6,2,187,6,7.9
2026-05-25,18,6,1,269,10,6.6
2026-05-25,18,6,2,103,6,6.5
2026-05-25,19,6,1,216,1,15.4
2026-05-25,19,6,2,106,0,14.4
2026-05-25,20,11,1,303,0,17.4
2026-05-25,20,11,2,136,0,17.4
2026-05-25,21,11,1,61,2,8.9
2026-05-25,21,11,2,24,1,7.9
2026-05-25,22,2,1,168,1,15.2
2026-05-25,22,2,2,70,0,15.7
2026-05-26,1,1,1,30,11,2.2
2026-05-26,1,1,2,18,7,1.0
2026-05-26,2,10,1,9,3,1.6
2026-05-26,2,10,2,5,2,2.1
2026-05-26,3,12,1,7,2,2.4
2026-05-26,3,12,2,3,1,2.1
2026-05-26,4,2,1,157,3,9.9
2026-05-26,4,2,2,101,3,10.1
2026-05-26,5,2,1,266,3,12.6
2026-05-26,5,2,2,102,1,11.9
2026-05-26,6,2,1,187,4,10.5
2026-05-26,6,2,2,87,2,10.6
2026-05-26,7,3,1,215,7,8.7
2026-05-26,7,3,2,95,4,8.8
2026-05-26,8,8,1,311,11,6.3
2026-05-26,8,8,2,143,7,6.5
2026-05-26,9,8,1,101,3,9.0
2026-05-26,9,8,2,48,2,9.0
2026-05-26,10,7,1,289,10,6.2
2026-05-26,10,7,2,213,18,5.3
2026-05-26,11,4,1,145,2,12.0
2026-05-26,11,4,2,60,1,11.2
2026-05-26,12,4,1,299,1,14.5
2026-05-26,12,4,2,114,1,14.6
2026-05-26,13,4,1,138,2,11.6
2026-05-26,13,4,2,44,1,11.9
2026-05-26,14,5,1,113,3,9.6
2026-05-26,14,5,2,48,2,10.0
2026-05-26,15,9,1,150,4,8.0
2026-05-26,15,9,2,70,4,7.0
2026-05-26,16,9,1,121,4,8.7
2026-05-26,16,9,2,44,1,8.8
2026-05-26,17,6,1,375,14,7.1
2026-05-26,17,6,2,139,5,7.5
2026-05-26,18,6,1,256,14,6.5
2026-05-26,18,6,2,111,5,7.0
2026-05-26,19,6,1,245,1,14.5
2026-05-26,19,6,2,101,0,14.8
2026-05-26,20,11,1,283,0,17.8
2026-05-26,20,11,2,137,0,17.1
2026-05-26,21,11,1,69,2,8.6
2026-05-26,21,11,2,32,1,8.5
2026-05-26,22,2,1,158,1,15.6
2026-05-26,22,2,2,81,0,16.5
2026-05-27,1,1,1,30,13,1.8
2026-05-27,1,1,2,13,6,1.0
2026-05-27,2,10,1,9,4,1.0
2026-05-27,2,10,2,4,2,1.2
2026-05-27,3,12,1,6,3,2.2
2026-05-27,3,12,2,3,2,1.8
2026-05-27,4,2,1,220,5,10.1
2026-05-27,4,2,2,101,3,10.3
2026-05-27,5,2,1,287,3,12.6
2026-05-27,5,2,2,115,1,12.2
2026-05-27,6,2,1,165,3,11.1
2026-05-27,6,2,2,78,1,10.6
2026-05-27,7,3,1,263,7,8.7
2026-05-27,7,3,2,115,5,8.1
2026-05-27,8,8,1,279,10,6.8
2026-05-27,8,8,2,149,5,7.2
2026-05-27,9,8,1,114,4,9.6
2026-05-27,9,8,2,50,2,8.9
2026-05-27,10,7,1,431,24,5.9
2026-05-27,10,7,2,197,12,5.0
2026-05-27,11,4,1,146,1,12.2
2026-05-27,11,4,2,66,1,11.8
2026-05-27,12,4,1,237,1,14.5
2026-05-27,12,4,2,124,1,14.4
2026-05-27,13,4,1,131,2,11.0
2026-05-27,13,4,2,68,1,11.3
2026-05-27,14,5,1,102,2,9.9
2026-05-27,14,5,2,53,2,9.0
2026-05-27,15,9,1,116,5,6.7
2026-05-27,15,9,2,65,3,7.2
2026-05-27,16,9,1,121,3,8.1
2026-05-27,16,9,2,60,3,8.3
2026-05-27,17,6,1,358,12,7.7
2026-05-27,17,6,2,175,7,7.1
2026-05-27,18,6,1,234,12,6.5
2026-05-27,18,6,2,88,4,6.5
2026-05-27,19,6,1,202,1,15.0
2026-05-27,19,6,2,126,1,14.3
2026-05-27,20,11,1,364,0,18.0
2026-05-27,20,11,2,129,0,17.2
2026-05-27,21,11,1,57,2,8.7
2026-05-27,21,11,2,23,1,8.0
2026-05-27,22,2,1,158,1,15.7
2026-05-27,22,2,2,120,1,15.7
2026-05-28,1,1,1,37,18,1.2
2026-05-28,1,1,2,16,6,1.3
2026-05-28,2,10,1,9,4,1.4
2026-05-28,2,10,2,5,2,1.0
2026-05-28,3,12,1,5,2,1.6
2026-05-28,3,12,2,3,2,1.4
2026-05-28,4,2,1,170,3,9.9
2026-05-28,4,2,2,87,3,9.2
2026-05-28,5,2,1,217,2,12.3
2026-05-28,5,2,2,132,2,12.2
2026-05-28,6,2,1,185,3,11.2
2026-05-28,6,2,2,74,1,10.4
2026-05-28,7,3,1,212,6,8.7
2026-05-28,7,3,2,121,6,8.4
2026-05-28,8,8,1,319,15,6.7
2026-05-28,8,8,2,93,4,7.1
2026-05-28,9,8,1,118,5,8.8
2026-05-28,9,8,2,51,2,9.1
2026-05-28,10,7,1,329,22,5.6
2026-05-28,10,7,2,140,9,5.9
2026-05-28,11,4,1,151,2,11.6
2026-05-28,11,4,2,64,1,12.3
2026-05-28,12,4,1,329,1,14.9
2026-05-28,12,4,2,113,1,14.6
2026-05-28,13,4,1,110,2,11.1
2026-05-28,13,4,2,69,1,11.3
2026-05-28,14,5,1,107,3,9.7
2026-05-28,14,5,2,46,1,9.8
2026-05-28,15,9,1,144,6,6.9
2026-05-28,15,9,2,61,3,7.0
2026-05-28,16,9,1,106,3,8.3
2026-05-28,16,9,2,66,2,8.0
2026-05-28,17,6,1,407,10,7.3
2026-05-28,17,6,2,146,6,7.6
2026-05-28,18,6,1,175,8,6.4
2026-05-28,18,6,2,93,7,6.4
2026-05-28,19,6,1,204,1,15.0
2026-05-28,19,6,2,98,0,14.5
2026-05-28,20,11,1,280,0,17.6
2026-05-28,20,11,2,126,0,17.9
2026-05-28,21,11,1,59,1,9.2
2026-05-28,21,11,2,31,1,8.8
2026-05-28,22,2,1,149,0,16.2
2026-05-28,22,2,2,82,0,15.9
2026-05-29,1,1,1,36,13,1.2
2026-05-29,1,1,2,14,7,1.0
2026-05-29,2,10,1,9,4,1.7
2026-05-29,2,10,2,4,2,1.3
2026-05-29,3,12,1,7,3,2.3
2026-05-29,3,12,2,2,1,2.2
2026-05-29,4,2,1,197,4,10.2
2026-05-29,4,2,2,104,4,9.6
2026-05-29,5,2,1,261,2,13.1
2026-05-29,5,2,2,114,1,12.4
2026-05-29,6,2,1,167,2,10.6
2026-05-29,6,2,2,74,1,10.6
2026-05-29,7,3,1,196,7,8.6
2026-05-29,7,3,2,104,4,8.6
2026-05-29,8,8,1,310,12,6.7
2026-05-29,8,8,2,106,6,6.4
2026-05-29,9,8,1,99,3,9.8
2026-05-29,9,8,2,51,1,9.4
2026-05-29,10,7,1,297,17,5.7
2026-05-29,10,7,2,156,16,5.4
2026-05-29,11,4,1,136,2,12.0
2026-05-29,11,4,2,63,1,11.7
2026-05-29,12,4,1,215,1,15.1
2026-05-29,12,4,2,101,0,14.2
2026-05-29,13,4,1,156,3,11.5
2026-05-29,13,4,2,69,1,11.4
2026-05-29,14,5,1,95,2,9.6
2026-05-29,14,5,2,49,2,9.2
2026-05-29,15,9,1,155,4,7.3
2026-05-29,15,9,2,72,3,7.4
2026-05-29,16,9,1,105,3,8.5
2026-05-29,16,9,2,45,1,8.3
2026-05-29,17,6,1,398,11,8.2
2026-05-29,17,6,2,197,8,7.3
2026-05-29,18,6,1,276,10,7.0
2026-05-29,18,6,2,93,7,6.4
2026-05-29,19,6,1,231,1,15.3
2026-05-29,19,6,2,91,0,15.1
2026-05-29,20,11,1,273,0,17.3
2026-05-29,20,11,2,131,0,16.8
2026-05-29,21,11,1,59,2,8.9
2026-05-29,21,11,2,28,1,8.4
2026-05-29,22,2,1,208,1,15.8
2026-05-29,22,2,2,76,0,15.3
2026-05-30,1,1,1,24,12,1.0
2026-05-30,1,1,2,9,4,1.0
2026-05-30,2,10,1,9,4,1.3
2026-05-30,2,10,2,4,2,1.8
2026-05-30,3,12,1,5,2,1.9
2026-05-30,3,12,2,2,1,1.7
2026-05-30,4,2,1,150,4,10.0
2026-05-30,4,2,2,78,1,10.4
2026-05-30,5,2,1,170,2,12.5
2026-05-30,5,2,2,87,1,12.5
2026-05-30,6,2,1,158,2,10.9
2026-05-30,6,2,2,54,1,10.7
2026-05-30,7,3,1,220,6,8.2
2026-05-30,7,3,2,77,2,8.7
2026-05-30,8,8,1,203,8,7.5
2026-05-30,8,8,2,93,5,6.6
2026-05-30,9,8,1,99,2,9.3
2026-05-30,9,8,2,48,2,9.1
2026-05-30,10,7,1,292,21,5.7
2026-05-30,10,7,2,123,8,5.8
2026-05-30,11,4,1,105,1,11.8
2026-05-30,11,4,2,52,1,12.1
2026-05-30,12,4,1,257,1,14.6
2026-05-30,12,4,2,107,0,15.0
2026-05-30,13,4,1,120,2,11.2
2026-05-30,13,4,2,45,1,11.5
2026-05-30,14,5,1,68,2,9.3
2026-05-30,14,5,2,40,1,8.8
2026-05-30,15,9,1,106,4,7.3
2026-05-30,15,9,2,49,3,6.7
2026-05-30,16,9,1,96,2,8.6
2026-05-30,16,9,2,51,2,7.9
2026-05-30,17,6,1,328,9,7.8
2026-05-30,17,6,2,150,6,7.2
2026-05-30,18,6,1,183,6,7.5
2026-05-30,18,6,2,87,6,6.4
2026-05-30,19,6,1,196,1,15.2
2026-05-30,19,6,2,117,0,15.1
2026-05-30,20,11,1,256,0,17.5
2026-05-30,20,11,2,105,0,17.1
2026-05-30,21,11,1,47,2,8.0
2026-05-30,21,11,2,24,1,8.5
2026-05-30,22,2,1,155,1,15.6
2026-05-30,22,2,2,77,0,16.1
2026-05-31,1,1,1,31,11,1.2
2026-05-31,1,1,2,13,8,1.2
2026-05-31,2,10,1,8,3,1.7
2026-05-31,2,10,2,3,2,1.5
2026-05-31,3,12,1,6,3,1.8
2026-05-31,3,12,2,2,1,1.9
2026-05-31,4,2,1,210,4,10.2
2026-05-31,4,2,2,84,3,10.1
2026-05-31,5,2,1,171,2,12.2
2026-05-31,5,2,2,79,1,12.6
2026-05-31,6,2,1,126,2,10.5
2026-05-31,6,2,2,72,2,10.9
2026-05-31,7,3,1,200,8,8.0
2026-05-31,7,3,2,70,3,8.3
2026-05-31,8,8,1,218,8,7.0
2026-05-31,8,8,2,135,8,6.8
2026-05-31,9,8,1,102,2,9.6
2026-05-31,9,8,2,55,2,8.8
2026-05-31,10,7,1,279,17,5.8
2026-05-31,10,7,2,120,9,5.9
2026-05-31,11,4,1,110,1,12.1
2026-05-31,11,4,2,41,1,11.5
2026-05-31,12,4,1,293,1,14.6
2026-05-31,12,4,2,113,0,15.1
2026-05-31,13,4,1,109,1,11.3
2026-05-31,13,4,2,42,1,11.0
2026-05-31,14,5,1,88,2,9.6
2026-05-31,14,5,2,38,1,9.4
2026-05-31,15,9,1,126,3,7.6
2026-05-31,15,9,2,56,2,7.5
2026-05-31,16,9,1,98,3,8.4
2026-05-31,16,9,2,51,2,8.1
2026-05-31,17,6,1,369,15,7.7
2026-05-31,17,6,2,161,6,7.1
2026-05-31,18,6,1,168,8,6.5
2026-05-31,18,6,2,84,5,6.9
2026-05-31,19,6,1,223,1,14.7
2026-05-31,19,6,2,95,0,14.7
2026-05-31,20,11,1,256,1,17.3
2026-05-31,20,11,2,134,0,16.8
2026-05-31,21,11,1,47,1,8.8
2026-05-31,21,11,2,19,1,8.6
2026-05-31,22,2,1,179,1,15.8
2026-05-31,22,2,2,81,0,15.8
2026-06-01,1,1,1,36,13,1.5
2026-06-01,1,1,2,14,6,1.3
2026-06-01,2,10,1,10,4,1.6
2026-06-01,2,10,2,4,2,1.0
2026-06-01,3,12,1,6,2,2.3
2026-06-01,3,12,2,4,1,1.8
2026-06-01,4,2,1,226,5,10.0
2026-06-01,4,2,2,80,2,10.3
2026-06-01,5,2,1,310,4,11.6
2026-06-01,5,2,2,121,2,11.4
2026-06-01,6,2,1,170,2,11.3
2026-06-01,6,2,2,83,2,10.7
2026-06-01,7,3,1,218,7,8.9
2026-06-01,7,3,2,91,3,8.8
2026-06-01,8,8,1,276,10,7.2
2026-06-01,8,8,2,144,8,6.9
2026-06-01,9,8,1,107,3,9.1
2026-06-01,9,8,2,59,2,9.2
2026-06-01,10,7,1,380,17,5.8
2026-06-01,10,7,2,167,13,5.8
2026-06-01,11,4,1,120,2,11.7
2026-06-01,11,4,2,60,1,11.7
2026-06-01,12,4,1,280,1,15.2
2026-06-01,12,4,2,154,1,14.7
2026-06-01,13,4,1,124,2,11.4
2026-06-01,13,4,2,55,1,11.1
2026-06-01,14,5,1,110,3,9.2
2026-06-01,14,5,2,48,2,9.4
2026-06-01,15,9,1,140,5,7.7
2026-06-01,15,9,2,66,3,7.2
2026-06-01,16,9,1,137,3,8.7
2026-06-01,16,9,2,60,2,8.8
2026-06-01,17,6,1,492,14,7.9
2026-06-01,17,6,2,160,6,7.6
2026-06-01,18,6,1,194,12,6.1
2026-06-01,18,6,2,101,6,6.4
2026-06-01,19,6,1,237,1,14.9
2026-06-01,19,6,2,105,1,13.9
2026-06-01,20,11,1,323,1,17.5
2026-06-01,20,11,2,122,0,16.4
2026-06-01,21,11,1,61,2,8.1
2026-06-01,21,11,2,29,1,8.0
2026-06-01,22,2,1,247,1,16.1
2026-06-01,22,2,2,94,0,15.2
2026-06-02,1,1,1,31,16,1.1
2026-06-02,1,1,2,15,9,1.0
2026-06-02,2,10,1,12,6,1.4
2026-06-02,2,10,2,4,2,1.1
2026-06-02,3,12,1,6,3,1.6
2026-06-02,3,12,2,3,2,1.8
2026-06-02,4,2,1,210,6,9.8
2026-06-02,4,2,2,98,3,9.5
2026-06-02,5,2,1,310,3,12.7
2026-06-02,5,2,2,131,2,11.8
2026-06-02,6,2,1,148,2,10.7
2026-06-02,6,2,2,87,2,11.0
2026-06-02,7,3,1,318,10,8.5
2026-06-02,7,3,2,115,5,8.2
2026-06-02,8,8,1,303,15,6.6
2026-06-02,8,8,2,157,6,6.3
2026-06-02,9,8,1,117,3,9.0
2026-06-02,9,8,2,51,2,9.2
2026-06-02,10,7,1,382,18,5.7
2026-06-02,10,7,2,121,9,5.0
2026-06-02,11,4,1,136,2,11.7
2026-06-02,11,4,2,52,1,11.2
2026-06-02,12,4,1,289,2,14.0
2026-06-02,12,4,2,113,1,14.6
2026-06-02,13,4,1,136,2,11.7
2026-06-02,13,4,2,52,1,11.1
2026-06-02,14,5,1,114,3,9.6
2026-06-02,14,5,2,52,2,9.3
2026-06-02,15,9,1,115,4,7.4
2026-06-02,15,9,2,61,3,6.9
2026-06-02,16,9,1,119,3,7.7
2026-06-02,16,9,2,66,3,7.9
2026-06-02,17,6,1,471,17,7.5
2026-06-02,17,6,2,170,7,7.3
2026-06-02,18,6,1,224,11,6.2
2026-06-02,18,6,2,99,4,6.5
2026-06-02,19,6,1,184,1,14.6
2026-06-02,19,6,2,109,1,14.7
2026-06-02,20,11,1,329,0,17.6
2026-06-02,20,11,2,157,0,17.4
2026-06-02,21,11,1,56,2,8.7
2026-06-02,21,11,2,24,1,7.7
2026-06-02,22,2,1,207,1,15.6
2026-06-02,22,2,2,124,0,15.3
2026-06-03,1,1,1,30,11,1.5
2026-06-03,1,1,2,15,8,1.1
2026-06-03,2,10,1,8,4,1.6
2026-06-03,2,10,2,4,2,1.3
2026-06-03,3,12,1,5,2,2.4
2026-06-03,3,12,2,2,1,1.4
2026-06-03,4,2,1,240,5,10.0
2026-06-03,4,2,2,102,3,9.9
2026-06-03,5,2,1,228,3,12.5
2026-06-03,5,2,2,119,1,12.2
2026-06-03,6,2,1,172,2,11.1
2026-06-03,6,2,2,66,1,10.7
2026-06-03,7,3,1,241,9,8.6
2026-06-03,7,3,2,93,4,8.1
2026-06-03,8,8,1,253,10,6.9
2026-06-03,8,8,2,106,6,6.8
2026-06-03,9,8,1,117,4,8.9
2026-06-03,9,8,2,47,2,9.1
2026-06-03,10,7,1,312,20,5.3
2026-06-03,10,7,2,160,11,5.3
2026-06-03,11,4,1,145,2,11.8
2026-06-03,11,4,2,58,1,11.7
2026-06-03,12,4,1,261,1,14.2
2026-06-03,12,4,2,116,1,14.4
2026-06-03,13,4,1,138,2,11.5
2026-06-03,13,4,2,56,1,11.2
2026-06-03,14,5,1,100,3,9.3
2026-06-03,14,5,2,49,1,9.9
2026-06-03,15,9,1,136,4,7.5
2026-06-03,15,9,2,75,5,7.3
2026-06-03,16,9,1,109,3,8.3
2026-06-03,16,9,2,60,2,8.3
2026-06-03,17,6,1,367,13,7.7
2026-06-03,17,6,2,165,9,6.9
2026-06-03,18,6,1,231,8,6.8
2026-06-03,18,6,2,96,6,6.4
2026-06-03,19,6,1,225,1,14.8
2026-06-03,19,6,2,102,0,14.5
2026-06-03,20,11,1,287,0,17.4
2026-06-03,20,11,2,136,0,17.6
2026-06-03,21,11,1,55,1,8.9
2026-06-03,21,11,2,27,1,8.3
2026-06-03,22,2,1,182,1,15.6
2026-06-03,22,2,2,85,0,15.5
2026-06-04,1,1,1,32,14,2.1
2026-06-04,1,1,2,15,7,1.2
2026-06-04,2,10,1,11,5,1.3
2026-06-04,2,10,2,4,2,1.6
2026-06-04,3,12,1,8,3,2.2
2026-06-04,3,12,2,3,1,1.9
2026-06-04,4,2,1,186,4,9.9
2026-06-04,4,2,2,95,3,9.7
2026-06-04,5,2,1,276,2,12.4
2026-06-04,5,2,2,114,1,12.3
2026-06-04,6,2,1,177,2,10.9
2026-06-04,6,2,2,60,1,10.8
2026-06-04,7,3,1,240,7,8.5
2026-06-04,7,3,2,126,5,8.0
2026-06-04,8,8,1,252,11,6.8
2026-06-04,8,8,2,145,6,6.6
2026-06-04,9,8,1,118,3,9.5
2026-06-04,9,8,2,69,2,9.2
2026-06-04,10,7,1,323,21,5.8
2026-06-04,10,7,2,142,10,5.8
2026-06-04,11,4,1,121,1,12.0
2026-06-04,11,4,2,63,1,11.5
2026-06-04,12,4,1,233,1,14.7
2026-06-04,12,4,2,120,1,14.2
2026-06-04,13,4,1,132,2,11.2
2026-06-04,13,4,2,58,2,11.0
2026-06-04,14,5,1,76,1,9.6
2026-06-04,14,5,2,55,2,9.1
2026-06-04,15,9,1,134,4,7.6
2026-06-04,15,9,2,77,2,7.1
2026-06-04,16,9,1,114,4,7.8
2026-06-04,16,9,2,62,2,8.1
2026-06-04,17,6,1,409,19,7.4
2026-06-04,17,6,2,193,7,7.3
2026-06-04,18,6,1,195,9,6.5
2026-06-04,18,6,2,93,5,6.3
2026-06-04,19,6,1,229,1,14.4
2026-06-04,19,6,2,99,0,14.9
2026-06-04,20,11,1,307,1,17.1
2026-06-04,20,11,2,157,0,17.5
2026-06-04,21,11,1,54,2,8.5
2026-06-04,21,11,2,27,1,8.5
2026-06-04,22,2,1,228,1,15.3
2026-06-04,22,2,2,95,0,15.7
2026-06-05,1,1,1,35,16,1.8
2026-06-05,1,1,2,18,7,1.0
2026-06-05,2,10,1,11,5,1.9
2026-06-05,2,10,2,5,2,1.7
2026-06-05,3,12,1,6,2,2.1
2026-06-05,3,12,2,3,2,1.1
2026-06-05,4,2,1,233,6,9.9
2026-06-05,4,2,2,125,3,10.4
2026-06-05,5,2,1,216,2,12.4
2026-06-05,5,2,2,129,2,11.8
2026-06-05,6,2,1,178,3,10.7
2026-06-05,6,2,2,71,1,10.3
2026-06-05,7,3,1,253,7,8.5
2026-06-05,7,3,2,119,4,8.4
2026-06-05,8,8,1,291,13,6.7
2026-06-05,8,8,2,137,7,6.4
2026-06-05,9,8,1,110,3,9.4
2026-06-05,9,8,2,49,2,9.0
2026-06-05,10,7,1,391,28,5.9
2026-06-05,10,7,2,163,10,5.8
2026-06-05,11,4,1,120,2,11.9
2026-06-05,11,4,2,65,1,11.7
2026-06-05,12,4,1,244,1,14.5
2026-06-05,12,4,2,141,1,13.4
2026-06-05,13,4,1,141,2,11.7
2026-06-05,13,4,2,63,1,11.0
2026-06-05,14,5,1,112,3,9.2
2026-06-05,14,5,2,51,2,9.0
2026-06-05,15,9,1,121,4,7.3
2026-06-05,15,9,2,63,3,6.8
2026-06-05,16,9,1,96,3,8.2
2026-06-05,16,9,2,67,2,7.9
2026-06-05,17,6,1,472,12,8.1
2026-06-05,17,6,2,214,9,7.7
2026-06-05,18,6,1,188,10,6.2
2026-06-05,18,6,2,130,9,6.3
2026-06-05,19,6,1,286,1,14.5
2026-06-05,19,6,2,129,1,14.9
2026-06-05,20,11,1,306,0,17.5
2026-06-05,20,11,2,192,0,16.8
2026-06-05,21,11,1,58,1,8.9
2026-06-05,21,11,2,27,1,8.0
2026-06-05,22,2,1,170,1,15.3
2026-06-05,22,2,2,85,0,15.9
2026-06-06,1,1,1,26,9,2.0
2026-06-06,1,1,2,13,8,1.0
2026-06-06,2,10,1,7,3,1.4
2026-06-06,2,10,2,3,1,1.5
2026-06-06,3,12,1,6,2,1.8
2026-06-06,3,12,2,2,1,1.4
2026-06-06,4,2,1,201,4,9.7
2026-06-06,4,2,2,86,2,9.9
2026-06-06,5,2,1,202,2,12.0
2026-06-06,5,2,2,71,1,12.2
2026-06-06,6,2,1,157,2,11.1
2026-06-06,6,2,2,71,1,10.5
2026-06-06,7,3,1,187,9,7.6
2026-06-06,7,3,2,94,3,8.6
2026-06-06,8,8,1,256,7,6.9
2026-06-06,8,8,2,91,4,6.6
2026-06-06,9,8,1,94,3,9.1
2026-06-06,9,8,2,36,1,8.7
2026-06-06,10,7,1,242,14,5.6
2026-06-06,10,7,2,114,10,5.7
2026-06-06,11,4,1,125,2,12.4
2026-06-06,11,4,2,52,1,12.1
2026-06-06,12,4,1,274,1,14.5
2026-06-06,12,4,2,91,0,14.4
2026-06-06,13,4,1,100,1,11.6
2026-06-06,13,4,2,44,1,11.4
2026-06-06,14,5,1,88,2,9.9
2026-06-06,14,5,2,37,1,9.4
2026-06-06,15,9,1,118,3,7.4
2026-06-06,15,9,2,67,3,7.7
2026-06-06,16,9,1,114,3,8.7
2026-06-06,16,9,2,54,1,8.2
2026-06-06,17,6,1,299,12,7.4
2026-06-06,17,6,2,158,6,7.6
2026-06-06,18,6,1,150,8,7.1
2026-06-06,18,6,2,85,6,6.3
2026-06-06,19,6,1,167,1,14.8
2026-06-06,19,6,2,94,0,14.7
2026-06-06,20,11,1,234,0,16.9
2026-06-06,20,11,2,137,0,17.1
2026-06-06,21,11,1,43,1,8.5
2026-06-06,21,11,2,22,1,8.5
2026-06-06,22,2,1,172,1,15.8
2026-06-06,22,2,2,75,0,15.3
2026-06-07,1,1,1,26,13,1.2
2026-06-07,1,1,2,13,6,1.2
2026-06-07,2,10,1,7,3,1.1
2026-06-07,2,10,2,4,2,1.1
2026-06-07,3,12,1,5,2,2.1
2026-06-07,3,12,2,2,1,2.3
2026-06-07,4,2,1,178,3,10.4
2026-06-07,4,2,2,95,3,9.8
2026-06-07,5,2,1,222,3,12.3
2026-06-07,5,2,2,112,1,12.0
2026-06-07,6,2,1,134,2,11.1
2026-06-07,6,2,2,66,2,10.0
2026-06-07,7,3,1,147,5,8.2
2026-06-07,7,3,2,86,3,8.2
2026-06-07,8,8,1,225,11,6.3
2026-06-07,8,8,2,123,6,6.8
2026-06-07,9,8,1,109,3,9.4
2026-06-07,9,8,2,47,1,9.1
2026-06-07,10,7,1,211,11,6.0
2026-06-07,10,7,2,168,16,5.0
2026-06-07,11,4,1,100,1,11.8
2026-06-07,11,4,2,54,1,11.6
2026-06-07,12,4,1,226,1,14.7
2026-06-07,12,4,2,111,1,14.3
2026-06-07,13,4,1,102,1,11.4
2026-06-07,13,4,2,45,1,10.2
2026-06-07,14,5,1,76,2,9.7
2026-06-07,14,5,2,35,1,9.6
2026-06-07,15,9,1,125,5,6.9
2026-06-07,15,9,2,57,3,7.5
2026-06-07,16,9,1,107,4,8.2
2026-06-07,16,9,2,48,2,8.1
2026-06-07,17,6,1,351,10,7.7
2026-06-07,17,6,2,155,7,7.9
2026-06-07,18,6,1,184,8,6.6
2026-06-07,18,6,2,92,6,6.2
2026-06-07,19,6,1,181,1,14.6
2026-06-07,19,6,2,90,0,14.4
2026-06-07,20,11,1,256,0,17.2
2026-06-07,20,11,2,118,0,17.3
2026-06-07,21,11,1,49,2,8.4
2026-06-07,21,11,2,28,1,8.6
2026-06-07,22,2,1,158,1,15.4
2026-06-07,22,2,2,62,0,15.4
2026-06-08,1,1,1,30,12,1.8
2026-06-08,1,1,2,13,5,1.0
2026-06-08,2,10,1,9,4,1.3
2026-06-08,2,10,2,4,2,1.9
2026-06-08,3,12,1,8,3,2.4
2026-06-08,3,12,2,3,2,1.4
2026-06-08,4,2,1,185,3,10.2
2026-06-08,4,2,2,114,3,9.8
2026-06-08,5,2,1,291,3,12.3
2026-06-08,5,2,2,132,2,12.0
2026-06-08,6,2,1,175,3,11.0
2026-06-08,6,2,2,90,3,10.3
2026-06-08,7,3,1,229,6,9.0
2026-06-08,7,3,2,106,5,8.3
2026-06-08,8,8,1,277,9,6.9
2026-06-08,8,8,2,130,7,6.6
2026-06-08,9,8,1,94,2,9.4
2026-06-08,9,8,2,69,3,9.0
2026-06-08,10,7,1,377,19,5.9
2026-06-08,10,7,2,162,8,5.7
2026-06-08,11,4,1,152,2,11.5
2026-06-08,11,4,2,47,1,11.7
2026-06-08,12,4,1,281,1,14.6
2026-06-08,12,4,2,130,1,14.7
2026-06-08,13,4,1,134,2,11.5
2026-06-08,13,4,2,61,1,11.2
2026-06-08,14,5,1,142,5,9.4
2026-06-08,14,5,2,57,2,8.7
2026-06-08,15,9,1,164,5,7.5
2026-06-08,15,9,2,71,3,6.7
2026-06-08,16,9,1,123,4,8.3
2026-06-08,16,9,2,62,2,8.4
2026-06-08,17,6,1,356,16,7.4
2026-06-08,17,6,2,164,8,6.9
2026-06-08,18,6,1,245,12,6.0
2026-06-08,18,6,2,86,5,6.7
2026-06-08,19,6,1,240,1,14.8
2026-06-08,19,6,2,111,0,14.4
2026-06-08,20,11,1,273,0,17.3
2026-06-08,20,11,2,162,0,16.5
2026-06-08,21,11,1,62,2,8.9
2026-06-08,21,11,2,23,1,8.0
2026-06-08,22,2,1,187,1,15.4
2026-06-08,22,2,2,91,0,15.3
2026-06-09,1,1,1,30,14,1.7
2026-06-09,1,1,2,14,6,1.6
2026-06-09,2,10,1,9,4,1.8
2026-06-09,2,10,2,5,3,1.3
2026-06-09,3,12,1,7,3,1.7
2026-06-09,3,12,2,2,1,2.1
2026-06-09,4,2,1,205,5,10.0
2026-06-09,4,2,2,86,2,9.9
2026-06-09,5,2,1,254,3,11.9
2026-06-09,5,2,2,102,2,12.2
2026-06-09,6,2,1,194,3,10.7
2026-06-09,6,2,2,77,1,10.7
2026-06-09,7,3,1,219,7,7.8
2026-06-09,7,3,2,100,5,8.2
2026-06-09,8,8,1,249,13,6.4
2026-06-09,8,8,2,122,7,6.5
2026-06-09,9,8,1,117,4,9.0
2026-06-09,9,8,2,65,2,8.8
2026-06-09,10,7,1,391,19,5.7
2026-06-09,10,7,2,157,9,5.8
2026-06-09,11,4,1,140,2,11.9
2026-06-09,11,4,2,68,1,11.8
2026-06-09,12,4,1,303,2,14.1
2026-06-09,12,4,2,137,1,14.6
2026-06-09,13,4,1,140,2,11.4
2026-06-09,13,4,2,69,1,10.8
2026-06-09,14,5,1,112,3,9.3
2026-06-09,14,5,2,49,2,9.4
2026-06-09,15,9,1,145,6,7.5
2026-06-09,15,9,2,62,3,7.3
2026-06-09,16,9,1,128,4,8.6
2026-06-09,16,9,2,65,3,7.6
2026-06-09,17,6,1,402,14,7.4
2026-06-09,17,6,2,185,7,7.8
2026-06-09,18,6,1,214,10,6.7
2026-06-09,18,6,2,116,6,6.5
2026-06-09,19,6,1,237,1,14.1
2026-06-09,19,6,2,124,1,14.5
2026-06-09,20,11,1,384,1,16.9
2026-06-09,20,11,2,205,1,16.9
2026-06-09,21,11,1,57,2,8.4
2026-06-09,21,11,2,27,1,8.5
2026-06-09,22,2,1,206,1,15.3
2026-06-09,22,2,2,95,0,15.1
2026-06-10,1,1,1,29,10,1.2
2026-06-10,1,1,2,16,9,1.4
2026-06-10,2,10,1,11,5,1.2
2026-06-10,2,10,2,4,2,1.6
2026-06-10,3,12,1,5,2,2.1
2026-06-10,3,12,2,3,2,1.1
2026-06-10,4,2,1,154,3,10.2
2026-06-10,4,2,2,96,3,9.6
2026-06-10,5,2,1,254,2,12.1
2026-06-10,5,2,2,114,1,12.4
2026-06-10,6,2,1,184,2,10.9
2026-06-10,6,2,2,94,3,10.6
2026-06-10,7,3,1,287,9,8.4
2026-06-10,7,3,2,98,5,7.9
2026-06-10,8,8,1,284,12,6.6
2026-06-10,8,8,2,149,7,6.8
2026-06-10,9,8,1,115,4,9.3
2026-06-10,9,8,2,43,2,8.7
2026-06-10,10,7,1,358,22,6.1
2026-06-10,10,7,2,209,18,5.3
2026-06-10,11,4,1,133,2,12.0
2026-06-10,11,4,2,71,1,11.3
2026-06-10,12,4,1,258,1,14.4
2026-06-10,12,4,2,114,1,14.6
2026-06-10,13,4,1,144,2,11.0
2026-06-10,13,4,2,55,1,11.0
2026-06-10,14,5,1,122,3,9.9
2026-06-10,14,5,2,55,2,9.3
2026-06-10,15,9,1,159,5,7.1
2026-06-10,15,9,2,74,4,7.1
2026-06-10,16,9,1,117,3,8.6
2026-06-10,16,9,2,59,2,7.8
2026-06-10,17,6,1,350,8,7.9
2026-06-10,17,6,2,208,8,7.2
2026-06-10,18,6,1,203,11,6.5
2026-06-10,18,6,2,108,5,6.3
2026-06-10,19,6,1,190,1,15.3
2026-06-10,19,6,2,92,0,14.9
2026-06-10,20,11,1,341,1,17.6
2026-06-10,20,11,2,165,0,16.7
2026-06-10,21,11,1,57,2,8.5
2026-06-10,21,11,2,29,1,8.1
2026-06-10,22,2,1,205,1,15.5
2026-06-10,22,2,2,117,1,15.3
2026-06-11,1,1,1,29,13,1.7
2026-06-11,1,1,2,17,9,1.0
2026-06-11,2,10,1,12,7,1.1
2026-06-11,2,10,2,4,4,1.3
2026-06-11,3,12,1,6,2,1.8
2026-06-11,3,12,2,3,1,1.6
2026-06-11,4,2,1,228,4,10.0
2026-06-11,4,2,2,111,3,9.9
2026-06-11,5,2,1,247,2,12.4
2026-06-11,5,2,2,118,2,12.3
2026-06-11,6,2,1,170,2,10.7
2026-06-11,6,2,2,81,2,10.7
2026-06-11,7,3,1,240,7,8.5
2026-06-11,7,3,2,113,5,8.0
2026-06-11,8,8,1,295,14,6.5
2026-06-11,8,8,2,135,6,6.7
2026-06-11,9,8,1,124,3,9.7
2026-06-11,9,8,2,61,2,8.8
2026-06-11,10,7,1,282,14,5.7
2026-06-11,10,7,2,168,13,4.9
2026-06-11,11,4,1,138,1,11.9
2026-06-11,11,4,2,61,1,12.3
2026-06-11,12,4,1,279,1,13.7
2026-06-11,12,4,2,137,1,14.4
2026-06-11,13,4,1,142,2,11.3
2026-06-11,13,4,2,49,1,11.8
2026-06-11,14,5,1,100,2,9.9
2026-06-11,14,5,2,57,2,9.1
2026-06-11,15,9,1,160,6,6.9
2026-06-11,15,9,2,67,3,6.9
2026-06-11,16,9,1,110,3,8.4
2026-06-11,16,9,2,69,2,8.0
2026-06-11,17,6,1,347,11,7.5
2026-06-11,17,6,2,245,11,8.0
2026-06-11,18,6,1,194,10,6.1
2026-06-11,18,6,2,91,5,6.7
2026-06-11,19,6,1,224,1,14.7
2026-06-11,19,6,2,99,0,14.7
2026-06-11,20,11,1,306,1,17.1
2026-06-11,20,11,2,150,0,17.4
2026-06-11,21,11,1,55,2,8.1
2026-06-11,21,11,2,26,1,8.2
2026-06-11,22,2,1,222,1,15.8
2026-06-11,22,2,2,87,0,15.2
2026-06-12,1,1,1,32,10,1.0
2026-06-12,1,1,2,15,7,1.4
2026-06-12,2,10,1,9,5,1.4
2026-06-12,2,10,2,5,2,1.3
2026-06-12,3,12,1,7,3,1.7
2026-06-12,3,12,2,3,1,2.3
2026-06-12,4,2,1,182,4,9.8
2026-06-12,4,2,2,95,3,9.3
2026-06-12,5,2,1,257,2,12.4
2026-06-12,5,2,2,120,1,11.7
2026-06-12,6,2,1,170,3,10.5
2026-06-12,6,2,2,90,2,10.4
2026-06-12,7,3,1,291,8,9.0
2026-06-12,7,3,2,109,5,8.6
2026-06-12,8,8,1,276,10,7.3
2026-06-12,8,8,2,157,9,6.4
2026-06-12,9,8,1,112,3,9.2
2026-06-12,9,8,2,50,2,8.9
2026-06-12,10,7,1,334,13,6.3
2026-06-12,10,7,2,224,20,5.3
2026-06-12,11,4,1,166,2,11.9
2026-06-12,11,4,2,62,1,11.5
2026-06-12,12,4,1,308,1,14.8
2026-06-12,12,4,2,115,0,14.6
2026-06-12,13,4,1,130,2,10.9
2026-06-12,13,4,2,67,1,11.0
2026-06-12,14,5,1,89,3,9.1
2026-06-12,14,5,2,47,1,9.3
2026-06-12,15,9,1,141,7,6.9
2026-06-12,15,9,2,67,4,6.7
2026-06-12,16,9,1,135,4,8.3
2026-06-12,16,9,2,57,1,8.0
2026-06-12,17,6,1,342,13,7.1
2026-06-12,17,6,2,224,9,7.2
2026-06-12,18,6,1,247,13,6.4
2026-06-12,18,6,2,107,7,5.9
2026-06-12,19,6,1,241,1,14.4
2026-06-12,19,6,2,95,1,14.9
2026-06-12,20,11,1,341,0,17.7
2026-06-12,20,11,2,175,0,17.6
2026-06-12,21,11,1,53,1,8.8
2026-06-12,21,11,2,31,1,8.1
2026-06-12,22,2,1,183,1,15.6
2026-06-12,22,2,2,105,1,15.5
2026-06-13,1,1,1,26,12,1.3
2026-06-13,1,1,2,13,6,1.3
2026-06-13,2,10,1,7,3,1.0
2026-06-13,2,10,2,3,2,2.0
2026-06-13,3,12,1,5,3,2.1
2026-06-13,3,12,2,2,1,1.5
2026-06-13,4,2,1,214,4,10.2
2026-06-13,4,2,2,87,3,10.0
2026-06-13,5,2,1,191,2,12.4
2026-06-13,5,2,2,90,2,11.7
2026-06-13,6,2,1,151,2,10.7
2026-06-13,6,2,2,77,2,10.5
2026-06-13,7,3,1,188,6,8.2
2026-06-13,7,3,2,81,4,8.2
2026-06-13,8,8,1,297,12,6.9
2026-06-13,8,8,2,102,6,6.2
2026-06-13,9,8,1,99,2,9.0
2026-06-13,9,8,2,55,2,9.3
2026-06-13,10,7,1,298,16,6.1
2026-06-13,10,7,2,141,9,5.0
2026-06-13,11,4,1,90,1,11.0
2026-06-13,11,4,2,55,1,11.3
2026-06-13,12,4,1,238,1,14.4
2026-06-13,12,4,2,126,1,14.7
2026-06-13,13,4,1,132,2,11.2
2026-06-13,13,4,2,47,1,10.5
2026-06-13,14,5,1,73,2,9.8
2026-06-13,14,5,2,35,1,9.4
2026-06-13,15,9,1,123,4,7.4
2026-06-13,15,9,2,50,2,7.0
2026-06-13,16,9,1,106,3,8.7
2026-06-13,16,9,2,60,2,7.8
2026-06-13,17,6,1,340,8,7.6
2026-06-13,17,6,2,148,5,7.8
2026-06-13,18,6,1,162,9,6.2
2026-06-13,18,6,2,83,4,6.2
2026-06-13,19,6,1,208,1,14.7
2026-06-13,19,6,2,91,0,14.8
2026-06-13,20,11,1,214,0,16.9
2026-06-13,20,11,2,84,0,16.8
2026-06-13,21,11,1,46,1,8.8
2026-06-13,21,11,2,22,1,8.7
2026-06-13,22,2,1,152,1,15.2
2026-06-13,22,2,2,66,0,15.2
2026-06-14,1,1,1,26,13,1.4
2026-06-14,1,1,2,11,5,1.2
2026-06-14,2,10,1,8,3,1.7
2026-06-14,2,10,2,4,2,1.6
2026-06-14,3,12,1,5,2,2.7
2026-06-14,3,12,2,3,1,2.1
2026-06-14,4,2,1,140,3,10.1
2026-06-14,4,2,2,92,2,9.9
2026-06-14,5,2,1,229,2,12.3
2026-06-14,5,2,2,105,1,12.0
2026-06-14,6,2,1,165,2,10.4
2026-06-14,6,2,2,62,1,10.8
2026-06-14,7,3,1,244,9,7.5
2026-06-14,7,3,2,87,4,8.3
2026-06-14,8,8,1,237,13,6.4
2026-06-14,8,8,2,138,10,5.7
2026-06-14,9,8,1,101,3,8.9
2026-06-14,9,8,2,47,1,9.0
2026-06-14,10,7,1,253,13,5.8
2026-06-14,10,7,2,138,11,5.3
2026-06-14,11,4,1,124,2,11.8
2026-06-14,11,4,2,45,1,11.6
2026-06-14,12,4,1,210,1,14.4
2026-06-14,12,4,2,108,0,14.1
2026-06-14,13,4,1,112,2,11.0
2026-06-14,13,4,2,48,1,11.1
2026-06-14,14,5,1,86,2,9.6
2026-06-14,14,5,2,32,1,9.3
2026-06-14,15,9,1,106,4,7.6
2026-06-14,15,9,2,50,3,6.7
2026-06-14,16,9,1,97,2,8.1
2026-06-14,16,9,2,49,1,8.3
2026-06-14,17,6,1,335,11,8.0
2026-06-14,17,6,2,189,9,7.4
2026-06-14,18,6,1,146,6,6.2
2026-06-14,18,6,2,109,6,6.3
2026-06-14,19,6,1,177,0,14.4
2026-06-14,19,6,2,119,1,14.5
2026-06-14,20,11,1,218,0,17.2
2026-06-14,20,11,2,120,0,17.2
2026-06-14,21,11,1,50,2,8.7
2026-06-14,21,11,2,24,1,8.2
2026-06-14,22,2,1,173,1,15.3
2026-06-14,22,2,2,83,0,14.8
2026-06-15,1,1,1,35,14,1.7
2026-06-15,1,1,2,16,8,1.2
2026-06-15,2,10,1,10,5,1.6
2026-06-15,2,10,2,4,2,1.4
2026-06-15,3,12,1,6,2,1.8
2026-06-15,3,12,2,3,1,2.0
2026-06-15,4,2,1,182,3,9.9
2026-06-15,4,2,2,95,3,9.6
2026-06-15,5,2,1,284,2,12.7
2026-06-15,5,2,2,110,1,12.1
2026-06-15,6,2,1,167,3,10.7
2026-06-15,6,2,2,96,2,10.4
2026-06-15,7,3,1,227,6,8.4
2026-06-15,7,3,2,90,4,8.1
2026-06-15,8,8,1,325,16,6.1
2026-06-15,8,8,2,129,6,6.6
2026-06-15,9,8,1,132,4,9.1
2026-06-15,9,8,2,62,2,8.4
2026-06-15,10,7,1,427,29,5.7
2026-06-15,10,7,2,176,14,5.3
2026-06-15,11,4,1,157,2,12.1
2026-06-15,11,4,2,57,1,11.7
2026-06-15,12,4,1,272,1,14.4
2026-06-15,12,4,2,135,1,14.6
2026-06-15,13,4,1,142,2,11.3
2026-06-15,13,4,2,52,1,11.2
2026-06-15,14,5,1,120,3,9.4
2026-06-15,14,5,2,54,2,9.4
2026-06-15,15,9,1,186,10,7.0
2026-06-15,15,9,2,49,2,7.3
2026-06-15,16,9,1,163,6,7.9
2026-06-15,16,9,2,54,2,7.7
2026-06-15,17,6,1,461,24,7.2
2026-06-15,17,6,2,188,6,7.7
2026-06-15,18,6,1,194,8,6.5
2026-06-15,18,6,2,108,8,5.6
2026-06-15,19,6,1,222,1,14.4
2026-06-15,19,6,2,109,1,14.4
2026-06-15,20,11,1,328,1,17.3
2026-06-15,20,11,2,148,0,17.2
2026-06-15,21,11,1,64,2,8.6
2026-06-15,21,11,2,23,1,7.9
2026-06-15,22,2,1,211,1,15.4
2026-06-15,22,2,2,99,1,15.5
2026-06-16,1,1,1,30,11,1.6
2026-06-16,1,1,2,15,8,1.0
2026-06-16,2,10,1,8,3,1.3
2026-06-16,2,10,2,4,2,1.5
2026-06-16,3,12,1,7,3,2.1
2026-06-16,3,12,2,3,1,2.2
2026-06-16,4,2,1,193,3,10.4
2026-06-16,4,2,2,88,3,9.8
2026-06-16,5,2,1,222,2,12.1
2026-06-16,5,2,2,112,1,12.4
2026-06-16,6,2,1,173,3,10.7
2026-06-16,6,2,2,83,2,10.1
2026-06-16,7,3,1,302,12,8.2
2026-06-16,7,3,2,103,4,8.6
2026-06-16,8,8,1,290,9,7.3
2026-06-16,8,8,2,136,7,6.2
2026-06-16,9,8,1,114,3,8.9
2026-06-16,9,8,2,68,2,8.5
2026-06-16,10,7,1,319,22,5.5
2026-06-16,10,7,2,183,13,5.6
2026-06-16,11,4,1,185,2,11.3
2026-06-16,11,4,2,65,1,11.5
2026-06-16,12,4,1,251,1,14.0
2026-06-16,12,4,2,120,1,14.1
2026-06-16,13,4,1,151,3,11.3
2026-06-16,13,4,2,57,1,11.0
2026-06-16,14,5,1,109,3,9.3
2026-06-16,14,5,2,41,2,9.1
2026-06-16,15,9,1,118,5,7.1
2026-06-16,15,9,2,81,4,7.0
2026-06-16,16,9,1,159,4,8.6
2026-06-16,16,9,2,56,2,8.3
2026-06-16,17,6,1,390,14,7.4
2026-06-16,17,6,2,191,8,7.2
2026-06-16,18,6,1,183,9,7.0
2026-06-16,18,6,2,123,7,6.2
2026-06-16,19,6,1,255,1,14.9
2026-06-16,19,6,2,117,1,14.2
2026-06-16,20,11,1,293,1,17.7
2026-06-16,20,11,2,149,0,17.4
2026-06-16,21,11,1,55,2,8.4
2026-06-16,21,11,2,28,1,8.5
2026-06-16,22,2,1,197,1,15.7
2026-06-16,22,2,2,105,0,15.3
2026-06-17,1,1,1,28,14,1.0
2026-06-17,1,1,2,14,7,1.0
2026-06-17,2,10,1,10,5,1.3
2026-06-17,2,10,2,4,2,1.4
2026-06-17,3,12,1,7,3,2.0
2026-06-17,3,12,2,3,1,1.1
2026-06-17,4,2,1,243,5,10.2
2026-06-17,4,2,2,109,4,9.9
2026-06-17,5,2,1,274,2,12.5
2026-06-17,5,2,2,116,2,12.0
2026-06-17,6,2,1,191,3,11.2
2026-06-17,6,2,2,85,2,11.0
2026-06-17,7,3,1,249,7,8.6
2026-06-17,7,3,2,99,4,8.3
2026-06-17,8,8,1,269,11,6.7
2026-06-17,8,8,2,131,8,5.9
2026-06-17,9,8,1,147,4,9.4
2026-06-17,9,8,2,56,1,9.3
2026-06-17,10,7,1,339,15,5.8
2026-06-17,10,7,2,170,16,5.6
2026-06-17,11,4,1,128,1,11.8
2026-06-17,11,4,2,61,1,10.7
2026-06-17,12,4,1,319,1,14.6
2026-06-17,12,4,2,176,1,14.4
2026-06-17,13,4,1,126,2,11.1
2026-06-17,13,4,2,55,1,11.1
2026-06-17,14,5,1,99,2,9.4
2026-06-17,14,5,2,52,2,8.6
2026-06-17,15,9,1,183,7,7.3
2026-06-17,15,9,2,72,3,7.6
2026-06-17,16,9,1,146,4,8.0
2026-06-17,16,9,2,54,2,7.9
2026-06-17,17,6,1,470,15,7.6
2026-06-17,17,6,2,184,10,6.4
2026-06-17,18,6,1,227,6,6.6
2026-06-17,18,6,2,78,4,6.3
2026-06-17,19,6,1,233,1,14.5
2026-06-17,19,6,2,90,1,14.3
2026-06-17,20,11,1,326,1,16.9
2026-06-17,20,11,2,155,0,16.7
2026-06-17,21,11,1,65,2,8.4
2026-06-17,21,11,2,24,1,8.5
2026-06-17,22,2,1,178,1,15.2
2026-06-17,22,2,2,88,0,15.1
2026-06-18,1,1,1,29,18,1.7
2026-06-18,1,1,2,16,7,1.4
2026-06-18,2,10,1,8,3,2.0
2026-06-18,2,10,2,4,2,1.5
2026-06-18,3,12,1,7,3,2.4
2026-06-18,3,12,2,3,2,1.7
2026-06-18,4,2,1,210,5,10.0
2026-06-18,4,2,2,118,4,9.5
2026-06-18,5,2,1,253,3,12.1
2026-06-18,5,2,2,114,2,12.0
2026-06-18,6,2,1,167,3,10.5
2026-06-18,6,2,2,77,2,10.7
2026-06-18,7,3,1,183,5,8.2
2026-06-18,7,3,2,124,4,8.5
2026-06-18,8,8,1,276,11,6.6
2026-06-18,8,8,2,154,8,6.8
2026-06-18,9,8,1,136,3,9.4
2026-06-18,9,8,2,54,2,8.7
2026-06-18,10,7,1,400,20,6.0
2026-06-18,10,7,2,162,14,5.5
2026-06-18,11,4,1,146,2,11.7
2026-06-18,11,4,2,69,1,11.6
2026-06-18,12,4,1,344,2,14.1
2026-06-18,12,4,2,129,1,14.3
2026-06-18,13,4,1,122,2,11.4
2026-06-18,13,4,2,59,1,11.2
2026-06-18,14,5,1,112,4,9.5
2026-06-18,14,5,2,51,2,9.3
2026-06-18,15,9,1,127,6,6.6
2026-06-18,15,9,2,78,3,7.0
2026-06-18,16,9,1,120,3,8.4
2026-06-18,16,9,2,51,2,8.2
2026-06-18,17,6,1,439,17,7.7
2026-06-18,17,6,2,211,7,7.2
2026-06-18,18,6,1,228,13,6.4
2026-06-18,18,6,2,120,8,6.4
2026-06-18,19,6,1,238,1,14.6
2026-06-18,19,6,2,109,1,14.5
2026-06-18,20,11,1,293,1,17.4
2026-06-18,20,11,2,128,0,16.9
2026-06-18,21,11,1,68,2,9.0
2026-06-18,21,11,2,28,1,8.0
2026-06-18,22,2,1,199,1,15.5
2026-06-18,22,2,2,113,1,15.0
2026-06-19,1,1,1,33,14,1.1
2026-06-19,1,1,2,15,10,1.4
2026-06-19,2,10,1,11,5,1.3
2026-06-19,2,10,2,5,2,1.4
2026-06-19,3,12,1,5,2,2.8
2026-06-19,3,12,2,4,2,1.3
2026-06-19,4,2,1,199,4,9.7
2026-06-19,4,2,2,104,3,10.1
2026-06-19,5,2,1,274,2,12.4
2026-06-19,5,2,2,156,2,11.9
2026-06-19,6,2,1,172,3,10.4
2026-06-19,6,2,2,88,3,9.7
2026-06-19,7,3,1,295,13,8.1
2026-06-19,7,3,2,131,6,8.5
2026-06-19,8,8,1,255,9,6.9
2026-06-19,8,8,2,187,9,6.2
2026-06-19,9,8,1,137,3,9.3
2026-06-19,9,8,2,57,2,9.1
2026-06-19,10,7,1,331,19,5.5
2026-06-19,10,7,2,168,10,5.5
2026-06-19,11,4,1,145,2,11.3
2026-06-19,11,4,2,64,1,11.4
2026-06-19,12,4,1,341,2,14.7
2026-06-19,12,4,2,127,1,14.6
2026-06-19,13,4,1,134,2,11.2
2026-06-19,13,4,2,57,1,10.9
2026-06-19,14,5,1,108,3,9.1
2026-06-19,14,5,2,52,2,8.8
2026-06-19,15,9,1,148,5,7.2
2026-06-19,15,9,2,57,3,7.0
2026-06-19,16,9,1,124,2,8.0
2026-06-19,16,9,2,68,3,7.6
2026-06-19,17,6,1,392,13,7.3
2026-06-19,17,6,2,159,4,8.0
2026-06-19,18,6,1,223,11,6.2
2026-06-19,18,6,2,122,8,5.7
2026-06-19,19,6,1,255,1,14.7
2026-06-19,19,6,2,103,0,13.9
2026-06-19,20,11,1,305,1,17.3
2026-06-19,20,11,2,183,0,16.9
2026-06-19,21,11,1,61,2,7.9
2026-06-19,21,11,2,25,1,8.1
2026-06-19,22,2,1,173,1,15.4
2026-06-19,22,2,2,96,0,15.2
2026-06-20,1,1,1,34,16,1.0
2026-06-20,1,1,2,13,6,1.0
2026-06-20,2,10,1,11,4,1.7
2026-06-20,2,10,2,3,2,1.8
2026-06-20,3,12,1,5,2,2.6
2026-06-20,3,12,2,2,1,1.7
2026-06-20,4,2,1,244,5,9.8
2026-06-20,4,2,2,96,3,9.5
2026-06-20,5,2,1,212,3,11.9
2026-06-20,5,2,2,102,1,12.2
2026-06-20,6,2,1,125,2,10.2
2026-06-20,6,2,2,68,2,10.4
2026-06-20,7,3,1,170,4,8.4
2026-06-20,7,3,2,86,3,8.9
2026-06-20,8,8,1,236,11,7.2
2026-06-20,8,8,2,129,6,6.9
2026-06-20,9,8,1,97,3,8.9
2026-06-20,9,8,2,40,1,8.8
2026-06-20,10,7,1,279,21,5.7
2026-06-20,10,7,2,124,7,5.9
2026-06-20,11,4,1,103,2,11.7
2026-06-20,11,4,2,50,1,11.2
2026-06-20,12,4,1,211,1,14.4
2026-06-20,12,4,2,105,1,14.3
2026-06-20,13,4,1,123,2,10.9
2026-06-20,13,4,2,64,1,11.4
2026-06-20,14,5,1,100,2,9.5
2026-06-20,14,5,2,46,2,9.3
2026-06-20,15,9,1,99,4,7.4
2026-06-20,15,9,2,53,2,6.8
2026-06-20,16,9,1,91,3,8.0
2026-06-20,16,9,2,42,1,7.8
2026-06-20,17,6,1,323,11,7.5
2026-06-20,17,6,2,163,9,6.8
2026-06-20,18,6,1,162,7,6.7
2026-06-20,18,6,2,81,4,6.7
2026-06-20,19,6,1,223,1,14.6
2026-06-20,19,6,2,105,1,14.5
2026-06-20,20,11,1,260,0,17.1
2026-06-20,20,11,2,119,0,16.6
2026-06-20,21,11,1,49,2,8.3
2026-06-20,21,11,2,25,1,8.5
2026-06-20,22,2,1,162,1,15.1
2026-06-20,22,2,2,72,0,15.1
2026-06-21,1,1,1,28,11,1.7
2026-06-21,1,1,2,14,8,1.0
2026-06-21,2,10,1,6,2,2.1
2026-06-21,2,10,2,5,2,1.0
2026-06-21,3,12,1,5,2,1.8
2026-06-21,3,12,2,3,1,2.0
2026-06-21,4,2,1,176,4,10.1
2026-06-21,4,2,2,85,3,9.3
2026-06-21,5,2,1,229,3,12.1
2026-06-21,5,2,2,80,1,12.6
2026-06-21,6,2,1,130,3,10.1
2026-06-21,6,2,2,75,2,10.3
2026-06-21,7,3,1,202,8,8.2
2026-06-21,7,3,2,101,3,8.1
2026-06-21,8,8,1,292,11,6.5
2026-06-21,8,8,2,136,5,6.6
2026-06-21,9,8,1,81,2,9.0
2026-06-21,9,8,2,46,2,9.7
2026-06-21,10,7,1,296,18,5.9
2026-06-21,10,7,2,138,14,5.0
2026-06-21,11,4,1,113,2,11.7
2026-06-21,11,4,2,49,1,11.9
2026-06-21,12,4,1,238,1,14.2
2026-06-21,12,4,2,123,1,14.0
2026-06-21,13,4,1,102,2,10.7
2026-06-21,13,4,2,54,1,11.1
2026-06-21,14,5,1,84,2,9.3
2026-06-21,14,5,2,46,1,9.1
2026-06-21,15,9,1,103,4,7.5
2026-06-21,15,9,2,54,2,7.4
2026-06-21,16,9,1,113,3,8.5
2026-06-21,16,9,2,46,2,7.4
2026-06-21,17,6,1,366,13,7.6
2026-06-21,17,6,2,165,6,7.5
2026-06-21,18,6,1,191,8,6.6
2026-06-21,18,6,2,105,7,6.3
2026-06-21,19,6,1,221,1,14.6
2026-06-21,19,6,2,107,1,14.4
2026-06-21,20,11,1,234,0,17.0
2026-06-21,20,11,2,128,0,16.7
2026-06-21,21,11,1,49,2,7.9
2026-06-21,21,11,2,21,1,7.8
2026-06-21,22,2,1,185,1,15.0
2026-06-21,22,2,2,76,0,16.0
2026-06-22,1,1,1,33,19,1.3
2026-06-22,1,1,2,15,7,1.6
2026-06-22,2,10,1,8,3,1.7
2026-06-22,2,10,2,4,2,1.5
2026-06-22,3,12,1,6,3,1.6
2026-06-22,3,12,2,3,2,1.9
2026-06-22,4,2,1,231,5,10.1
2026-06-22,4,2,2,110,4,9.6
2026-06-22,5,2,1,261,3,11.9
2026-06-22,5,2,2,151,2,12.3
2026-06-22,6,2,1,201,3,10.7
2026-06-22,6,2,2,93,2,10.6
2026-06-22,7,3,1,299,12,8.2
2026-06-22,7,3,2,147,5,8.8
2026-06-22,8,8,1,297,15,6.2
2026-06-22,8,8,2,192,10,6.0
2026-06-22,9,8,1,134,2,9.3
2026-06-22,9,8,2,57,1,9.0
2026-06-22,10,7,1,409,32,5.2
2026-06-22,10,7,2,176,11,5.2
2026-06-22,11,4,1,136,2,11.6
2026-06-22,11,4,2,62,1,11.3
2026-06-22,12,4,1,254,1,14.3
2026-06-22,12,4,2,133,1,14.4
2026-06-22,13,4,1,126,1,11.2
2026-06-22,13,4,2,59,1,11.1
2026-06-22,14,5,1,131,5,8.8
2026-06-22,14,5,2,49,2,8.9
2026-06-22,15,9,1,147,5,6.8
2026-06-22,15,9,2,67,3,7.2
2026-06-22,16,9,1,155,4,7.9
2026-06-22,16,9,2,59,2,8.0
2026-06-22,17,6,1,525,18,7.6
2026-06-22,17,6,2,235,9,6.9
2026-06-22,18,6,1,241,11,6.4
2026-06-22,18,6,2,117,7,6.1
2026-06-22,19,6,1,254,1,14.8
2026-06-22,19,6,2,116,0,14.5
2026-06-22,20,11,1,375,1,16.6
2026-06-22,20,11,2,207,0,16.8
2026-06-22,21,11,1,74,2,8.2
2026-06-22,21,11,2,28,1,8.4
2026-06-22,22,2,1,199,1,15.7
2026-06-22,22,2,2,103,1,14.9
2026-06-23,1,1,1,30,12,1.3
2026-06-23,1,1,2,13,6,1.4
2026-06-23,2,10,1,10,4,2.2
2026-06-23,2,10,2,5,2,1.1
2026-06-23,3,12,1,6,2,2.3
2026-06-23,3,12,2,3,1,2.8
2026-06-23,4,2,1,302,9,9.6
2026-06-23,4,2,2,108,4,9.2
2026-06-23,5,2,1,237,2,12.1
2026-06-23,5,2,2,135,2,11.1
2026-06-23,6,2,1,213,3,10.7
2026-06-23,6,2,2,83,3,10.2
2026-06-23,7,3,1,241,7,8.3
2026-06-23,7,3,2,108,4,8.3
2026-06-23,8,8,1,276,12,6.4
2026-06-23,8,8,2,146,8,6.3
2026-06-23,9,8,1,111,3,9.5
2026-06-23,9,8,2,55,2,9.0
2026-06-23,10,7,1,302,23,5.6
2026-06-23,10,7,2,182,11,5.8
2026-06-23,11,4,1,119,2,11.4
2026-06-23,11,4,2,59,1,11.1
2026-06-23,12,4,1,275,1,14.3
2026-06-23,12,4,2,135,1,14.1
2026-06-23,13,4,1,121,2,11.1
2026-06-23,13,4,2,55,1,10.8
2026-06-23,14,5,1,122,4,9.5
2026-06-23,14,5,2,59,2,9.5
2026-06-23,15,9,1,138,4,7.4
2026-06-23,15,9,2,95,5,7.0
2026-06-23,16,9,1,113,3,8.4
2026-06-23,16,9,2,51,2,7.7
2026-06-23,17,6,1,393,17,7.8
2026-06-23,17,6,2,176,7,7.5
2026-06-23,18,6,1,262,14,5.7
2026-06-23,18,6,2,121,9,6.0
2026-06-23,19,6,1,228,1,14.9
2026-06-23,19,6,2,109,1,14.1
2026-06-23,20,11,1,372,1,17.0
2026-06-23,20,11,2,227,1,16.4
2026-06-23,21,11,1,65,2,8.1
2026-06-23,21,11,2,27,1,7.7
2026-06-23,22,2,1,177,1,15.1
2026-06-23,22,2,2,83,0,15.3
2026-06-24,1,1,1,37,12,1.5
2026-06-24,1,1,2,16,6,1.3
2026-06-24,2,10,1,11,4,1.3
2026-06-24,2,10,2,4,2,1.9
2026-06-24,3,12,1,5,2,2.0
2026-06-24,3,12,2,4,1,1.2
2026-06-24,4,2,1,185,5,9.4
2026-06-24,4,2,2,96,3,9.4
2026-06-24,5,2,1,220,2,11.7
2026-06-24,5,2,2,119,1,11.7
2026-06-24,6,2,1,168,2,10.9
2026-06-24,6,2,2,85,2,10.1
2026-06-24,7,3,1,240,9,7.9
2026-06-24,7,3,2,93,3,8.2
2026-06-24,8,8,1,326,10,6.9
2026-06-24,8,8,2,154,11,6.3
2026-06-24,9,8,1,113,3,9.0
2026-06-24,9,8,2,66,3,8.3
2026-06-24,10,7,1,365,22,5.4
2026-06-24,10,7,2,190,17,5.6
2026-06-24,11,4,1,130,2,11.0
2026-06-24,11,4,2,65,1,11.2
2026-06-24,12,4,1,369,1,14.4
2026-06-24,12,4,2,150,1,13.9
2026-06-24,13,4,1,144,2,11.1
2026-06-24,13,4,2,63,1,11.1
2026-06-24,14,5,1,141,4,8.4
2026-06-24,14,5,2,48,2,9.3
2026-06-24,15,9,1,167,7,6.6
2026-06-24,15,9,2,76,3,6.9
2026-06-24,16,9,1,135,2,8.6
2026-06-24,16,9,2,74,2,8.0
2026-06-24,17,6,1,455,19,7.3
2026-06-24,17,6,2,180,6,7.4
2026-06-24,18,6,1,229,10,6.6
2026-06-24,18,6,2,112,8,6.0
2026-06-24,19,6,1,226,1,14.3
2026-06-24,19,6,2,112,1,14.1
2026-06-24,20,11,1,316,0,17.2
2026-06-24,20,11,2,129,0,16.7
2026-06-24,21,11,1,59,2,8.5
2026-06-24,21,11,2,34,1,8.4
2026-06-24,22,2,1,214,1,15.1
2026-06-24,22,2,2,83,0,15.5
2026-06-25,1,1,1,31,12,1.0
2026-06-25,1,1,2,16,8,1.0
2026-06-25,2,10,1,11,5,1.2
2026-06-25,2,10,2,4,2,1.2
2026-06-25,3,12,1,7,2,1.8
2026-06-25,3,12,2,3,2,1.7
2026-06-25,4,2,1,214,5,9.6
2026-06-25,4,2,2,118,3,9.5
2026-06-25,5,2,1,223,3,11.7
2026-06-25,5,2,2,123,2,11.2
2026-06-25,6,2,1,186,2,11.3
2026-06-25,6,2,2,65,1,10.5
2026-06-25,7,3,1,206,6,8.5
2026-06-25,7,3,2,101,5,7.7
2026-06-25,8,8,1,305,18,6.0
2026-06-25,8,8,2,122,6,6.8
2026-06-25,9,8,1,118,3,9.2
2026-06-25,9,8,2,56,1,9.4
2026-06-25,10,7,1,399,25,5.3
2026-06-25,10,7,2,191,17,5.0
2026-06-25,11,4,1,109,2,11.2
2026-06-25,11,4,2,74,1,11.5
2026-06-25,12,4,1,277,1,14.3
2026-06-25,12,4,2,139,1,14.5
2026-06-25,13,4,1,122,2,10.9
2026-06-25,13,4,2,58,1,10.7
2026-06-25,14,5,1,112,4,9.0
2026-06-25,14,5,2,58,2,8.9
2026-06-25,15,9,1,149,7,6.6
2026-06-25,15,9,2,77,3,7.4
2026-06-25,16,9,1,126,4,8.0
2026-06-25,16,9,2,68,3,7.6
2026-06-25,17,6,1,457,24,6.7
2026-06-25,17,6,2,194,8,7.4
2026-06-25,18,6,1,215,11,6.3
2026-06-25,18,6,2,116,6,6.1
2026-06-25,19,6,1,222,1,14.2
2026-06-25,19,6,2,101,0,14.8
2026-06-25,20,11,1,319,1,17.4
2026-06-25,20,11,2,146,0,17.0
2026-06-25,21,11,1,54,2,9.1
2026-06-25,21,11,2,24,1,8.1
2026-06-25,22,2,1,207,1,15.5
2026-06-25,22,2,2,106,1,15.6
2026-06-26,1,1,1,30,13,1.8
2026-06-26,1,1,2,16,7,1.0
2026-06-26,2,10,1,10,6,2.0
2026-06-26,2,10,2,5,2,1.2
2026-06-26,3,12,1,6,3,2.0
2026-06-26,3,12,2,3,1,1.6
2026-06-26,4,2,1,180,4,9.6
2026-06-26,4,2,2,103,4,9.5
2026-06-26,5,2,1,232,2,11.9
2026-06-26,5,2,2,112,1,12.2
2026-06-26,6,2,1,213,5,10.2
2026-06-26,6,2,2,113,3,10.1
2026-06-26,7,3,1,240,6,8.5
2026-06-26,7,3,2,122,4,8.3
2026-06-26,8,8,1,233,10,6.4
2026-06-26,8,8,2,158,8,6.2
2026-06-26,9,8,1,132,4,9.2
2026-06-26,9,8,2,58,2,9.2
2026-06-26,10,7,1,296,19,5.6
2026-06-26,10,7,2,173,11,5.8
2026-06-26,11,4,1,155,2,11.2
2026-06-26,11,4,2,63,1,11.0
2026-06-26,12,4,1,293,1,14.4
2026-06-26,12,4,2,116,1,13.8
2026-06-26,13,4,1,115,1,11.4
2026-06-26,13,4,2,64,1,11.0
2026-06-26,14,5,1,106,2,9.1
2026-06-26,14,5,2,59,2,9.1
2026-06-26,15,9,1,145,5,7.2
2026-06-26,15,9,2,83,5,6.2
2026-06-26,16,9,1,124,3,8.1
2026-06-26,16,9,2,62,2,8.1
2026-06-26,17,6,1,360,13,7.3
2026-06-26,17,6,2,211,9,7.1
2026-06-26,18,6,1,254,18,6.0
2026-06-26,18,6,2,99,7,5.9
2026-06-26,19,6,1,278,1,14.9
2026-06-26,19,6,2,122,1,14.3
2026-06-26,20,11,1,326,1,16.8
2026-06-26,20,11,2,191,0,16.8
2026-06-26,21,11,1,58,2,7.9
2026-06-26,21,11,2,27,1,8.2
2026-06-26,22,2,1,162,1,15.4
2026-06-26,22,2,2,74,0,15.0
2026-06-27,1,1,1,23,9,1.0
2026-06-27,1,1,2,12,7,1.7
2026-06-27,2,10,1,8,3,1.5
2026-06-27,2,10,2,5,2,1.8
2026-06-27,3,12,1,6,2,2.2
2026-06-27,3,12,2,2,1,1.8
2026-06-27,4,2,1,205,4,10.1
2026-06-27,4,2,2,73,2,9.7
2026-06-27,5,2,1,231,3,11.8
2026-06-27,5,2,2,93,2,12.1
2026-06-27,6,2,1,136,3,9.8
2026-06-27,6,2,2,67,1,10.4
2026-06-27,7,3,1,215,5,9.1
2026-06-27,7,3,2,91,3,8.2
2026-06-27,8,8,1,279,11,6.4
2026-06-27,8,8,2,108,7,6.5
2026-06-27,9,8,1,118,3,9.2
2026-06-27,9,8,2,51,2,8.9
2026-06-27,10,7,1,238,14,6.1
2026-06-27,10,7,2,151,11,5.4
2026-06-27,11,4,1,106,2,11.1
2026-06-27,11,4,2,63,1,11.5
2026-06-27,12,4,1,189,1,14.2
2026-06-27,12,4,2,129,1,13.8
2026-06-27,13,4,1,107,2,11.1
2026-06-27,13,4,2,54,1,10.9
2026-06-27,14,5,1,108,2,10.0
2026-06-27,14,5,2,51,2,8.8
2026-06-27,15,9,1,158,7,7.2
2026-06-27,15,9,2,62,3,7.2
2026-06-27,16,9,1,131,4,8.6
2026-06-27,16,9,2,49,2,7.8
2026-06-27,17,6,1,385,12,7.5
2026-06-27,17,6,2,188,12,7.0
2026-06-27,18,6,1,207,8,6.9
2026-06-27,18,6,2,78,6,5.6
2026-06-27,19,6,1,179,1,15.0
2026-06-27,19,6,2,106,1,14.0
2026-06-27,20,11,1,279,0,17.2
2026-06-27,20,11,2,134,0,16.5
2026-06-27,21,11,1,50,2,8.3
2026-06-27,21,11,2,28,1,8.1
2026-06-27,22,2,1,152,1,15.4
2026-06-27,22,2,2,82,0,14.8
2026-06-28,1,1,1,29,11,1.2
2026-06-28,1,1,2,14,7,1.3
2026-06-28,2,10,1,8,3,1.9
2026-06-28,2,10,2,4,2,1.2
2026-06-28,3,12,1,6,2,2.1
2026-06-28,3,12,2,3,1,1.5
2026-06-28,4,2,1,223,5,10.3
2026-06-28,4,2,2,80,3,9.5
2026-06-28,5,2,1,240,3,11.8
2026-06-28,5,2,2,114,1,11.9
2026-06-28,6,2,1,154,3,10.3
2026-06-28,6,2,2,67,1,10.7
2026-06-28,7,3,1,210,7,8.4
2026-06-28,7,3,2,81,3,8.5
2026-06-28,8,8,1,240,11,6.3
2026-06-28,8,8,2,112,6,6.4
2026-06-28,9,8,1,104,2,9.1
2026-06-28,9,8,2,63,2,8.9
2026-06-28,10,7,1,311,21,5.6
2026-06-28,10,7,2,170,12,5.4
2026-06-28,11,4,1,127,2,10.9
2026-06-28,11,4,2,55,1,11.4
2026-06-28,12,4,1,227,1,14.0
2026-06-28,12,4,2,120,1,14.1
2026-06-28,13,4,1,127,2,11.0
2026-06-28,13,4,2,46,1,10.9
2026-06-28,14,5,1,96,2,9.4
2026-06-28,14,5,2,43,1,8.8
2026-06-28,15,9,1,114,4,6.8
2026-06-28,15,9,2,58,4,6.6
2026-06-28,16,9,1,104,3,8.5
2026-06-28,16,9,2,45,1,8.1
2026-06-28,17,6,1,422,13,7.4
2026-06-28,17,6,2,129,5,7.0
2026-06-28,18,6,1,211,11,6.0
2026-06-28,18,6,2,93,6,6.2
2026-06-28,19,6,1,196,1,14.7
2026-06-28,19,6,2,102,1,13.9
2026-06-28,20,11,1,236,1,16.9
2026-06-28,20,11,2,147,0,16.2
2026-06-28,21,11,1,45,1,8.7
2026-06-28,21,11,2,26,1,8.0
2026-06-28,22,2,1,171,1,14.9
2026-06-28,22,2,2,87,0,15.4
2026-06-29,1,1,1,39,20,1.7
2026-06-29,1,1,2,19,8,1.0
2026-06-29,2,10,1,10,4,1.7
2026-06-29,2,10,2,5,3,1.1
2026-06-29,3,12,1,7,3,2.3
2026-06-29,3,12,2,4,1,1.4
2026-06-29,4,2,1,226,6,9.6
2026-06-29,4,2,2,101,3,9.3
2026-06-29,5,2,1,263,2,12.1
2026-06-29,5,2,2,105,2,11.2
2026-06-29,6,2,1,159,2,10.3
2026-06-29,6,2,2,97,3,10.1
2026-06-29,7,3,1,227,8,8.4
2026-06-29,7,3,2,130,6,7.7
2026-06-29,8,8,1,306,18,6.0
2026-06-29,8,8,2,152,7,6.5
2026-06-29,9,8,1,126,4,9.2
2026-06-29,9,8,2,55,2,9.1
2026-06-29,10,7,1,352,21,5.4
2026-06-29,10,7,2,146,15,5.2
2026-06-29,11,4,1,129,2,11.4
2026-06-29,11,4,2,73,1,11.4
2026-06-29,12,4,1,284,1,14.3
2026-06-29,12,4,2,137,1,14.3
2026-06-29,13,4,1,147,3,10.8
2026-06-29,13,4,2,60,1,11.0
2026-06-29,14,5,1,122,4,9.0
2026-06-29,14,5,2,62,2,9.4
2026-06-29,15,9,1,157,6,6.9
2026-06-29,15,9,2,73,3,7.2
2026-06-29,16,9,1,159,3,8.5
2026-06-29,16,9,2,65,2,7.7
2026-06-29,17,6,1,381,18,7.1
2026-06-29,17,6,2,206,9,7.0
2026-06-29,18,6,1,207,10,6.4
2026-06-29,18,6,2,88,9,6.0
2026-06-29,19,6,1,266,1,14.5
2026-06-29,19,6,2,104,1,14.3
2026-06-29,20,11,1,273,1,16.7
2026-06-29,20,11,2,150,0,16.6
2026-06-29,21,11,1,70,3,8.4
2026-06-29,21,11,2,33,1,8.0
2026-06-29,22,2,1,197,1,15.4
2026-06-29,22,2,2,95,0,15.5
2026-06-30,1,1,1,27,11,1.4
2026-06-30,1,1,2,16,7,1.5
2026-06-30,2,10,1,9,3,1.7
2026-06-30,2,10,2,5,2,1.9
2026-06-30,3,12,1,7,3,1.6
2026-06-30,3,12,2,3,2,1.7
2026-06-30,4,2,1,243,7,9.8
2026-06-30,4,2,2,87,3,9.6
2026-06-30,5,2,1,237,3,12.0
2026-06-30,5,2,2,147,3,11.7
2026-06-30,6,2,1,198,3,10.8
2026-06-30,6,2,2,80,2,10.1
2026-06-30,7,3,1,189,8,7.7
2026-06-30,7,3,2,119,6,7.2
2026-06-30,8,8,1,299,9,6.9
2026-06-30,8,8,2,137,8,6.7
2026-06-30,9,8,1,111,2,9.0
2026-06-30,9,8,2,69,3,8.7
2026-06-30,10,7,1,409,26,5.3
2026-06-30,10,7,2,189,17,5.5
2026-06-30,11,4,1,165,2,11.6
2026-06-30,11,4,2,63,1,11.1
2026-06-30,12,4,1,301,1,13.9
2026-06-30,12,4,2,124,1,13.9
2026-06-30,13,4,1,121,2,10.8
2026-06-30,13,4,2,64,1,10.8
2026-06-30,14,5,1,114,3,9.2
2026-06-30,14,5,2,50,2,9.0
2026-06-30,15,9,1,193,9,7.1
2026-06-30,15,9,2,74,4,6.4
2026-06-30,16,9,1,156,3,8.5
2026-06-30,16,9,2,82,3,7.6
2026-06-30,17,6,1,410,14,7.7
2026-06-30,17,6,2,228,13,6.4
2026-06-30,18,6,1,225,9,6.5
2026-06-30,18,6,2,123,6,5.9
2026-06-30,19,6,1,206,1,14.9
2026-06-30,19,6,2,107,0,14.6
2026-06-30,20,11,1,327,1,16.5
2026-06-30,20,11,2,158,0,16.8
2026-06-30,21,11,1,70,2,8.8
2026-06-30,21,11,2,31,2,7.7
2026-06-30,22,2,1,186,1,15.2
2026-06-30,22,2,2,95,0,15.3
2026-07-01,1,1,1,31,14,1.5
2026-07-01,1,1,2,15,8,1.0
2026-07-01,2,10,1,11,4,2.0
2026-07-01,2,10,2,4,2,1.2
2026-07-01,3,12,1,7,3,2.7
2026-07-01,3,12,2,3,2,1.8
2026-07-01,4,2,1,227,4,9.7
2026-07-01,4,2,2,99,4,9.3
2026-07-01,5,2,1,290,3,12.1
2026-07-01,5,2,2,125,2,12.2
2026-07-01,6,2,1,159,3,10.7
2026-07-01,6,2,2,89,2,10.4
2026-07-01,7,3,1,299,12,8.4
2026-07-01,7,3,2,122,4,8.7
2026-07-01,8,8,1,349,16,6.6
2026-07-01,8,8,2,127,6,6.7
2026-07-01,9,8,1,112,3,8.9
2026-07-01,9,8,2,60,2,8.6
2026-07-01,10,7,1,394,32,5.5
2026-07-01,10,7,2,168,16,5.6
2026-07-01,11,4,1,143,2,11.8
2026-07-01,11,4,2,69,1,11.7
2026-07-01,12,4,1,272,1,13.8
2026-07-01,12,4,2,154,1,14.0
2026-07-01,13,4,1,124,2,11.3
2026-07-01,13,4,2,60,1,11.2
2026-07-01,14,5,1,123,4,9.3
2026-07-01,14,5,2,55,2,8.7
2026-07-01,15,9,1,165,6,7.2
2026-07-01,15,9,2,91,5,6.6
2026-07-01,16,9,1,139,4,7.7
2026-07-01,16,9,2,69,2,8.1
2026-07-01,17,6,1,364,14,7.2
2026-07-01,17,6,2,221,10,7.4
2026-07-01,18,6,1,256,8,6.8
2026-07-01,18,6,2,121,8,6.0
2026-07-01,19,6,1,256,1,14.2
2026-07-01,19,6,2,124,1,14.2
2026-07-01,20,11,1,319,1,17.5
2026-07-01,20,11,2,199,1,16.5
2026-07-01,21,11,1,71,2,8.0
2026-07-01,21,11,2,31,1,8.5
2026-07-01,22,2,1,222,1,15.5
2026-07-01,22,2,2,93,0,15.4
2026-07-02,1,1,1,32,11,1.0
2026-07-02,1,1,2,16,9,1.6
2026-07-02,2,10,1,9,3,1.8
2026-07-02,2,10,2,6,2,1.0
2026-07-02,3,12,1,8,2,1.9
2026-07-02,3,12,2,4,2,2.0
2026-07-02,4,2,1,255,6,10.0
2026-07-02,4,2,2,90,3,8.9
2026-07-02,5,2,1,280,3,11.4
2026-07-02,5,2,2,128,2,11.4
2026-07-02,6,2,1,210,4,10.6
2026-07-02,6,2,2,98,2,10.7
2026-07-02,7,3,1,245,9,7.7
2026-07-02,7,3,2,110,5,8.3
2026-07-02,8,8,1,370,18,6.8
2026-07-02,8,8,2,156,8,6.4
2026-07-02,9,8,1,125,4,8.8
2026-07-02,9,8,2,58,2,8.2
2026-07-02,10,7,1,344,21,5.4
2026-07-02,10,7,2,204,14,5.1
2026-07-02,11,4,1,152,2,11.7
2026-07-02,11,4,2,61,1,11.2
2026-07-02,12,4,1,346,1,14.4
2026-07-02,12,4,2,149,1,13.9
2026-07-02,13,4,1,134,2,10.8
2026-07-02,13,4,2,66,2,10.8
2026-07-02,14,5,1,126,3,9.2
2026-07-02,14,5,2,45,2,8.9
2026-07-02,15,9,1,134,5,6.9
2026-07-02,15,9,2,68,3,6.8
2026-07-02,16,9,1,124,4,7.8
2026-07-02,16,9,2,65,2,7.5
2026-07-02,17,6,1,390,11,7.4
2026-07-02,17,6,2,228,11,6.9
2026-07-02,18,6,1,208,10,6.5
2026-07-02,18,6,2,112,9,5.6
2026-07-02,19,6,1,205,1,14.3
2026-07-02,19,6,2,114,1,14.4
2026-07-02,20,11,1,334,1,16.6
2026-07-02,20,11,2,177,0,16.5
2026-07-02,21,11,1,64,2,8.1
2026-07-02,21,11,2,32,2,8.3
2026-07-02,22,2,1,218,1,14.8
2026-07-02,22,2,2,103,0,15.5
2026-07-03,1,1,1,29,13,1.8
2026-07-03,1,1,2,17,8,1.0
2026-07-03,2,10,1,10,4,1.8
2026-07-03,2,10,2,4,2,1.5
2026-07-03,3,12,1,6,3,2.0
2026-07-03,3,12,2,3,2,1.7
2026-07-03,4,2,1,230,5,9.8
2026-07-03,4,2,2,122,4,9.3
2026-07-03,5,2,1,277,3,12.1
2026-07-03,5,2,2,107,2,11.3
2026-07-03,6,2,1,218,4,10.3
2026-07-03,6,2,2,101,2,10.1
2026-07-03,7,3,1,257,9,8.0
2026-07-03,7,3,2,132,5,8.3
2026-07-03,8,8,1,432,18,6.6
2026-07-03,8,8,2,135,9,6.0
2026-07-03,9,8,1,90,2,9.0
2026-07-03,9,8,2,57,2,8.8
2026-07-03,10,7,1,334,17,5.9
2026-07-03,10,7,2,175,16,5.2
2026-07-03,11,4,1,167,2,11.7
2026-07-03,11,4,2,73,2,10.9
2026-07-03,12,4,1,273,1,14.0
2026-07-03,12,4,2,125,1,14.1
2026-07-03,13,4,1,156,2,10.9
2026-07-03,13,4,2,61,1,10.4
2026-07-03,14,5,1,143,4,9.0
2026-07-03,14,5,2,58,2,9.1
2026-07-03,15,9,1,141,7,6.7
2026-07-03,15,9,2,68,3,6.8
2026-07-03,16,9,1,109,3,8.0
2026-07-03,16,9,2,67,2,7.7
2026-07-03,17,6,1,476,20,6.5
2026-07-03,17,6,2,189,9,6.8
2026-07-03,18,6,1,254,12,6.1
2026-07-03,18,6,2,117,7,6.2
2026-07-03,19,6,1,258,1,14.3
2026-07-03,19,6,2,111,1,14.5
2026-07-03,20,11,1,415,1,16.5
2026-07-03,20,11,2,156,0,16.6
2026-07-03,21,11,1,80,2,8.7
2026-07-03,21,11,2,28,1,8.1
2026-07-03,22,2,1,200,1,15.3
2026-07-03,22,2,2,108,0,15.3
2026-07-04,1,1,1,19,8,1.8
2026-07-04,1,1,2,15,6,1.0
2026-07-04,2,10,1,10,4,1.9
2026-07-04,2,10,2,4,2,1.5
2026-07-04,3,12,1,6,2,2.4
2026-07-04,3,12,2,3,1,1.7
2026-07-04,4,2,1,164,4,9.4
2026-07-04,4,2,2,94,3,9.0
2026-07-04,5,2,1,207,3,11.3
2026-07-04,5,2,2,101,2,11.6
2026-07-04,6,2,1,171,3,10.6
2026-07-04,6,2,2,77,2,10.0
2026-07-04,7,3,1,220,10,8.4
2026-07-04,7,3,2,94,5,7.7
2026-07-04,8,8,1,243,14,6.2
2026-07-04,8,8,2,150,8,6.4
2026-07-04,9,8,1,105,2,9.0
2026-07-04,9,8,2,53,2,8.9
2026-07-04,10,7,1,288,17,5.5
2026-07-04,10,7,2,119,5,6.0
2026-07-04,11,4,1,105,1,11.3
2026-07-04,11,4,2,59,1,11.1
2026-07-04,12,4,1,245,1,14.2
2026-07-04,12,4,2,111,1,14.1
2026-07-04,13,4,1,108,2,10.8
2026-07-04,13,4,2,54,1,10.6
2026-07-04,14,5,1,79,2,9.8
2026-07-04,14,5,2,54,2,9.2
2026-07-04,15,9,1,132,5,7.1
2026-07-04,15,9,2,65,4,7.0
2026-07-04,16,9,1,99,3,8.1
2026-07-04,16,9,2,61,3,7.5
2026-07-04,17,6,1,371,10,7.3
2026-07-04,17,6,2,187,14,6.5
2026-07-04,18,6,1,203,11,6.3
2026-07-04,18,6,2,90,6,6.0
2026-07-04,19,6,1,214,1,14.2
2026-07-04,19,6,2,110,1,14.5
2026-07-04,20,11,1,319,1,17.0
2026-07-04,20,11,2,130,0,16.7
2026-07-04,21,11,1,64,2,8.2
2026-07-04,21,11,2,31,2,8.4
2026-07-04,22,2,1,191,1,15.2
2026-07-04,22,2,2,72,0,15.3
2026-07-05,1,1,1,28,10,1.1
2026-07-05,1,1,2,12,8,1.0
2026-07-05,2,10,1,8,3,1.6
2026-07-05,2,10,2,4,2,1.2
2026-07-05,3,12,1,5,2,2.0
2026-07-05,3,12,2,2,1,2.1
2026-07-05,4,2,1,187,5,9.3
2026-07-05,4,2,2,88,3,9.6
2026-07-05,5,2,1,237,2,11.7
2026-07-05,5,2,2,103,2,11.5
2026-07-05,6,2,1,146,3,10.3
2026-07-05,6,2,2,62,2,10.2
2026-07-05,7,3,1,189,7,7.9
2026-07-05,7,3,2,93,5,8.1
2026-07-05,8,8,1,254,10,6.7
2026-07-05,8,8,2,115,6,6.4
2026-07-05,9,8,1,119,3,8.9
2026-07-05,9,8,2,43,1,8.7
2026-07-05,10,7,1,293,21,5.0
2026-07-05,10,7,2,179,21,4.8
2026-07-05,11,4,1,119,1,11.7
2026-07-05,11,4,2,72,1,10.9
2026-07-05,12,4,1,289,1,13.8
2026-07-05,12,4,2,112,1,13.8
2026-07-05,13,4,1,100,2,10.5
2026-07-05,13,4,2,61,1,10.3
2026-07-05,14,5,1,90,2,9.5
2026-07-05,14,5,2,54,2,9.0
2026-07-05,15,9,1,128,7,6.8
2026-07-05,15,9,2,62,3,6.7
2026-07-05,16,9,1,133,3,7.7
2026-07-05,16,9,2,61,2,8.0
2026-07-05,17,6,1,358,8,7.5
2026-07-05,17,6,2,198,10,7.0
2026-07-05,18,6,1,188,6,7.2
2026-07-05,18,6,2,101,8,5.3
2026-07-05,19,6,1,227,1,13.9
2026-07-05,19,6,2,98,1,14.5
2026-07-05,20,11,1,253,0,16.9
2026-07-05,20,11,2,159,1,16.4
2026-07-05,21,11,1,50,2,8.2
2026-07-05,21,11,2,22,1,8.5
2026-07-05,22,2,1,155,1,14.9
2026-07-05,22,2,2,80,0,14.8
2026-07-06,1,1,1,38,18,1.7
2026-07-06,1,1,2,11,5,1.0
2026-07-06,2,10,1,9,3,1.7
2026-07-06,2,10,2,4,2,1.4
2026-07-06,3,12,1,8,3,2.0
2026-07-06,3,12,2,3,2,2.1
2026-07-06,4,2,1,226,6,9.6
2026-07-06,4,2,2,105,5,8.6
2026-07-06,5,2,1,313,5,11.7
2026-07-06,5,2,2,110,1,12.0
2026-07-06,6,2,1,210,4,10.3
2026-07-06,6,2,2,95,2,10.5
2026-07-06,7,3,1,266,12,8.0
2026-07-06,7,3,2,122,5,7.9
2026-07-06,8,8,1,273,11,6.3
2026-07-06,8,8,2,152,9,6.3
2026-07-06,9,8,1,108,3,8.9
2026-07-06,9,8,2,67,2,8.3
2026-07-06,10,7,1,441,21,5.6
2026-07-06,10,7,2,209,17,5.7
2026-07-06,11,4,1,115,1,11.4
2026-07-06,11,4,2,67,2,10.7
2026-07-06,12,4,1,271,1,14.3
2026-07-06,12,4,2,149,1,14.1
2026-07-06,13,4,1,140,2,10.8
2026-07-06,13,4,2,72,2,10.5
2026-07-06,14,5,1,110,3,8.8
2026-07-06,14,5,2,44,2,9.1
2026-07-06,15,9,1,159,8,6.6
2026-07-06,15,9,2,71,3,6.3
2026-07-06,16,9,1,139,3,8.4
2026-07-06,16,9,2,59,2,7.7
2026-07-06,17,6,1,413,13,7.3
2026-07-06,17,6,2,232,13,6.7
2026-07-06,18,6,1,241,11,6.2
2026-07-06,18,6,2,104,5,6.6
2026-07-06,19,6,1,290,1,14.7
2026-07-06,19,6,2,144,1,13.5
2026-07-06,20,11,1,341,1,16.8
2026-07-06,20,11,2,151,0,16.5
2026-07-06,21,11,1,62,2,8.0
2026-07-06,21,11,2,29,1,7.9
2026-07-06,22,2,1,191,1,14.8
2026-07-06,22,2,2,97,0,14.9
2026-07-07,1,1,1,41,18,1.6
2026-07-07,1,1,2,11,6,1.5
2026-07-07,2,10,1,9,3,1.9
2026-07-07,2,10,2,6,2,1.7
2026-07-07,3,12,1,7,3,1.9
2026-07-07,3,12,2,2,1,1.5
2026-07-07,4,2,1,253,6,9.9
2026-07-07,4,2,2,106,3,9.6
2026-07-07,5,2,1,259,4,11.6
2026-07-07,5,2,2,154,2,12.0
2026-07-07,6,2,1,216,4,10.0
2026-07-07,6,2,2,96,2,9.8
2026-07-07,7,3,1,231,8,8.7
2026-07-07,7,3,2,107,5,8.0
2026-07-07,8,8,1,328,20,6.3
2026-07-07,8,8,2,142,6,6.5
2026-07-07,9,8,1,132,4,9.0
2026-07-07,9,8,2,44,2,8.9
2026-07-07,10,7,1,367,27,5.9
2026-07-07,10,7,2,198,18,5.5
2026-07-07,11,4,1,155,2,11.7
2026-07-07,11,4,2,64,2,10.9
2026-07-07,12,4,1,317,2,14.0
2026-07-07,12,4,2,165,1,13.5
2026-07-07,13,4,1,149,2,11.1
2026-07-07,13,4,2,57,1,10.7
2026-07-07,14,5,1,116,5,8.5
2026-07-07,14,5,2,54,2,8.8
2026-07-07,15,9,1,182,7,7.1
2026-07-07,15,9,2,77,4,6.9
2026-07-07,16,9,1,168,5,7.7
2026-07-07,16,9,2,61,2,8.3
2026-07-07,17,6,1,364,12,7.2
2026-07-07,17,6,2,190,8,6.8
2026-07-07,18,6,1,184,7,6.9
2026-07-07,18,6,2,97,7,6.3
2026-07-07,19,6,1,205,1,14.2
2026-07-07,19,6,2,107,0,14.3
2026-07-07,20,11,1,311,1,16.7
2026-07-07,20,11,2,159,0,16.4
2026-07-07,21,11,1,49,1,8.9
2026-07-07,21,11,2,29,1,8.2
2026-07-07,22,2,1,219,1,14.9
2026-07-07,22,2,2,97,1,14.6
2026-07-08,1,1,1,33,15,1.5
2026-07-08,1,1,2,13,5,1.4
2026-07-08,2,10,1,11,4,1.7
2026-07-08,2,10,2,5,3,1.6
2026-07-08,3,12,1,7,2,2.7
2026-07-08,3,12,2,3,1,2.0
2026-07-08,4,2,1,269,11,9.2
2026-07-08,4,2,2,101,3,9.7
2026-07-08,5,2,1,299,4,11.5
2026-07-08,5,2,2,129,2,11.6
2026-07-08,6,2,1,180,3,10.3
2026-07-08,6,2,2,88,2,10.0
2026-07-08,7,3,1,274,11,7.9
2026-07-08,7,3,2,140,5,7.9
2026-07-08,8,8,1,425,21,6.6
2026-07-08,8,8,2,201,13,6.0
2026-07-08,9,8,1,101,3,9.1
2026-07-08,9,8,2,54,2,8.5
2026-07-08,10,7,1,369,19,5.9
2026-07-08,10,7,2,175,11,5.2
2026-07-08,11,4,1,139,2,10.9
2026-07-08,11,4,2,53,1,10.8
2026-07-08,12,4,1,230,1,13.7
2026-07-08,12,4,2,118,1,14.0
2026-07-08,13,4,1,121,3,10.3
2026-07-08,13,4,2,60,1,10.8
2026-07-08,14,5,1,121,3,8.8
2026-07-08,14,5,2,48,2,8.8
2026-07-08,15,9,1,152,5,7.1
2026-07-08,15,9,2,83,5,6.6
2026-07-08,16,9,1,161,3,8.5
2026-07-08,16,9,2,79,4,7.2
2026-07-08,17,6,1,442,14,7.3
2026-07-08,17,6,2,233,9,7.2
2026-07-08,18,6,1,216,11,6.5
2026-07-08,18,6,2,120,8,6.0
2026-07-08,19,6,1,283,1,14.6
2026-07-08,19,6,2,121,1,13.9
2026-07-08,20,11,1,357,1,16.6
2026-07-08,20,11,2,144,0,16.6
2026-07-08,21,11,1,82,3,8.6
2026-07-08,21,11,2,25,1,7.7
2026-07-08,22,2,1,207,1,15.1
2026-07-08,22,2,2,83,0,14.9
2026-07-09,1,1,1,28,12,1.2
2026-07-09,1,1,2,17,9,1.7
2026-07-09,2,10,1,9,3,2.0
2026-07-09,2,10,2,5,2,1.0
2026-07-09,3,12,1,7,3,1.9
2026-07-09,3,12,2,2,2,1.5
2026-07-09,4,2,1,257,5,9.7
2026-07-09,4,2,2,122,4,9.7
2026-07-09,5,2,1,377,4,11.3
2026-07-09,5,2,2,125,2,11.2
2026-07-09,6,2,1,203,4,10.3
2026-07-09,6,2,2,94,2,10.4
2026-07-09,7,3,1,234,7,8.5
2026-07-09,7,3,2,108,4,8.0
2026-07-09,8,8,1,322,16,6.4
2026-07-09,8,8,2,167,9,6.0
2026-07-09,9,8,1,154,3,8.8
2026-07-09,9,8,2,48,1,8.7
2026-07-09,10,7,1,306,18,5.2
2026-07-09,10,7,2,202,15,5.3
2026-07-09,11,4,1,127,2,11.3
2026-07-09,11,4,2,71,1,11.5
2026-07-09,12,4,1,322,1,14.3
2026-07-09,12,4,2,164,1,14.1
2026-07-09,13,4,1,121,2,10.5
2026-07-09,13,4,2,59,1,10.8
2026-07-09,14,5,1,135,3,9.3
2026-07-09,14,5,2,61,2,8.8
2026-07-09,15,9,1,160,7,7.0
2026-07-09,15,9,2,105,6,6.9
2026-07-09,16,9,1,134,4,8.1
2026-07-09,16,9,2,61,2,8.2
2026-07-09,17,6,1,468,24,6.9
2026-07-09,17,6,2,204,10,6.8
2026-07-09,18,6,1,252,14,6.5
2026-07-09,18,6,2,96,8,5.9
2026-07-09,19,6,1,333,1,14.2
2026-07-09,19,6,2,99,1,13.9
2026-07-09,20,11,1,334,1,16.4
2026-07-09,20,11,2,158,0,16.4
2026-07-09,21,11,1,61,2,7.9
2026-07-09,21,11,2,39,2,8.1
2026-07-09,22,2,1,207,1,15.0
2026-07-09,22,2,2,72,0,14.5
2026-07-10,1,1,1,32,18,1.8
2026-07-10,1,1,2,16,8,1.4
2026-07-10,2,10,1,9,3,1.6
2026-07-10,2,10,2,5,3,1.0
2026-07-10,3,12,1,5,2,2.1
2026-07-10,3,12,2,3,2,2.4
2026-07-10,4,2,1,196,5,9.2
2026-07-10,4,2,2,126,4,9.4
2026-07-10,5,2,1,306,4,11.7
2026-07-10,5,2,2,117,2,11.3
2026-07-10,6,2,1,166,3,10.8
2026-07-10,6,2,2,84,1,10.4
2026-07-10,7,3,1,289,13,8.2
2026-07-10,7,3,2,112,4,7.8
2026-07-10,8,8,1,274,10,6.5
2026-07-10,8,8,2,155,11,6.1
2026-07-10,9,8,1,94,2,9.1
2026-07-10,9,8,2,60,3,8.6
2026-07-10,10,7,1,363,21,5.6
2026-07-10,10,7,2,172,15,5.3
2026-07-10,11,4,1,130,2,11.2
2026-07-10,11,4,2,73,1,10.9
2026-07-10,12,4,1,321,2,14.1
2026-07-10,12,4,2,137,1,14.1
2026-07-10,13,4,1,121,2,10.9
2026-07-10,13,4,2,63,1,10.7
2026-07-10,14,5,1,103,3,9.5
2026-07-10,14,5,2,53,2,9.3
2026-07-10,15,9,1,147,6,6.7
2026-07-10,15,9,2,71,4,6.6
2026-07-10,16,9,1,120,3,8.2
2026-07-10,16,9,2,57,2,8.0
2026-07-10,17,6,1,529,18,7.2
2026-07-10,17,6,2,240,11,6.9
2026-07-10,18,6,1,211,7,6.4
2026-07-10,18,6,2,117,10,5.5
2026-07-10,19,6,1,211,1,14.5
2026-07-10,19,6,2,116,1,13.8
2026-07-10,20,11,1,321,1,16.4
2026-07-10,20,11,2,113,0,16.1
2026-07-10,21,11,1,58,3,7.7
2026-07-10,21,11,2,34,1,8.0
2026-07-10,22,2,1,176,1,15.2
2026-07-10,22,2,2,107,1,15.1
2026-07-11,1,1,1,21,10,1.1
2026-07-11,1,1,2,15,7,1.0
2026-07-11,2,10,1,7,3,1.4
2026-07-11,2,10,2,4,2,1.5
2026-07-11,3,12,1,6,3,2.3
2026-07-11,3,12,2,3,1,2.1
2026-07-11,4,2,1,185,5,9.3
2026-07-11,4,2,2,93,3,9.7
2026-07-11,5,2,1,236,3,12.2
2026-07-11,5,2,2,113,1,12.0
2026-07-11,6,2,1,165,3,10.5
2026-07-11,6,2,2,65,2,9.7
2026-07-11,7,3,1,239,10,8.4
2026-07-11,7,3,2,110,4,7.7
2026-07-11,8,8,1,246,10,6.4
2026-07-11,8,8,2,137,9,6.0
2026-07-11,9,8,1,115,3,8.4
2026-07-11,9,8,2,57,2,9.0
2026-07-11,10,7,1,275,18,5.2
2026-07-11,10,7,2,172,13,5.4
2026-07-11,11,4,1,125,1,11.5
2026-07-11,11,4,2,51,1,11.1
2026-07-11,12,4,1,278,1,13.9
2026-07-11,12,4,2,105,1,13.8
2026-07-11,13,4,1,108,2,10.6
2026-07-11,13,4,2,44,1,10.6
2026-07-11,14,5,1,103,3,8.9
2026-07-11,14,5,2,52,2,9.0
2026-07-11,15,9,1,122,4,6.7
2026-07-11,15,9,2,69,3,6.4
2026-07-11,16,9,1,104,3,8.3
2026-07-11,16,9,2,55,2,7.8
2026-07-11,17,6,1,359,20,6.7
2026-07-11,17,6,2,169,6,7.3
2026-07-11,18,6,1,204,9,5.9
2026-07-11,18,6,2,93,6,6.4
2026-07-11,19,6,1,245,1,14.2
2026-07-11,19,6,2,92,1,13.9
2026-07-11,20,11,1,275,0,16.9
2026-07-11,20,11,2,150,1,16.3
2026-07-11,21,11,1,60,2,7.9
2026-07-11,21,11,2,27,1,7.8
2026-07-11,22,2,1,168,1,15.2
2026-07-11,22,2,2,78,1,15.0
2026-07-12,1,1,1,30,12,1.2
2026-07-12,1,1,2,14,6,1.3
2026-07-12,2,10,1,9,4,1.6
2026-07-12,2,10,2,4,3,1.2
2026-07-12,3,12,1,5,2,1.4
2026-07-12,3,12,2,2,1,1.3
2026-07-12,4,2,1,196,5,9.6
2026-07-12,4,2,2,88,3,9.5
2026-07-12,5,2,1,220,2,11.9
2026-07-12,5,2,2,124,2,11.6
2026-07-12,6,2,1,154,3,10.7
2026-07-12,6,2,2,60,2,9.8
2026-07-12,7,3,1,260,8,8.3
2026-07-12,7,3,2,106,4,7.9
2026-07-12,8,8,1,275,18,5.8
2026-07-12,8,8,2,132,7,6.1
2026-07-12,9,8,1,91,2,9.0
2026-07-12,9,8,2,50,1,9.2
2026-07-12,10,7,1,289,22,5.2
2026-07-12,10,7,2,144,13,5.0
2026-07-12,11,4,1,129,2,11.8
2026-07-12,11,4,2,55,1,11.0
2026-07-12,12,4,1,260,1,14.4
2026-07-12,12,4,2,114,1,14.3
2026-07-12,13,4,1,121,2,10.5
2026-07-12,13,4,2,42,1,10.2
2026-07-12,14,5,1,112,3,9.0
2026-07-12,14,5,2,46,1,9.3
2026-07-12,15,9,1,147,5,6.9
2026-07-12,15,9,2,55,4,6.7
2026-07-12,16,9,1,122,4,7.9
2026-07-12,16,9,2,55,2,7.6
2026-07-12,17,6,1,357,16,7.3
2026-07-12,17,6,2,203,11,6.8
2026-07-12,18,6,1,177,10,5.9
2026-07-12,18,6,2,97,7,6.0
2026-07-12,19,6,1,232,1,14.5
2026-07-12,19,6,2,84,0,14.6
2026-07-12,20,11,1,306,1,16.8
2026-07-12,20,11,2,164,0,16.7
2026-07-12,21,11,1,50,2,8.0
2026-07-12,21,11,2,26,1,7.9
2026-07-12,22,2,1,186,1,14.9
2026-07-12,22,2,2,76,1,14.6
2026-07-13,1,1,1,31,13,1.6
2026-07-13,1,1,2,13,5,1.0
2026-07-13,2,10,1,11,4,1.3
2026-07-13,2,10,2,5,3,1.0
2026-07-13,3,12,1,6,2,2.2
2026-07-13,3,12,2,3,2,1.8
2026-07-13,4,2,1,209,5,9.5
2026-07-13,4,2,2,117,4,9.2
2026-07-13,5,2,1,260,3,11.8
2026-07-13,5,2,2,122,2,11.8
2026-07-13,6,2,1,193,3,10.5
2026-07-13,6,2,2,101,3,9.9
2026-07-13,7,3,1,214,8,7.7
2026-07-13,7,3,2,143,5,8.4
2026-07-13,8,8,1,320,11,6.3
2026-07-13,8,8,2,165,12,6.1
2026-07-13,9,8,1,133,3,8.8
2026-07-13,9,8,2,59,2,8.9
2026-07-13,10,7,1,536,28,5.5
2026-07-13,10,7,2,183,14,5.6
2026-07-13,11,4,1,144,2,11.1
2026-07-13,11,4,2,61,1,10.9
2026-07-13,12,4,1,280,1,14.6
2026-07-13,12,4,2,134,1,13.9
2026-07-13,13,4,1,114,3,10.9
2026-07-13,13,4,2,74,2,10.3
2026-07-13,14,5,1,114,2,9.9
2026-07-13,14,5,2,54,2,8.8
2026-07-13,15,9,1,109,5,6.9
2026-07-13,15,9,2,72,4,6.9
2026-07-13,16,9,1,151,6,7.4
2026-07-13,16,9,2,72,3,8.0
2026-07-13,17,6,1,449,19,6.9
2026-07-13,17,6,2,236,13,6.7
2026-07-13,18,6,1,223,10,6.4
2026-07-13,18,6,2,123,7,6.6
2026-07-13,19,6,1,242,1,14.2
2026-07-13,19,6,2,114,1,14.4
2026-07-13,20,11,1,381,1,16.5
2026-07-13,20,11,2,148,0,16.6
2026-07-13,21,11,1,70,3,7.6
2026-07-13,21,11,2,30,1,7.5
2026-07-13,22,2,1,179,1,14.9
2026-07-13,22,2,2,110,1,14.5
2026-07-14,1,1,1,31,13,1.4
2026-07-14,1,1,2,18,8,1.1
2026-07-14,2,10,1,9,3,1.9
2026-07-14,2,10,2,5,3,1.0
2026-07-14,3,12,1,7,3,2.2
2026-07-14,3,12,2,3,1,1.9
2026-07-14,4,2,1,228,6,9.6
2026-07-14,4,2,2,111,3,9.8
2026-07-14,5,2,1,311,5,11.7
2026-07-14,5,2,2,126,2,11.8
2026-07-14,6,2,1,185,3,10.6
2026-07-14,6,2,2,95,2,10.3
2026-07-14,7,3,1,209,7,8.1
2026-07-14,7,3,2,124,6,8.0
2026-07-14,8,8,1,388,14,6.5
2026-07-14,8,8,2,164,10,6.3
2026-07-14,9,8,1,156,4,9.0
2026-07-14,9,8,2,64,3,8.2
2026-07-14,10,7,1,390,23,5.9
2026-07-14,10,7,2,191,13,5.3
2026-07-14,11,4,1,149,3,11.4
2026-07-14,11,4,2,75,1,11.3
2026-07-14,12,4,1,283,1,14.2
2026-07-14,12,4,2,122,1,13.5
2026-07-14,13,4,1,166,2,11.2
2026-07-14,13,4,2,79,1,11.0
2026-07-14,14,5,1,126,3,9.6
2026-07-14,14,5,2,64,2,8.7
2026-07-14,15,9,1,179,7,6.9
2026-07-14,15,9,2,77,5,6.4
2026-07-14,16,9,1,138,4,7.8
2026-07-14,16,9,2,66,3,7.5
2026-07-14,17,6,1,435,14,7.3
2026-07-14,17,6,2,189,10,6.6
2026-07-14,18,6,1,203,9,6.5
2026-07-14,18,6,2,124,9,5.9
2026-07-14,19,6,1,229,1,14.0
2026-07-14,19,6,2,114,1,14.4
2026-07-14,20,11,1,366,1,16.4
2026-07-14,20,11,2,192,1,16.4
2026-07-14,21,11,1,66,3,7.7
2026-07-14,21,11,2,35,2,8.4
2026-07-14,22,2,1,226,1,14.9
2026-07-14,22,2,2,88,1,15.0
2026-07-15,1,1,1,35,14,1.2
2026-07-15,1,1,2,18,8,1.0
2026-07-15,2,10,1,9,3,1.3
2026-07-15,2,10,2,6,3,1.5
2026-07-15,3,12,1,7,2,2.0
2026-07-15,3,12,2,3,1,1.2
2026-07-15,4,2,1,221,7,9.3
2026-07-15,4,2,2,129,4,9.2
2026-07-15,5,2,1,334,4,11.2
2026-07-15,5,2,2,129,3,11.2
2026-07-15,6,2,1,204,3,10.6
2026-07-15,6,2,2,101,2,10.0
2026-07-15,7,3,1,268,10,8.2
2026-07-15,7,3,2,119,6,7.4
2026-07-15,8,8,1,235,10,6.3
2026-07-15,8,8,2,168,17,5.4
2026-07-15,9,8,1,124,4,8.4
2026-07-15,9,8,2,64,3,8.8
2026-07-15,10,7,1,351,22,5.5
2026-07-15,10,7,2,168,16,5.3
2026-07-15,11,4,1,136,2,11.4
2026-07-15,11,4,2,77,2,10.6
2026-07-15,12,4,1,288,1,14.4
2026-07-15,12,4,2,179,1,13.5
2026-07-15,13,4,1,126,2,11.3
2026-07-15,13,4,2,59,1,10.8
2026-07-15,14,5,1,98,3,8.8
2026-07-15,14,5,2,59,2,8.8
2026-07-15,15,9,1,168,5,7.0
2026-07-15,15,9,2,77,3,6.9
2026-07-15,16,9,1,168,4,8.3
2026-07-15,16,9,2,84,3,7.5
2026-07-15,17,6,1,420,22,6.9
2026-07-15,17,6,2,214,11,6.9
2026-07-15,18,6,1,286,13,6.3
2026-07-15,18,6,2,115,6,6.4
2026-07-15,19,6,1,306,1,14.3
2026-07-15,19,6,2,129,1,14.6
2026-07-15,20,11,1,406,1,16.8
2026-07-15,20,11,2,163,0,16.7
2026-07-15,21,11,1,68,2,8.4
2026-07-15,21,11,2,28,1,7.7
2026-07-15,22,2,1,210,1,14.8
2026-07-15,22,2,2,91,1,14.7
2026-07-16,1,1,1,41,23,1.4
2026-07-16,1,1,2,14,6,1.3
2026-07-16,2,10,1,11,4,1.2
2026-07-16,2,10,2,5,2,1.6
2026-07-16,3,12,1,7,2,1.8
2026-07-16,3,12,2,3,1,1.5
2026-07-16,4,2,1,216,9,9.4
2026-07-16,4,2,2,104,4,8.7
2026-07-16,5,2,1,242,3,11.3
2026-07-16,5,2,2,133,2,11.4
2026-07-16,6,2,1,191,4,10.6
2026-07-16,6,2,2,86,2,10.0
2026-07-16,7,3,1,280,13,8.0
2026-07-16,7,3,2,112,4,8.3
2026-07-16,8,8,1,265,14,6.1
2026-07-16,8,8,2,171,13,5.9
2026-07-16,9,8,1,122,3,8.7
2026-07-16,9,8,2,74,3,8.7
2026-07-16,10,7,1,325,21,5.4
2026-07-16,10,7,2,221,17,4.9
2026-07-16,11,4,1,135,2,11.0
2026-07-16,11,4,2,65,1,11.4
2026-07-16,12,4,1,271,1,13.9
2026-07-16,12,4,2,120,1,14.2
2026-07-16,13,4,1,125,3,10.6
2026-07-16,13,4,2,60,1,10.6
2026-07-16,14,5,1,116,3,9.0
2026-07-16,14,5,2,56,2,8.4
2026-07-16,15,9,1,165,8,6.5
2026-07-16,15,9,2,68,3,5.9
2026-07-16,16,9,1,141,4,8.1
2026-07-16,16,9,2,55,2,7.6
2026-07-16,17,6,1,449,21,6.6
2026-07-16,17,6,2,207,10,6.8
2026-07-16,18,6,1,252,11,6.2
2026-07-16,18,6,2,110,8,6.0
2026-07-16,19,6,1,223,1,14.2
2026-07-16,19,6,2,125,0,13.9
2026-07-16,20,11,1,384,1,16.4
2026-07-16,20,11,2,135,0,16.1
2026-07-16,21,11,1,63,2,8.3
2026-07-16,21,11,2,32,2,7.8
2026-07-16,22,2,1,212,1,15.0
2026-07-16,22,2,2,97,1,15.1
2026-07-17,1,1,1,32,12,1.9
2026-07-17,1,1,2,12,7,1.0
2026-07-17,2,10,1,11,5,1.6
2026-07-17,2,10,2,4,2,1.4
2026-07-17,3,12,1,6,3,1.7
2026-07-17,3,12,2,3,2,1.7
2026-07-17,4,2,1,230,5,9.7
2026-07-17,4,2,2,111,4,9.4
2026-07-17,5,2,1,344,6,11.5
2026-07-17,5,2,2,121,1,11.1
2026-07-17,6,2,1,214,3,10.7
2026-07-17,6,2,2,88,2,9.9
2026-07-17,7,3,1,261,8,8.1
2026-07-17,7,3,2,108,5,7.9
2026-07-17,8,8,1,274,14,6.4
2026-07-17,8,8,2,110,8,6.3
2026-07-17,9,8,1,111,3,9.3
2026-07-17,9,8,2,65,2,8.6
2026-07-17,10,7,1,318,13,6.1
2026-07-17,10,7,2,177,13,5.6
2026-07-17,11,4,1,154,3,10.6
2026-07-17,11,4,2,61,1,10.5
2026-07-17,12,4,1,333,2,13.8
2026-07-17,12,4,2,150,1,14.1
2026-07-17,13,4,1,161,3,11.0
2026-07-17,13,4,2,58,1,10.7
2026-07-17,14,5,1,146,6,8.9
2026-07-17,14,5,2,54,2,9.0
2026-07-17,15,9,1,164,5,7.3
2026-07-17,15,9,2,84,4,6.6
2026-07-17,16,9,1,129,3,7.9
2026-07-17,16,9,2,64,3,8.0
2026-07-17,17,6,1,375,15,6.7
2026-07-17,17,6,2,266,13,6.7
2026-07-17,18,6,1,231,10,6.3
2026-07-17,18,6,2,115,8,6.2
2026-07-17,19,6,1,234,1,14.5
2026-07-17,19,6,2,134,0,14.2
2026-07-17,20,11,1,405,1,17.1
2026-07-17,20,11,2,173,1,16.6
2026-07-17,21,11,1,60,2,8.1
2026-07-17,21,11,2,31,2,7.4
2026-07-17,22,2,1,225,1,14.6
2026-07-17,22,2,2,105,1,14.2
2026-07-18,1,1,1,35,11,1.9
2026-07-18,1,1,2,13,5,1.3
2026-07-18,2,10,1,10,4,1.7
2026-07-18,2,10,2,4,2,1.2
2026-07-18,3,12,1,4,2,1.9
2026-07-18,3,12,2,3,1,1.8
2026-07-18,4,2,1,194,4,9.7
2026-07-18,4,2,2,92,3,8.5
2026-07-18,5,2,1,263,3,11.3
2026-07-18,5,2,2,122,2,11.0
2026-07-18,6,2,1,158,2,10.0
2026-07-18,6,2,2,88,2,9.5
2026-07-18,7,3,1,234,10,7.7
2026-07-18,7,3,2,100,4,7.8
2026-07-18,8,8,1,246,10,6.5
2026-07-18,8,8,2,135,9,6.2
2026-07-18,9,8,1,109,3,9.0
2026-07-18,9,8,2,55,2,8.8
2026-07-18,10,7,1,286,21,4.9
2026-07-18,10,7,2,169,12,4.9
2026-07-18,11,4,1,116,2,11.3
2026-07-18,11,4,2,56,1,10.7
2026-07-18,12,4,1,269,1,14.0
2026-07-18,12,4,2,110,1,14.1
2026-07-18,13,4,1,102,2,10.4
2026-07-18,13,4,2,79,2,10.7
2026-07-18,14,5,1,114,3,9.0
2026-07-18,14,5,2,41,1,9.2
2026-07-18,15,9,1,112,4,7.1
2026-07-18,15,9,2,72,4,6.4
2026-07-18,16,9,1,111,4,7.5
2026-07-18,16,9,2,53,2,7.9
2026-07-18,17,6,1,355,15,7.2
2026-07-18,17,6,2,199,9,6.9
2026-07-18,18,6,1,185,10,5.8
2026-07-18,18,6,2,92,5,6.5
2026-07-18,19,6,1,233,1,14.6
2026-07-18,19,6,2,93,1,13.9
2026-07-18,20,11,1,248,1,16.8
2026-07-18,20,11,2,142,0,16.5
2026-07-18,21,11,1,61,2,8.0
2026-07-18,21,11,2,25,1,8.1
2026-07-18,22,2,1,146,1,14.5
2026-07-18,22,2,2,62,0,15.0
2026-07-19,1,1,1,27,9,1.7
2026-07-19,1,1,2,14,5,1.4
2026-07-19,2,10,1,7,4,1.9
2026-07-19,2,10,2,4,2,1.6
2026-07-19,3,12,1,6,2,1.7
2026-07-19,3,12,2,2,1,1.8
2026-07-19,4,2,1,210,6,9.3
2026-07-19,4,2,2,113,4,9.2
2026-07-19,5,2,1,201,3,11.8
2026-07-19,5,2,2,96,2,11.5
2026-07-19,6,2,1,156,4,10.2
2026-07-19,6,2,2,70,2,9.9
2026-07-19,7,3,1,209,10,7.5
2026-07-19,7,3,2,112,4,8.3
2026-07-19,8,8,1,230,9,6.6
2026-07-19,8,8,2,126,8,6.0
2026-07-19,9,8,1,101,2,9.1
2026-07-19,9,8,2,67,2,8.9
2026-07-19,10,7,1,285,17,5.3
2026-07-19,10,7,2,137,11,5.6
2026-07-19,11,4,1,109,2,11.4
2026-07-19,11,4,2,64,2,10.8
2026-07-19,12,4,1,252,1,14.6
2026-07-19,12,4,2,138,1,13.8
2026-07-19,13,4,1,113,2,10.4
2026-07-19,13,4,2,50,1,10.7
2026-07-19,14,5,1,99,3,9.3
2026-07-19,14,5,2,41,2,9.1
2026-07-19,15,9,1,124,6,6.7
2026-07-19,15,9,2,65,3,6.5
2026-07-19,16,9,1,141,3,8.1
2026-07-19,16,9,2,44,2,7.3
2026-07-19,17,6,1,341,16,6.8
2026-07-19,17,6,2,170,9,6.7
2026-07-19,18,6,1,233,12,6.3
2026-07-19,18,6,2,93,4,6.5
2026-07-19,19,6,1,187,1,14.0
2026-07-19,19,6,2,121,1,13.7
2026-07-19,20,11,1,305,1,16.6
2026-07-19,20,11,2,127,0,15.8
2026-07-19,21,11,1,62,2,7.7
2026-07-19,21,11,2,24,1,7.4
2026-07-19,22,2,1,155,1,15.1
2026-07-19,22,2,2,85,0,14.9
2026-07-20,1,1,1,30,14,1.7
2026-07-20,1,1,2,15,8,1.0
2026-07-20,2,10,1,11,4,1.2
2026-07-20,2,10,2,5,3,1.4
2026-07-20,3,12,1,8,3,2.3
2026-07-20,3,12,2,3,2,1.9
2026-07-20,4,2,1,190,3,11.0
2026-07-20,4,2,2,86,2,10.3
2026-07-20,5,2,1,166,1,13.2
2026-07-20,5,2,2,97,1,12.6
2026-07-20,6,2,1,154,2,11.6
2026-07-20,6,2,2,71,1,11.4
2026-07-20,7,3,1,210,6,9.0
2026-07-20,7,3,2,118,4,8.9
2026-07-20,8,8,1,259,7,7.8
2026-07-20,8,8,2,115,4,7.9
2026-07-20,9,8,1,91,2,10.3
2026-07-20,9,8,2,56,2,9.4
2026-07-20,10,7,1,332,15,6.2
2026-07-20,10,7,2,147,8,6.4
2026-07-20,11,4,1,119,1,12.0
2026-07-20,11,4,2,66,1,12.0
2026-07-20,12,4,1,228,1,15.5
2026-07-20,12,4,2,113,0,15.4
2026-07-20,13,4,1,87,1,11.7
2026-07-20,13,4,2,57,1,11.6
2026-07-20,14,5,1,83,2,10.8
2026-07-20,14,5,2,49,1,9.5
2026-07-20,15,9,1,115,4,7.7
2026-07-20,15,9,2,51,2,8.0
2026-07-20,16,9,1,100,2,9.3
2026-07-20,16,9,2,51,1,8.8
2026-07-20,17,6,1,274,8,7.6
2026-07-20,17,6,2,165,5,8.5
2026-07-20,18,6,1,160,5,7.3
2026-07-20,18,6,2,84,4,7.2
2026-07-20,19,6,1,203,1,15.7
2026-07-20,19,6,2,81,0,15.4
2026-07-20,20,11,1,274,1,17.7
2026-07-20,20,11,2,122,0,17.5
2026-07-20,21,11,1,54,1,9.5
2026-07-20,21,11,2,26,1,9.8
2026-07-20,22,2,1,196,1,15.9
2026-07-20,22,2,2,79,0,15.4
2026-07-21,1,1,1,28,11,1.5
2026-07-21,1,1,2,17,7,1.4
2026-07-21,2,10,1,11,5,1.6
2026-07-21,2,10,2,4,3,1.5
2026-07-21,3,12,1,7,4,1.8
2026-07-21,3,12,2,3,1,1.6
2026-07-21,4,2,1,142,3,9.8
2026-07-21,4,2,2,79,2,10.5
2026-07-21,5,2,1,218,3,13.1
2026-07-21,5,2,2,112,2,12.2
2026-07-21,6,2,1,148,2,11.5
2026-07-21,6,2,2,76,1,10.8
2026-07-21,7,3,1,204,7,9.4
2026-07-21,7,3,2,100,3,8.9
2026-07-21,8,8,1,227,7,7.2
2026-07-21,8,8,2,109,4,7.4
2026-07-21,9,8,1,99,2,10.0
2026-07-21,9,8,2,44,1,9.9
2026-07-21,10,7,1,217,10,6.6
2026-07-21,10,7,2,130,7,6.4
2026-07-21,11,4,1,117,1,12.1
2026-07-21,11,4,2,56,1,11.7
2026-07-21,12,4,1,250,1,15.3
2026-07-21,12,4,2,95,0,14.8
2026-07-21,13,4,1,111,1,11.9
2026-07-21,13,4,2,49,1,11.5
2026-07-21,14,5,1,79,1,10.0
2026-07-21,14,5,2,45,1,10.2
2026-07-21,15,9,1,112,4,7.8
2026-07-21,15,9,2,55,2,7.8
2026-07-21,16,9,1,88,1,9.4
2026-07-21,16,9,2,42,1,9.1
2026-07-21,17,6,1,391,11,8.3
2026-07-21,17,6,2,155,5,7.6
2026-07-21,18,6,1,183,5,7.4
2026-07-21,18,6,2,74,3,6.9
2026-07-21,19,6,1,207,1,15.6
2026-07-21,19,6,2,110,1,15.4
2026-07-21,20,11,1,237,0,17.9
2026-07-21,20,11,2,100,0,17.8
2026-07-21,21,11,1,55,2,9.4
2026-07-21,21,11,2,22,1,9.0
2026-07-21,22,2,1,179,1,15.6
2026-07-21,22,2,2,89,0,16.1
2026-07-22,1,1,1,39,17,1.6
2026-07-22,1,1,2,15,8,1.0
2026-07-22,2,10,1,9,4,1.4
2026-07-22,2,10,2,4,2,1.2
2026-07-22,3,12,1,7,3,1.7
2026-07-22,3,12,2,3,1,1.6
2026-07-22,4,2,1,188,2,10.9
2026-07-22,4,2,2,85,2,10.4
2026-07-22,5,2,1,216,2,12.7
2026-07-22,5,2,2,102,1,12.5
2026-07-22,6,2,1,167,2,11.6
2026-07-22,6,2,2,66,1,11.5
2026-07-22,7,3,1,222,9,8.8
2026-07-22,7,3,2,107,3,8.8
2026-07-22,8,8,1,195,8,7.5
2026-07-22,8,8,2,125,7,7.3
2026-07-22,9,8,1,105,2,10.2
2026-07-22,9,8,2,50,1,10.6
2026-07-22,10,7,1,244,14,6.6
2026-07-22,10,7,2,160,10,6.2
2026-07-22,11,4,1,97,1,12.5
2026-07-22,11,4,2,51,1,12.0
2026-07-22,12,4,1,280,1,15.6
2026-07-22,12,4,2,110,0,15.5
2026-07-22,13,4,1,102,2,11.6
2026-07-22,13,4,2,51,1,11.7
2026-07-22,14,5,1,81,1,10.5
2026-07-22,14,5,2,40,1,9.5
2026-07-22,15,9,1,116,3,7.9
2026-07-22,15,9,2,54,1,7.8
2026-07-22,16,9,1,114,2,9.0
2026-07-22,16,9,2,49,1,9.0
2026-07-22,17,6,1,347,10,8.2
2026-07-22,17,6,2,139,5,7.8
2026-07-22,18,6,1,181,7,7.1
2026-07-22,18,6,2,78,3,7.2
2026-07-22,19,6,1,163,1,14.9
2026-07-22,19,6,2,124,1,15.4
2026-07-22,20,11,1,263,0,18.1
2026-07-22,20,11,2,125,0,17.8
2026-07-22,21,11,1,38,1,9.0
2026-07-22,21,11,2,26,1,9.2
2026-07-22,22,2,1,161,0,16.1
2026-07-22,22,2,2,84,0,15.5
2026-07-23,1,1,1,32,11,1.1
2026-07-23,1,1,2,16,7,1.0
2026-07-23,2,10,1,11,4,1.5
2026-07-23,2,10,2,5,2,1.3
2026-07-23,3,12,1,8,4,2.0
2026-07-23,3,12,2,3,2,1.7
2026-07-23,4,2,1,176,3,10.7
2026-07-23,4,2,2,81,2,10.6
2026-07-23,5,2,1,212,2,12.6
2026-07-23,5,2,2,85,1,12.2
2026-07-23,6,2,1,116,2,10.5
2026-07-23,6,2,2,77,1,11.3
2026-07-23,7,3,1,143,4,9.1
2026-07-23,7,3,2,84,3,8.6
2026-07-23,8,8,1,247,8,7.7
2026-07-23,8,8,2,134,6,7.5
2026-07-23,9,8,1,94,2,10.2
2026-07-23,9,8,2,52,1,10.2
2026-07-23,10,7,1,255,12,6.7
2026-07-23,10,7,2,154,9,5.9
2026-07-23,11,4,1,114,1,12.7
2026-07-23,11,4,2,60,1,12.2
2026-07-23,12,4,1,239,1,14.7
2026-07-23,12,4,2,112,0,15.4
2026-07-23,13,4,1,104,1,11.5
2026-07-23,13,4,2,50,1,12.0
2026-07-23,14,5,1,77,2,9.5
2026-07-23,14,5,2,44,1,9.7
2026-07-23,15,9,1,142,3,8.2
2026-07-23,15,9,2,61,2,7.9
2026-07-23,16,9,1,114,3,9.2
2026-07-23,16,9,2,52,1,8.6
2026-07-23,17,6,1,376,9,8.7
2026-07-23,17,6,2,173,5,8.1
2026-07-23,18,6,1,183,8,7.0
2026-07-23,18,6,2,90,3,7.2
2026-07-23,19,6,1,192,1,15.2
2026-07-23,19,6,2,90,0,15.2
2026-07-23,20,11,1,306,1,17.4
2026-07-23,20,11,2,109,0,17.8
2026-07-23,21,11,1,58,2,9.2
2026-07-23,21,11,2,22,1,9.1
2026-07-23,22,2,1,167,1,16.0
2026-07-23,22,2,2,89,0,16.1
2026-07-24,1,1,1,27,10,1.4
2026-07-24,1,1,2,17,8,1.0
2026-07-24,2,10,1,12,4,1.4
2026-07-24,2,10,2,5,3,1.1
2026-07-24,3,12,1,8,3,1.9
2026-07-24,3,12,2,3,2,1.9
2026-07-24,4,2,1,164,3,10.5
2026-07-24,4,2,2,62,1,10.3
2026-07-24,5,2,1,200,2,12.7
2026-07-24,5,2,2,98,1,12.9
2026-07-24,6,2,1,178,2,11.4
2026-07-24,6,2,2,86,2,10.9
2026-07-24,7,3,1,202,5,9.3
2026-07-24,7,3,2,95,3,9.2
2026-07-24,8,8,1,263,11,7.2
2026-07-24,8,8,2,131,5,7.3
2026-07-24,9,8,1,99,1,10.2
2026-07-24,9,8,2,41,1,10.1
2026-07-24,10,7,1,256,13,5.9
2026-07-24,10,7,2,114,6,6.4
2026-07-24,11,4,1,143,2,12.0
2026-07-24,11,4,2,47,1,11.8
2026-07-24,12,4,1,209,1,15.7
2026-07-24,12,4,2,99,0,15.6
2026-07-24,13,4,1,103,1,11.8
2026-07-24,13,4,2,54,1,12.0
2026-07-24,14,5,1,86,1,10.1
2026-07-24,14,5,2,37,1,9.9
2026-07-24,15,9,1,128,4,8.2
2026-07-24,15,9,2,60,2,7.5
2026-07-24,16,9,1,112,2,9.2
2026-07-24,16,9,2,54,1,8.7
2026-07-24,17,6,1,358,8,8.0
2026-07-24,17,6,2,179,7,8.1
2026-07-24,18,6,1,171,6,7.8
2026-07-24,18,6,2,95,4,7.0
2026-07-24,19,6,1,229,1,15.3
2026-07-24,19,6,2,110,0,15.4
2026-07-24,20,11,1,328,1,17.2
2026-07-24,20,11,2,116,0,17.8
2026-07-24,21,11,1,47,1,9.4
2026-07-24,21,11,2,25,1,9.2
2026-07-24,22,2,1,206,1,16.0
2026-07-24,22,2,2,76,0,15.8
2026-07-25,1,1,1,30,14,1.6
2026-07-25,1,1,2,13,6,1.0
2026-07-25,2,10,1,9,4,1.6
2026-07-25,2,10,2,4,2,1.7
2026-07-25,3,12,1,6,2,1.9
2026-07-25,3,12,2,2,1,1.9
2026-07-25,4,2,1,156,3,10.6
2026-07-25,4,2,2,75,2,10.4
2026-07-25,5,2,1,195,2,12.7
2026-07-25,5,2,2,86,1,12.3
2026-07-25,6,2,1,131,1,11.6
2026-07-25,6,2,2,50,1,10.6
2026-07-25,7,3,1,150,4,9.2
2026-07-25,7,3,2,89,3,8.8
2026-07-25,8,8,1,185,6,7.4
2026-07-25,8,8,2,90,3,7.0
2026-07-25,9,8,1,83,1,9.8
2026-07-25,9,8,2,37,1,9.9
2026-07-25,10,7,1,293,13,6.2
2026-07-25,10,7,2,92,5,5.7
2026-07-25,11,4,1,105,1,12.3
2026-07-25,11,4,2,41,1,12.0
2026-07-25,12,4,1,224,1,14.6
2026-07-25,12,4,2,92,0,15.1
2026-07-25,13,4,1,90,1,11.4
2026-07-25,13,4,2,34,1,11.8
2026-07-25,14,5,1,83,1,10.1
2026-07-25,14,5,2,39,1,10.3
2026-07-25,15,9,1,113,3,7.5
2026-07-25,15,9,2,49,2,7.4
2026-07-25,16,9,1,103,2,9.0
2026-07-25,16,9,2,50,2,8.9
2026-07-25,17,6,1,335,14,7.9
2026-07-25,17,6,2,153,6,8.0
2026-07-25,18,6,1,155,5,7.4
2026-07-25,18,6,2,67,4,7.1
2026-07-25,19,6,1,172,1,15.4
2026-07-25,19,6,2,89,0,14.4
2026-07-25,20,11,1,242,0,17.5
2026-07-25,20,11,2,123,0,17.6
2026-07-25,21,11,1,40,1,9.0
2026-07-25,21,11,2,22,1,9.1
2026-07-25,22,2,1,133,0,16.5
2026-07-25,22,2,2,66,0,15.9
2026-07-26,1,1,1,30,13,1.4
2026-07-26,1,1,2,14,6,1.1
2026-07-26,2,10,1,9,3,1.5
2026-07-26,2,10,2,4,2,1.6
2026-07-26,3,12,1,7,3,2.1
2026-07-26,3,12,2,3,1,1.6
2026-07-26,4,2,1,149,3,10.6
2026-07-26,4,2,2,66,2,10.1
2026-07-26,5,2,1,204,2,12.1
2026-07-26,5,2,2,86,1,12.8
2026-07-26,6,2,1,140,2,11.1
2026-07-26,6,2,2,55,1,10.4
2026-07-26,7,3,1,171,4,9.4
2026-07-26,7,3,2,67,2,9.2
2026-07-26,8,8,1,231,7,7.9
2026-07-26,8,8,2,94,3,7.1
2026-07-26,9,8,1,82,2,10.2
2026-07-26,9,8,2,38,1,10.3
2026-07-26,10,7,1,245,11,6.3
2026-07-26,10,7,2,112,6,6.1
2026-07-26,11,4,1,99,1,12.3
2026-07-26,11,4,2,48,1,11.9
2026-07-26,12,4,1,193,1,14.6
2026-07-26,12,4,2,100,0,14.8
2026-07-26,13,4,1,84,1,11.8
2026-07-26,13,4,2,40,1,12.1
2026-07-26,14,5,1,71,2,10.1
2026-07-26,14,5,2,42,1,10.6
2026-07-26,15,9,1,100,3,8.2
2026-07-26,15,9,2,53,2,7.5
2026-07-26,16,9,1,69,2,9.2
2026-07-26,16,9,2,56,2,8.5
2026-07-26,17,6,1,309,10,7.9
2026-07-26,17,6,2,123,4,7.6
2026-07-26,18,6,1,146,4,7.1
2026-07-26,18,6,2,73,4,6.7
2026-07-26,19,6,1,168,0,15.1
2026-07-26,19,6,2,69,0,14.7
2026-07-26,20,11,1,209,0,18.3
2026-07-26,20,11,2,96,0,17.6
2026-07-26,21,11,1,48,1,9.1
2026-07-26,21,11,2,14,0,9.1
2026-07-26,22,2,1,148,0,15.5
2026-07-26,22,2,2,50,0,15.5
2026-07-27,1,1,1,35,15,1.2
2026-07-27,1,1,2,15,7,1.7
2026-07-27,2,10,1,12,6,1.8
2026-07-27,2,10,2,4,1,1.3
2026-07-27,3,12,1,6,3,2.4
2026-07-27,3,12,2,3,2,1.5
2026-07-27,4,2,1,164,3,10.3
2026-07-27,4,2,2,93,2,10.6
2026-07-27,5,2,1,211,3,13.1
2026-07-27,5,2,2,126,1,12.4
2026-07-27,6,2,1,162,2,11.4
2026-07-27,6,2,2,83,1,11.8
2026-07-27,7,3,1,182,4,9.0
2026-07-27,7,3,2,103,4,8.5
2026-07-27,8,8,1,262,7,7.7
2026-07-27,8,8,2,120,6,7.4
2026-07-27,9,8,1,104,3,9.8
2026-07-27,9,8,2,55,1,10.2
2026-07-27,10,7,1,319,15,6.2
2026-07-27,10,7,2,154,15,5.9
2026-07-27,11,4,1,135,1,12.1
2026-07-27,11,4,2,54,1,12.0
2026-07-27,12,4,1,230,1,14.7
2026-07-27,12,4,2,136,1,14.9
2026-07-27,13,4,1,130,2,11.9
2026-07-27,13,4,2,48,1,11.9
2026-07-27,14,5,1,102,3,10.3
2026-07-27,14,5,2,49,1,9.9
2026-07-27,15,9,1,121,5,7.8
2026-07-27,15,9,2,56,3,7.1
2026-07-27,16,9,1,119,3,8.7
2026-07-27,16,9,2,44,1,8.9
2026-07-27,17,6,1,363,9,8.3
2026-07-27,17,6,2,181,7,7.8
2026-07-27,18,6,1,217,8,7.1
2026-07-27,18,6,2,104,4,7.5
2026-07-27,19,6,1,186,1,15.4
2026-07-27,19,6,2,95,0,14.7
2026-07-27,20,11,1,220,0,17.6
2026-07-27,20,11,2,116,0,16.9
2026-07-27,21,11,1,40,1,9.9
2026-07-27,21,11,2,20,1,9.2
2026-07-27,22,2,1,188,1,16.3
2026-07-27,22,2,2,78,0,15.6
2026-07-28,1,1,1,38,13,1.6
2026-07-28,1,1,2,15,6,1.0
2026-07-28,2,10,1,11,5,1.9
2026-07-28,2,10,2,5,2,1.4
2026-07-28,3,12,1,7,2,1.4
2026-07-28,3,12,2,3,2,1.4
2026-07-28,4,2,1,162,3,10.5
2026-07-28,4,2,2,109,3,9.8
2026-07-28,5,2,1,233,2,12.6
2026-07-28,5,2,2,99,1,12.6
2026-07-28,6,2,1,176,3,10.9
2026-07-28,6,2,2,69,1,11.2
2026-07-28,7,3,1,221,7,8.7
2026-07-28,7,3,2,101,4,8.4
2026-07-28,8,8,1,199,5,7.6
2026-07-28,8,8,2,117,4,7.2
2026-07-28,9,8,1,80,1,10.1
2026-07-28,9,8,2,54,2,9.8
2026-07-28,10,7,1,307,13,7.0
2026-07-28,10,7,2,143,7,6.4
2026-07-28,11,4,1,108,1,12.8
2026-07-28,11,4,2,48,1,12.2
2026-07-28,12,4,1,237,1,15.5
2026-07-28,12,4,2,137,1,15.3
2026-07-28,13,4,1,116,1,11.9
2026-07-28,13,4,2,67,1,11.6
2026-07-28,14,5,1,91,1,10.5
2026-07-28,14,5,2,44,2,9.7
2026-07-28,15,9,1,151,5,7.8
2026-07-28,15,9,2,66,2,7.9
2026-07-28,16,9,1,123,4,8.6
2026-07-28,16,9,2,54,2,7.9
2026-07-28,17,6,1,350,8,8.8
2026-07-28,17,6,2,139,5,8.4
2026-07-28,18,6,1,186,6,7.7
2026-07-28,18,6,2,86,4,7.5
2026-07-28,19,6,1,228,1,15.2
2026-07-28,19,6,2,81,0,14.7
2026-07-28,20,11,1,261,0,17.7
2026-07-28,20,11,2,125,0,17.1
2026-07-28,21,11,1,60,2,9.1
2026-07-28,21,11,2,29,1,8.9
2026-07-28,22,2,1,149,0,15.9
2026-07-28,22,2,2,75,0,15.2
2026-07-29,1,1,1,30,11,1.2
2026-07-29,1,1,2,20,9,1.1
2026-07-29,2,10,1,10,3,1.4
2026-07-29,2,10,2,5,2,1.5
2026-07-29,3,12,1,8,3,2.3
2026-07-29,3,12,2,3,2,1.9
2026-07-29,4,2,1,261,6,10.3
2026-07-29,4,2,2,79,2,9.9
2026-07-29,5,2,1,226,1,12.8
2026-07-29,5,2,2,119,1,12.8
2026-07-29,6,2,1,169,3,11.2
2026-07-29,6,2,2,84,2,10.8
2026-07-29,7,3,1,216,7,9.1
2026-07-29,7,3,2,88,3,8.6
2026-07-29,8,8,1,236,6,7.9
2026-07-29,8,8,2,102,5,7.4
2026-07-29,9,8,1,88,1,10.4
2026-07-29,9,8,2,54,1,9.5
2026-07-29,10,7,1,378,16,6.5
2026-07-29,10,7,2,147,7,6.9
2026-07-29,11,4,1,108,1,12.3
2026-07-29,11,4,2,51,1,11.9
2026-07-29,12,4,1,223,1,15.3
2026-07-29,12,4,2,134,1,14.4
2026-07-29,13,4,1,96,1,12.0
2026-07-29,13,4,2,52,1,11.4
2026-07-29,14,5,1,76,1,10.4
2026-07-29,14,5,2,44,1,10.0
2026-07-29,15,9,1,159,5,7.9
2026-07-29,15,9,2,49,2,7.7
2026-07-29,16,9,1,102,2,9.3
2026-07-29,16,9,2,52,1,8.8
2026-07-29,17,6,1,345,9,7.9
2026-07-29,17,6,2,158,4,7.9
2026-07-29,18,6,1,187,7,7.3
2026-07-29,18,6,2,76,4,6.9
2026-07-29,19,6,1,186,1,15.4
2026-07-29,19,6,2,82,0,14.6
2026-07-29,20,11,1,255,1,17.2
2026-07-29,20,11,2,127,0,17.1
2026-07-29,21,11,1,56,1,9.1
2026-07-29,21,11,2,23,1,9.4
2026-07-29,22,2,1,193,1,15.8
2026-07-29,22,2,2,78,0,15.9
2026-07-30,1,1,1,40,16,1.2
2026-07-30,1,1,2,17,10,1.4
2026-07-30,2,10,1,8,4,1.6
2026-07-30,2,10,2,4,2,1.5
2026-07-30,3,12,1,8,3,1.9
2026-07-30,3,12,2,3,1,1.8
2026-07-30,4,2,1,200,5,10.5
2026-07-30,4,2,2,78,2,10.2
2026-07-30,5,2,1,228,2,11.9
2026-07-30,5,2,2,108,1,12.5
2026-07-30,6,2,1,156,2,11.6
2026-07-30,6,2,2,66,1,11.5
2026-07-30,7,3,1,199,7,8.9
2026-07-30,7,3,2,93,4,8.7
2026-07-30,8,8,1,214,8,7.4
2026-07-30,8,8,2,116,6,7.1
2026-07-30,9,8,1,88,2,9.9
2026-07-30,9,8,2,42,1,10.2
2026-07-30,10,7,1,302,16,6.3
2026-07-30,10,7,2,136,9,6.4
2026-07-30,11,4,1,138,2,11.8
2026-07-30,11,4,2,53,1,12.2
2026-07-30,12,4,1,245,1,14.9
2026-07-30,12,4,2,126,1,14.8
2026-07-30,13,4,1,121,1,12.1
2026-07-30,13,4,2,53,1,11.7
2026-07-30,14,5,1,97,2,10.0
2026-07-30,14,5,2,33,1,9.4
2026-07-30,15,9,1,139,4,8.1
2026-07-30,15,9,2,58,2,7.9
2026-07-30,16,9,1,110,2,9.4
2026-07-30,16,9,2,48,1,8.7
2026-07-30,17,6,1,309,9,8.4
2026-07-30,17,6,2,164,5,8.3
2026-07-30,18,6,1,233,8,7.3
2026-07-30,18,6,2,100,4,7.3
2026-07-30,19,6,1,200,1,14.7
2026-07-30,19,6,2,95,0,15.3
2026-07-30,20,11,1,273,0,17.1
2026-07-30,20,11,2,126,0,17.5
2026-07-30,21,11,1,58,1,9.1
2026-07-30,21,11,2,26,1,8.8
2026-07-30,22,2,1,169,1,15.9
2026-07-30,22,2,2,83,0,15.6
2026-07-31,1,1,1,38,17,1.7
2026-07-31,1,1,2,17,8,1.6
2026-07-31,2,10,1,9,3,1.5
2026-07-31,2,10,2,4,1,1.4
2026-07-31,3,12,1,8,3,2.0
2026-07-31,3,12,2,3,2,1.8
2026-07-31,4,2,1,194,4,10.3
2026-07-31,4,2,2,78,2,10.1
2026-07-31,5,2,1,251,3,12.4
2026-07-31,5,2,2,120,1,12.6
2026-07-31,6,2,1,185,4,10.7
2026-07-31,6,2,2,53,1,10.8
2026-07-31,7,3,1,186,5,8.5
2026-07-31,7,3,2,98,4,8.4
2026-07-31,8,8,1,290,9,7.9
2026-07-31,8,8,2,118,8,7.1
2026-07-31,9,8,1,117,2,10.1
2026-07-31,9,8,2,54,2,9.2
2026-07-31,10,7,1,283,19,5.8
2026-07-31,10,7,2,130,7,6.4
2026-07-31,11,4,1,113,1,12.7
2026-07-31,11,4,2,58,1,11.6
2026-07-31,12,4,1,219,1,15.2
2026-07-31,12,4,2,116,0,15.1
2026-07-31,13,4,1,114,2,11.5
2026-07-31,13,4,2,54,1,11.5
2026-07-31,14,5,1,102,3,10.0
2026-07-31,14,5,2,45,1,10.3
2026-07-31,15,9,1,160,5,7.8
2026-07-31,15,9,2,55,3,7.7
2026-07-31,16,9,1,112,3,8.6
2026-07-31,16,9,2,53,1,9.0
2026-07-31,17,6,1,362,8,9.0
2026-07-31,17,6,2,169,8,7.5
2026-07-31,18,6,1,176,6,7.9
2026-07-31,18,6,2,96,4,7.0
2026-07-31,19,6,1,194,1,15.3
2026-07-31,19,6,2,89,0,15.1
2026-07-31,20,11,1,258,0,17.8
2026-07-31,20,11,2,119,0,17.9
2026-07-31,21,11,1,59,1,9.9
2026-07-31,21,11,2,25,1,9.4
2026-07-31,22,2,1,185,0,16.2
2026-07-31,22,2,2,71,0,15.8
2026-08-01,1,1,1,26,13,1.3
2026-08-01,1,1,2,14,7,1.0
2026-08-01,2,10,1,9,4,1.7
2026-08-01,2,10,2,3,1,1.4
2026-08-01,3,12,1,6,3,2.2
2026-08-01,3,12,2,3,1,1.4
2026-08-01,4,2,1,123,2,10.6
2026-08-01,4,2,2,75,2,9.7
2026-08-01,5,2,1,146,1,13.0
2026-08-01,5,2,2,72,1,12.3
2026-08-01,6,2,1,111,2,11.0
2026-08-01,6,2,2,64,1,11.3
2026-08-01,7,3,1,169,4,9.2
2026-08-01,7,3,2,96,3,9.0
2026-08-01,8,8,1,206,7,7.3
2026-08-01,8,8,2,94,5,7.0
2026-08-01,9,8,1,106,2,10.0
2026-08-01,9,8,2,36,1,9.3
2026-08-01,10,7,1,268,13,6.2
2026-08-01,10,7,2,107,6,6.7
2026-08-01,11,4,1,103,1,12.7
2026-08-01,11,4,2,48,1,12.1
2026-08-01,12,4,1,195,1,15.5
2026-08-01,12,4,2,85,0,15.4
2026-08-01,13,4,1,96,1,12.0
2026-08-01,13,4,2,41,1,11.5
2026-08-01,14,5,1,73,2,9.6
2026-08-01,14,5,2,37,1,9.9
2026-08-01,15,9,1,108,3,8.2
2026-08-01,15,9,2,48,2,7.9
2026-08-01,16,9,1,86,2,8.7
2026-08-01,16,9,2,40,1,8.9
2026-08-01,17,6,1,301,10,8.5
2026-08-01,17,6,2,118,3,7.5
2026-08-01,18,6,1,165,5,7.8
2026-08-01,18,6,2,70,3,7.4
2026-08-01,19,6,1,181,1,15.6
2026-08-01,19,6,2,86,0,14.9
2026-08-01,20,11,1,201,0,18.1
2026-08-01,20,11,2,104,0,17.3
2026-08-01,21,11,1,39,1,9.5
2026-08-01,21,11,2,21,0,9.1
2026-08-01,22,2,1,136,0,15.5
2026-08-01,22,2,2,86,0,15.5
2026-08-02,1,1,1,27,10,1.2
2026-08-02,1,1,2,14,9,1.0
2026-08-02,2,10,1,9,4,1.2
2026-08-02,2,10,2,4,2,1.3
2026-08-02,3,12,1,6,2,2.1
2026-08-02,3,12,2,3,1,1.6
2026-08-02,4,2,1,151,3,10.2
2026-08-02,4,2,2,76,2,10.0
2026-08-02,5,2,1,187,2,12.5
2026-08-02,5,2,2,75,1,12.7
2026-08-02,6,2,1,145,2,11.4
2026-08-02,6,2,2,57,1,11.5
2026-08-02,7,3,1,160,4,8.8
2026-08-02,7,3,2,70,2,8.9
2026-08-02,8,8,1,222,8,7.5
2026-08-02,8,8,2,92,5,7.6
2026-08-02,9,8,1,82,2,9.7
2026-08-02,9,8,2,38,1,9.8
2026-08-02,10,7,1,214,8,6.7
2026-08-02,10,7,2,102,8,6.1
2026-08-02,11,4,1,91,1,12.3
2026-08-02,11,4,2,49,1,12.1
2026-08-02,12,4,1,199,1,15.1
2026-08-02,12,4,2,95,0,15.1
2026-08-02,13,4,1,92,1,11.9
2026-08-02,13,4,2,38,1,11.5
2026-08-02,14,5,1,79,1,9.8
2026-08-02,14,5,2,37,1,10.1
2026-08-02,15,9,1,110,4,7.7
2026-08-02,15,9,2,48,2,7.5
2026-08-02,16,9,1,73,2,8.7
2026-08-02,16,9,2,43,1,8.7
2026-08-02,17,6,1,366,13,8.1
2026-08-02,17,6,2,125,4,7.7
2026-08-02,18,6,1,124,4,7.8
2026-08-02,18,6,2,78,3,7.6
2026-08-02,19,6,1,203,1,14.5
2026-08-02,19,6,2,81,0,14.8
2026-08-02,20,11,1,223,0,17.3
2026-08-02,20,11,2,129,0,16.5
2026-08-02,21,11,1,50,1,9.5
2026-08-02,21,11,2,19,1,8.9
2026-08-02,22,2,1,138,0,15.5
2026-08-02,22,2,2,75,0,15.3
2026-08-03,1,1,1,45,15,1.2
2026-08-03,1,1,2,18,6,1.0
2026-08-03,2,10,1,10,5,1.6
2026-08-03,2,10,2,5,2,1.0
2026-08-03,3,12,1,7,2,2.0
2026-08-03,3,12,2,2,1,2.0
2026-08-03,4,2,1,222,5,9.0
2026-08-03,4,2,2,101,3,9.2
2026-08-03,5,2,1,304,4,11.3
2026-08-03,5,2,2,183,5,10.6
2026-08-03,6,2,1,181,4,9.9
2026-08-03,6,2,2,109,2,10.0
2026-08-03,7,3,1,260,11,8.2
2026-08-03,7,3,2,120,6,8.0
2026-08-03,8,8,1,349,16,5.9
2026-08-03,8,8,2,168,12,5.2
2026-08-03,9,8,1,143,6,8.2
2026-08-03,9,8,2,78,3,8.2
2026-08-03,10,7,1,401,26,5.1
2026-08-03,10,7,2,203,15,5.5
2026-08-03,11,4,1,160,2,11.0
2026-08-03,11,4,2,80,1,10.6
2026-08-03,12,4,1,342,2,13.3
2026-08-03,12,4,2,142,1,13.6
2026-08-03,13,4,1,131,3,10.4
2026-08-03,13,4,2,68,1,10.2
2026-08-03,14,5,1,125,5,8.0
2026-08-03,14,5,2,66,2,8.6
2026-08-03,15,9,1,199,11,6.5
2026-08-03,15,9,2,77,4,6.3
2026-08-03,16,9,1,136,5,7.7
2026-08-03,16,9,2,67,3,7.4
2026-08-03,17,6,1,498,22,6.9
2026-08-03,17,6,2,240,13,6.7
2026-08-03,18,6,1,249,12,6.4
2026-08-03,18,6,2,129,7,5.8
2026-08-03,19,6,1,258,1,14.0
2026-08-03,19,6,2,127,1,14.2
2026-08-03,20,11,1,294,1,16.2
2026-08-03,20,11,2,171,1,16.2
2026-08-03,21,11,1,58,2,7.8
2026-08-03,21,11,2,27,2,7.7
2026-08-03,22,2,1,225,1,14.6
2026-08-03,22,2,2,87,1,14.5
2026-08-04,1,1,1,35,14,1.1
2026-08-04,1,1,2,18,7,1.0
2026-08-04,2,10,1,11,4,1.8
2026-08-04,2,10,2,5,3,1.5
2026-08-04,3,12,1,7,3,1.9
2026-08-04,3,12,2,3,1,1.6
2026-08-04,4,2,1,225,6,9.0
2026-08-04,4,2,2,129,5,8.6
2026-08-04,5,2,1,257,3,11.5
2026-08-04,5,2,2,161,2,11.2
2026-08-04,6,2,1,205,4,9.8
2026-08-04,6,2,2,85,2,9.7
2026-08-04,7,3,1,279,8,8.6
2026-08-04,7,3,2,129,6,7.6
2026-08-04,8,8,1,329,16,6.2
2026-08-04,8,8,2,174,9,6.1
2026-08-04,9,8,1,136,4,8.8
2026-08-04,9,8,2,62,3,8.5
2026-08-04,10,7,1,417,29,5.1
2026-08-04,10,7,2,222,22,4.7
2026-08-04,11,4,1,154,2,12.0
2026-08-04,11,4,2,75,1,10.7
2026-08-04,12,4,1,300,1,14.4
2026-08-04,12,4,2,145,1,13.6
2026-08-04,13,4,1,132,3,10.5
2026-08-04,13,4,2,59,1,10.2
2026-08-04,14,5,1,103,4,9.1
2026-08-04,14,5,2,73,3,8.3
2026-08-04,15,9,1,164,7,7.0
2026-08-04,15,9,2,81,4,6.7
2026-08-04,16,9,1,165,6,7.6
2026-08-04,16,9,2,71,2,7.6
2026-08-04,17,6,1,400,20,6.4
2026-08-04,17,6,2,175,8,7.0
2026-08-04,18,6,1,214,9,6.2
2026-08-04,18,6,2,118,9,5.8
2026-08-04,19,6,1,302,1,14.2
2026-08-04,19,6,2,148,1,13.8
2026-08-04,20,11,1,382,1,16.3
2026-08-04,20,11,2,184,1,15.6
2026-08-04,21,11,1,68,2,8.1
2026-08-04,21,11,2,36,2,7.8
2026-08-04,22,2,1,209,1,14.4
2026-08-04,22,2,2,120,1,14.0
2026-08-05,1,1,1,32,15,1.3
2026-08-05,1,1,2,18,11,1.2
2026-08-05,2,10,1,10,6,1.4
2026-08-05,2,10,2,4,2,1.2
2026-08-05,3,12,1,8,3,2.1
2026-08-05,3,12,2,3,2,1.5
2026-08-05,4,2,1,242,6,9.2
2026-08-05,4,2,2,121,6,8.6
2026-08-05,5,2,1,287,5,11.5
2026-08-05,5,2,2,167,3,11.0
2026-08-05,6,2,1,204,4,10.0
2026-08-05,6,2,2,78,2,9.9
2026-08-05,7,3,1,326,9,8.3
2026-08-05,7,3,2,116,6,7.9
2026-08-05,8,8,1,346,13,6.2
2026-08-05,8,8,2,209,15,5.8
2026-08-05,9,8,1,142,5,8.4
2026-08-05,9,8,2,76,3,8.5
2026-08-05,10,7,1,442,31,5.5
2026-08-05,10,7,2,174,15,4.7
2026-08-05,11,4,1,117,2,10.6
2026-08-05,11,4,2,69,2,10.5
2026-08-05,12,4,1,331,2,14.1
2026-08-05,12,4,2,143,1,13.4
2026-08-05,13,4,1,120,3,10.2
2026-08-05,13,4,2,77,2,10.2
2026-08-05,14,5,1,134,4,8.6
2026-08-05,14,5,2,53,2,9.2
2026-08-05,15,9,1,155,7,6.4
2026-08-05,15,9,2,86,4,6.9
2026-08-05,16,9,1,128,4,7.8
2026-08-05,16,9,2,58,2,7.4
2026-08-05,17,6,1,427,20,6.9
2026-08-05,17,6,2,253,13,6.4
2026-08-05,18,6,1,271,14,6.0
2026-08-05,18,6,2,152,11,5.1
2026-08-05,19,6,1,248,2,13.9
2026-08-05,19,6,2,126,1,13.7
2026-08-05,20,11,1,352,1,16.3
2026-08-05,20,11,2,158,0,16.0
2026-08-05,21,11,1,54,2,8.3
2026-08-05,21,11,2,26,1,7.8
2026-08-05,22,2,1,205,1,14.9
2026-08-05,22,2,2,90,1,14.6
2026-08-06,1,1,1,35,11,1.0
2026-08-06,1,1,2,16,11,1.2
2026-08-06,2,10,1,10,5,1.6
2026-08-06,2,10,2,5,3,1.3
2026-08-06,3,12,1,6,2,2.1
2026-08-06,3,12,2,3,1,2.4
2026-08-06,4,2,1,270,9,9.0
2026-08-06,4,2,2,125,4,9.0
2026-08-06,5,2,1,289,4,11.1
2026-08-06,5,2,2,142,2,10.7
2026-08-06,6,2,1,175,3,10.3
2026-08-06,6,2,2,87,2,10.0
2026-08-06,7,3,1,284,12,7.8
2026-08-06,7,3,2,132,9,7.0
2026-08-06,8,8,1,384,24,5.8
2026-08-06,8,8,2,157,12,6.0
2026-08-06,9,8,1,153,5,9.0
2026-08-06,9,8,2,73,2,8.3
2026-08-06,10,7,1,452,33,4.7
2026-08-06,10,7,2,185,20,4.8
2026-08-06,11,4,1,166,3,10.9
2026-08-06,11,4,2,72,2,11.1
2026-08-06,12,4,1,315,2,13.8
2026-08-06,12,4,2,120,1,13.3
2026-08-06,13,4,1,123,2,10.4
2026-08-06,13,4,2,70,2,10.2
2026-08-06,14,5,1,142,4,9.2
2026-08-06,14,5,2,59,2,9.0
2026-08-06,15,9,1,199,9,6.6
2026-08-06,15,9,2,75,4,6.5
2026-08-06,16,9,1,141,3,8.3
2026-08-06,16,9,2,77,4,7.2
2026-08-06,17,6,1,439,18,6.8
2026-08-06,17,6,2,206,11,6.3
2026-08-06,18,6,1,251,15,6.3
2026-08-06,18,6,2,97,6,6.0
2026-08-06,19,6,1,274,1,14.0
2026-08-06,19,6,2,135,1,13.7
2026-08-06,20,11,1,377,1,16.2
2026-08-06,20,11,2,151,1,15.7
2026-08-06,21,11,1,67,3,7.6
2026-08-06,21,11,2,37,1,7.6
2026-08-06,22,2,1,227,1,14.7
2026-08-06,22,2,2,97,1,14.5
2026-08-07,1,1,1,29,11,1.1
2026-08-07,1,1,2,17,10,1.3
2026-08-07,2,10,1,11,5,1.2
2026-08-07,2,10,2,4,2,1.8
2026-08-07,3,12,1,7,2,1.7
2026-08-07,3,12,2,3,1,2.1
2026-08-07,4,2,1,206,6,9.1
2026-08-07,4,2,2,134,4,9.4
2026-08-07,5,2,1,269,4,11.2
2026-08-07,5,2,2,139,3,10.7
2026-08-07,6,2,1,179,3,9.9
2026-08-07,6,2,2,72,2,9.9
2026-08-07,7,3,1,263,12,7.6
2026-08-07,7,3,2,111,6,7.6
2026-08-07,8,8,1,321,14,6.2
2026-08-07,8,8,2,151,8,6.2
2026-08-07,9,8,1,128,4,8.5
2026-08-07,9,8,2,62,3,8.2
2026-08-07,10,7,1,327,27,4.6
2026-08-07,10,7,2,239,22,4.8
2026-08-07,11,4,1,136,2,11.0
2026-08-07,11,4,2,80,2,10.5
2026-08-07,12,4,1,286,1,14.2
2026-08-07,12,4,2,164,1,14.0
2026-08-07,13,4,1,146,4,10.0
2026-08-07,13,4,2,64,2,9.9
2026-08-07,14,5,1,113,3,9.0
2026-08-07,14,5,2,64,2,8.8
2026-08-07,15,9,1,185,9,7.0
2026-08-07,15,9,2,82,4,6.4
2026-08-07,16,9,1,142,5,7.7
2026-08-07,16,9,2,60,2,7.4
2026-08-07,17,6,1,448,20,6.6
2026-08-07,17,6,2,202,9,6.7
2026-08-07,18,6,1,257,17,5.7
2026-08-07,18,6,2,129,7,6.2
2026-08-07,19,6,1,236,1,13.6
2026-08-07,19,6,2,146,1,13.9
2026-08-07,20,11,1,318,1,16.5
2026-08-07,20,11,2,162,1,15.2
2026-08-07,21,11,1,67,2,8.5
2026-08-07,21,11,2,32,2,8.3
2026-08-07,22,2,1,238,1,14.7
2026-08-07,22,2,2,99,1,14.5
2026-08-08,1,1,1,25,15,1.5
2026-08-08,1,1,2,15,6,1.5
2026-08-08,2,10,1,8,4,1.7
2026-08-08,2,10,2,5,3,1.3
2026-08-08,3,12,1,7,3,1.9
2026-08-08,3,12,2,3,2,2.1
2026-08-08,4,2,1,214,7,8.8
2026-08-08,4,2,2,103,4,8.5
2026-08-08,5,2,1,215,3,11.2
2026-08-08,5,2,2,120,2,10.9
2026-08-08,6,2,1,141,4,9.9
2026-08-08,6,2,2,77,2,9.7
2026-08-08,7,3,1,198,8,8.1
2026-08-08,7,3,2,90,6,7.2
2026-08-08,8,8,1,255,11,6.2
2026-08-08,8,8,2,138,9,5.8
2026-08-08,9,8,1,99,4,9.2
2026-08-08,9,8,2,54,2,8.7
2026-08-08,10,7,1,339,22,5.2
2026-08-08,10,7,2,174,15,4.6
2026-08-08,11,4,1,143,3,10.5
2026-08-08,11,4,2,60,2,10.8
2026-08-08,12,4,1,262,1,13.8
2026-08-08,12,4,2,132,1,13.8
2026-08-08,13,4,1,132,2,10.7
2026-08-08,13,4,2,53,1,10.5
2026-08-08,14,5,1,98,3,8.3
2026-08-08,14,5,2,49,2,9.0
2026-08-08,15,9,1,153,8,6.5
2026-08-08,15,9,2,66,3,6.2
2026-08-08,16,9,1,137,6,7.2
2026-08-08,16,9,2,75,3,7.5
2026-08-08,17,6,1,367,17,6.6
2026-08-08,17,6,2,209,11,6.4
2026-08-08,18,6,1,192,10,6.4
2026-08-08,18,6,2,88,6,5.8
2026-08-08,19,6,1,184,1,13.8
2026-08-08,19,6,2,90,1,13.8
2026-08-08,20,11,1,282,1,16.5
2026-08-08,20,11,2,149,1,15.9
2026-08-08,21,11,1,52,2,8.2
2026-08-08,21,11,2,30,1,8.3
2026-08-08,22,2,1,187,1,14.2
2026-08-08,22,2,2,104,1,14.2
2026-08-09,1,1,1,33,11,1.5
2026-08-09,1,1,2,12,6,1.5
2026-08-09,2,10,1,9,3,1.6
2026-08-09,2,10,2,5,2,1.3
2026-08-09,3,12,1,6,2,1.9
2026-08-09,3,12,2,2,1,2.2
2026-08-09,4,2,1,201,6,8.6
2026-08-09,4,2,2,102,4,9.2
2026-08-09,5,2,1,290,4,11.2
2026-08-09,5,2,2,111,2,11.4
2026-08-09,6,2,1,200,4,9.4
2026-08-09,6,2,2,73,2,9.8
2026-08-09,7,3,1,194,5,7.8
2026-08-09,7,3,2,99,4,7.7
2026-08-09,8,8,1,281,14,5.9
2026-08-09,8,8,2,137,9,6.1
2026-08-09,9,8,1,104,3,9.1
2026-08-09,9,8,2,49,2,8.9
2026-08-09,10,7,1,427,26,5.4
2026-08-09,10,7,2,151,12,4.7
2026-08-09,11,4,1,128,2,11.3
2026-08-09,11,4,2,62,1,10.8
2026-08-09,12,4,1,228,2,13.4
2026-08-09,12,4,2,120,1,14.1
2026-08-09,13,4,1,127,2,10.6
2026-08-09,13,4,2,57,1,10.2
2026-08-09,14,5,1,124,4,8.8
2026-08-09,14,5,2,50,2,8.8
2026-08-09,15,9,1,118,4,7.0
2026-08-09,15,9,2,68,4,6.4
2026-08-09,16,9,1,105,6,6.9
2026-08-09,16,9,2,64,2,7.4
2026-08-09,17,6,1,430,17,7.3
2026-08-09,17,6,2,153,9,6.4
2026-08-09,18,6,1,206,8,6.4
2026-08-09,18,6,2,91,9,5.1
2026-08-09,19,6,1,245,1,13.8
2026-08-09,19,6,2,118,1,13.3
2026-08-09,20,11,1,240,1,15.7
2026-08-09,20,11,2,125,0,16.3
2026-08-09,21,11,1,57,2,7.9
2026-08-09,21,11,2,23,1,8.0
2026-08-09,22,2,1,177,1,14.6
2026-08-09,22,2,2,75,0,14.6
2026-08-10,1,1,1,30,11,1.0
2026-08-10,1,1,2,11,7,1.0
2026-08-10,2,10,1,12,4,1.6
2026-08-10,2,10,2,4,2,1.5
2026-08-10,3,12,1,7,3,2.3
2026-08-10,3,12,2,3,2,1.3
2026-08-10,4,2,1,231,7,9.1
2026-08-10,4,2,2,86,3,9.5
2026-08-10,5,2,1,292,4,10.8
2026-08-10,5,2,2,211,4,10.8
2026-08-10,6,2,1,191,4,9.8
2026-08-10,6,2,2,87,2,9.7
2026-08-10,7,3,1,293,10,8.0
2026-08-10,7,3,2,154,7,7.4
2026-08-10,8,8,1,349,20,6.1
2026-08-10,8,8,2,115,6,5.4
2026-08-10,9,8,1,164,4,8.9
2026-08-10,9,8,2,68,3,7.9
2026-08-10,10,7,1,497,44,5.4
2026-08-10,10,7,2,184,14,5.3
2026-08-10,11,4,1,168,3,11.0
2026-08-10,11,4,2,89,2,10.7
2026-08-10,12,4,1,319,1,13.9
2026-08-10,12,4,2,172,1,13.8
2026-08-10,13,4,1,150,3,10.2
2026-08-10,13,4,2,62,2,9.9
2026-08-10,14,5,1,134,4,8.3
2026-08-10,14,5,2,70,3,9.1
2026-08-10,15,9,1,224,11,6.5
2026-08-10,15,9,2,75,4,7.1
2026-08-10,16,9,1,158,4,7.8
2026-08-10,16,9,2,70,3,6.8
2026-08-10,17,6,1,431,21,7.0
2026-08-10,17,6,2,237,12,6.3
2026-08-10,18,6,1,279,14,6.0
2026-08-10,18,6,2,105,7,5.9
2026-08-10,19,6,1,307,2,13.6
2026-08-10,19,6,2,110,1,13.8
2026-08-10,20,11,1,355,1,16.4
2026-08-10,20,11,2,212,1,16.1
2026-08-10,21,11,1,72,3,7.9
2026-08-10,21,11,2,37,2,7.9
2026-08-10,22,2,1,223,1,14.8
2026-08-10,22,2,2,94,1,14.9
2026-08-11,1,1,1,39,19,1.5
2026-08-11,1,1,2,23,10,1.2
2026-08-11,2,10,1,11,4,1.9
2026-08-11,2,10,2,5,3,1.7
2026-08-11,3,12,1,8,2,2.1
2026-08-11,3,12,2,3,2,1.5
2026-08-11,4,2,1,225,7,9.0
2026-08-11,4,2,2,126,4,8.6
2026-08-11,5,2,1,350,6,11.0
2026-08-11,5,2,2,128,2,10.8
2026-08-11,6,2,1,186,3,10.1
2026-08-11,6,2,2,101,4,9.0
2026-08-11,7,3,1,280,13,8.1
2026-08-11,7,3,2,121,5,7.6
2026-08-11,8,8,1,329,17,6.2
2026-08-11,8,8,2,180,13,6.1
2026-08-11,9,8,1,128,3,8.7
2026-08-11,9,8,2,64,3,7.6
2026-08-11,10,7,1,420,28,5.0
2026-08-11,10,7,2,160,13,4.8
2026-08-11,11,4,1,166,3,11.0
2026-08-11,11,4,2,75,1,10.8
2026-08-11,12,4,1,366,2,14.4
2026-08-11,12,4,2,144,1,13.6
2026-08-11,13,4,1,175,4,10.0
2026-08-11,13,4,2,65,2,10.0
2026-08-11,14,5,1,136,4,8.7
2026-08-11,14,5,2,58,3,8.3
2026-08-11,15,9,1,144,6,6.8
2026-08-11,15,9,2,82,5,6.1
2026-08-11,16,9,1,144,5,7.5
2026-08-11,16,9,2,72,3,7.3
2026-08-11,17,6,1,530,26,6.6
2026-08-11,17,6,2,230,14,6.4
2026-08-11,18,6,1,290,12,5.9
2026-08-11,18,6,2,131,7,6.1
2026-08-11,19,6,1,273,1,14.0
2026-08-11,19,6,2,143,1,13.9
2026-08-11,20,11,1,442,1,15.8
2026-08-11,20,11,2,228,1,15.2
2026-08-11,21,11,1,75,2,7.8
2026-08-11,21,11,2,34,1,7.9
2026-08-11,22,2,1,237,1,14.8
2026-08-11,22,2,2,114,1,13.9
2026-08-12,1,1,1,26,12,1.1
2026-08-12,1,1,2,16,6,1.2
2026-08-12,2,10,1,9,5,1.4
2026-08-12,2,10,2,5,2,1.1
2026-08-12,3,12,1,6,3,1.8
2026-08-12,3,12,2,4,2,2.0
2026-08-12,4,2,1,243,9,8.4
2026-08-12,4,2,2,120,4,8.4
2026-08-12,5,2,1,343,5,10.8
2026-08-12,5,2,2,130,2,11.4
2026-08-12,6,2,1,235,7,9.1
2026-08-12,6,2,2,92,3,9.0
2026-08-12,7,3,1,274,13,7.2
2026-08-12,7,3,2,129,5,7.7
2026-08-12,8,8,1,315,18,5.8
2026-08-12,8,8,2,152,13,5.6
2026-08-12,9,8,1,129,4,9.0
2026-08-12,9,8,2,60,3,7.9
2026-08-12,10,7,1,449,29,5.5
2026-08-12,10,7,2,205,17,4.7
2026-08-12,11,4,1,237,3,11.2
2026-08-12,11,4,2,79,1,10.8
2026-08-12,12,4,1,311,2,13.9
2026-08-12,12,4,2,184,1,13.4
2026-08-12,13,4,1,142,3,10.4
2026-08-12,13,4,2,62,1,10.1
2026-08-12,14,5,1,115,5,8.6
2026-08-12,14,5,2,74,2,9.0
2026-08-12,15,9,1,179,7,7.4
2026-08-12,15,9,2,75,4,6.6
2026-08-12,16,9,1,143,5,7.7
2026-08-12,16,9,2,69,2,7.4
2026-08-12,17,6,1,481,19,7.0
2026-08-12,17,6,2,223,16,6.1
2026-08-12,18,6,1,220,10,6.2
2026-08-12,18,6,2,132,8,6.1
2026-08-12,19,6,1,191,1,13.2
2026-08-12,19,6,2,116,1,13.7
2026-08-12,20,11,1,400,1,16.0
2026-08-12,20,11,2,170,1,16.1
2026-08-12,21,11,1,55,2,8.3
2026-08-12,21,11,2,31,1,8.1
2026-08-12,22,2,1,223,1,14.3
2026-08-12,22,2,2,100,1,14.1
2026-08-13,1,1,1,39,12,1.9
2026-08-13,1,1,2,19,9,1.0
2026-08-13,2,10,1,13,5,1.6
2026-08-13,2,10,2,6,3,1.0
2026-08-13,3,12,1,7,3,1.7
2026-08-13,3,12,2,3,2,1.6
2026-08-13,4,2,1,292,8,8.9
2026-08-13,4,2,2,124,5,8.5
2026-08-13,5,2,1,290,4,11.0
2026-08-13,5,2,2,126,2,11.3
2026-08-13,6,2,1,214,6,9.5
2026-08-13,6,2,2,95,3,9.7
2026-08-13,7,3,1,290,12,7.8
2026-08-13,7,3,2,136,7,7.4
2026-08-13,8,8,1,337,17,5.9
2026-08-13,8,8,2,192,18,5.5
2026-08-13,9,8,1,130,4,8.8
2026-08-13,9,8,2,64,3,8.6
2026-08-13,10,7,1,411,26,5.1
2026-08-13,10,7,2,250,23,5.3
2026-08-13,11,4,1,163,4,10.3
2026-08-13,11,4,2,62,2,10.4
2026-08-13,12,4,1,302,1,13.5
2026-08-13,12,4,2,166,1,13.7
2026-08-13,13,4,1,157,3,9.9
2026-08-13,13,4,2,73,2,10.4
2026-08-13,14,5,1,110,4,8.6
2026-08-13,14,5,2,56,2,8.6
2026-08-13,15,9,1,163,5,6.6
2026-08-13,15,9,2,76,5,6.4
2026-08-13,16,9,1,176,6,7.5
2026-08-13,16,9,2,70,3,7.2
2026-08-13,17,6,1,483,18,6.7
2026-08-13,17,6,2,318,19,6.5
2026-08-13,18,6,1,246,7,6.8
2026-08-13,18,6,2,115,9,5.9
2026-08-13,19,6,1,276,2,13.5
2026-08-13,19,6,2,141,1,13.6
2026-08-13,20,11,1,359,1,16.1
2026-08-13,20,11,2,177,1,15.7
2026-08-13,21,11,1,72,3,7.7
2026-08-13,21,11,2,36,2,7.5
2026-08-13,22,2,1,213,1,14.5
2026-08-13,22,2,2,98,1,14.0
2026-08-14,1,1,1,34,13,1.4
2026-08-14,1,1,2,20,12,1.5
2026-08-14,2,10,1,13,5,1.7
2026-08-14,2,10,2,5,2,1.5
2026-08-14,3,12,1,6,2,1.8
2026-08-14,3,12,2,3,1,1.5
2026-08-14,4,2,1,293,10,8.5
2026-08-14,4,2,2,117,4,8.9
2026-08-14,5,2,1,279,4,11.3
2026-08-14,5,2,2,125,2,10.2
2026-08-14,6,2,1,213,4,10.0
2026-08-14,6,2,2,94,3,9.1
2026-08-14,7,3,1,281,11,7.5
2026-08-14,7,3,2,116,7,7.2
2026-08-14,8,8,1,288,17,6.1
2026-08-14,8,8,2,152,9,5.8
2026-08-14,9,8,1,119,3,8.4
2026-08-14,9,8,2,63,2,8.2
2026-08-14,10,7,1,417,29,5.4
2026-08-14,10,7,2,189,14,4.9
2026-08-14,11,4,1,157,3,11.0
2026-08-14,11,4,2,89,3,10.2
2026-08-14,12,4,1,337,2,14.2
2026-08-14,12,4,2,176,1,13.5
2026-08-14,13,4,1,155,3,10.2
2026-08-14,13,4,2,75,2,10.3
2026-08-14,14,5,1,142,6,8.2
2026-08-14,14,5,2,54,2,8.5
2026-08-14,15,9,1,150,5,6.9
2026-08-14,15,9,2,76,3,6.8
2026-08-14,16,9,1,122,3,7.9
2026-08-14,16,9,2,77,3,7.4
2026-08-14,17,6,1,525,22,6.5
2026-08-14,17,6,2,234,11,6.2
2026-08-14,18,6,1,208,13,6.3
2026-08-14,18,6,2,137,9,5.6
2026-08-14,19,6,1,245,1,13.8
2026-08-14,19,6,2,129,1,13.6
2026-08-14,20,11,1,382,1,15.7
2026-08-14,20,11,2,181,1,15.8
2026-08-14,21,11,1,83,3,7.3
2026-08-14,21,11,2,40,2,7.9
2026-08-14,22,2,1,223,1,14.4
2026-08-14,22,2,2,104,1,14.2
2026-08-15,1,1,1,34,11,1.5
2026-08-15,1,1,2,13,10,1.4
2026-08-15,2,10,1,8,3,1.5
2026-08-15,2,10,2,4,2,1.6
2026-08-15,3,12,1,5,2,2.3
2026-08-15,3,12,2,3,2,1.8
2026-08-15,4,2,1,242,6,9.6
2026-08-15,4,2,2,114,7,7.9
2026-08-15,5,2,1,247,3,11.4
2026-08-15,5,2,2,124,2,11.0
2026-08-15,6,2,1,160,5,8.9
2026-08-15,6,2,2,79,3,9.5
2026-08-15,7,3,1,239,7,7.8
2026-08-15,7,3,2,110,7,7.4
2026-08-15,8,8,1,269,15,5.7
2026-08-15,8,8,2,168,14,5.6
2026-08-15,9,8,1,112,4,8.0
2026-08-15,9,8,2,72,2,8.5
2026-08-15,10,7,1,334,38,4.8
2026-08-15,10,7,2,173,21,4.2
2026-08-15,11,4,1,141,2,10.5
2026-08-15,11,4,2,62,1,11.1
2026-08-15,12,4,1,244,1,14.0
2026-08-15,12,4,2,111,1,13.5
2026-08-15,13,4,1,126,3,10.2
2026-08-15,13,4,2,69,2,9.6
2026-08-15,14,5,1,94,3,8.6
2026-08-15,14,5,2,49,2,8.5
2026-08-15,15,9,1,123,7,5.9
2026-08-15,15,9,2,78,4,6.5
2026-08-15,16,9,1,133,4,7.5
2026-08-15,16,9,2,56,2,7.6
2026-08-15,17,6,1,435,21,6.6
2026-08-15,17,6,2,224,12,6.4
2026-08-15,18,6,1,244,11,6.0
2026-08-15,18,6,2,94,6,6.2
2026-08-15,19,6,1,287,1,14.0
2026-08-15,19,6,2,122,1,13.4
2026-08-15,20,11,1,303,1,15.9
2026-08-15,20,11,2,136,0,15.5
2026-08-15,21,11,1,61,2,8.1
2026-08-15,21,11,2,29,1,7.5
2026-08-15,22,2,1,233,2,14.1
2026-08-15,22,2,2,87,1,14.4
2026-08-16,1,1,1,28,11,1.4
2026-08-16,1,1,2,12,6,1.5
2026-08-16,2,10,1,8,3,1.5
2026-08-16,2,10,2,4,2,1.0
2026-08-16,3,12,1,7,3,1.8
2026-08-16,3,12,2,3,2,1.7
2026-08-16,4,2,1,201,8,8.4
2026-08-16,4,2,2,83,4,8.5
2026-08-16,5,2,1,257,4,11.0
2026-08-16,5,2,2,121,2,10.7
2026-08-16,6,2,1,169,4,9.7
2026-08-16,6,2,2,88,3,9.7
2026-08-16,7,3,1,288,10,8.2
2026-08-16,7,3,2,95,4,7.8
2026-08-16,8,8,1,316,19,6.0
2026-08-16,8,8,2,119,6,6.0
2026-08-16,9,8,1,147,3,8.5
2026-08-16,9,8,2,63,3,8.7
2026-08-16,10,7,1,303,25,5.2
2026-08-16,10,7,2,160,13,5.0
2026-08-16,11,4,1,130,2,11.2
2026-08-16,11,4,2,64,1,10.8
2026-08-16,12,4,1,298,2,13.1
2026-08-16,12,4,2,110,1,13.4
2026-08-16,13,4,1,132,3,10.3
2026-08-16,13,4,2,64,1,10.7
2026-08-16,14,5,1,98,3,8.5
2026-08-16,14,5,2,43,2,8.4
2026-08-16,15,9,1,136,6,6.4
2026-08-16,15,9,2,62,3,7.2
2026-08-16,16,9,1,126,4,7.1
2026-08-16,16,9,2,53,2,7.1
2026-08-16,17,6,1,380,15,6.5
2026-08-16,17,6,2,163,8,6.6
2026-08-16,18,6,1,162,11,5.7
2026-08-16,18,6,2,115,8,5.5
2026-08-16,19,6,1,246,1,14.1
2026-08-16,19,6,2,112,1,13.5
2026-08-16,20,11,1,342,1,16.0
2026-08-16,20,11,2,141,0,15.5
2026-08-16,21,11,1,60,3,7.6
2026-08-16,21,11,2,35,2,7.1
2026-08-16,22,2,1,182,1,14.6
2026-08-16,22,2,2,88,1,14.5
2026-08-17,1,1,1,42,15,1.5
2026-08-17,1,1,2,16,10,1.0
2026-08-17,2,10,1,10,4,1.6
2026-08-17,2,10,2,5,3,1.7
2026-08-17,3,12,1,6,3,2.3
2026-08-17,3,12,2,4,2,1.7
2026-08-17,4,2,1,201,6,9.1
2026-08-17,4,2,2,109,5,8.5
2026-08-17,5,2,1,333,5,11.0
2026-08-17,5,2,2,151,2,10.8
2026-08-17,6,2,1,204,5,9.7
2026-08-17,6,2,2,85,2,9.4
2026-08-17,7,3,1,283,9,8.4
2026-08-17,7,3,2,150,9,7.7
2026-08-17,8,8,1,432,18,6.3
2026-08-17,8,8,2,159,12,6.3
2026-08-17,9,8,1,164,4,9.3
2026-08-17,9,8,2,60,2,8.4
2026-08-17,10,7,1,472,27,5.3
2026-08-17,10,7,2,229,22,4.7
2026-08-17,11,4,1,178,3,11.0
2026-08-17,11,4,2,73,2,10.6
2026-08-17,12,4,1,312,1,13.4
2026-08-17,12,4,2,155,1,13.2
2026-08-17,13,4,1,135,3,10.2
2026-08-17,13,4,2,80,2,9.8
2026-08-17,14,5,1,131,3,8.9
2026-08-17,14,5,2,65,3,8.5
2026-08-17,15,9,1,142,6,6.6
2026-08-17,15,9,2,85,5,6.2
2026-08-17,16,9,1,118,5,7.6
2026-08-17,16,9,2,73,3,7.4
2026-08-17,17,6,1,582,21,6.5
2026-08-17,17,6,2,203,12,6.3
2026-08-17,18,6,1,284,14,5.8
2026-08-17,18,6,2,135,7,6.1
2026-08-17,19,6,1,308,1,13.7
2026-08-17,19,6,2,130,1,13.3
2026-08-17,20,11,1,317,1,15.8
2026-08-17,20,11,2,185,1,16.0
2026-08-17,21,11,1,70,2,7.6
2026-08-17,21,11,2,37,2,7.8
2026-08-17,22,2,1,254,1,14.2
2026-08-17,22,2,2,86,1,14.6
2026-08-18,1,1,1,53,19,2.0
2026-08-18,1,1,2,13,5,1.1
2026-08-18,2,10,1,11,4,1.9
2026-08-18,2,10,2,4,2,1.7
2026-08-18,3,12,1,6,2,1.7
2026-08-18,3,12,2,4,2,1.4
2026-08-18,4,2,1,262,11,8.5
2026-08-18,4,2,2,131,3,9.3
2026-08-18,5,2,1,252,4,11.2
2026-08-18,5,2,2,139,3,10.4
2026-08-18,6,2,1,199,4,10.2
2026-08-18,6,2,2,111,4,9.0
2026-08-18,7,3,1,348,14,8.2
2026-08-18,7,3,2,152,10,7.2
2026-08-18,8,8,1,442,24,6.2
2026-08-18,8,8,2,163,10,5.9
2026-08-18,9,8,1,149,4,8.5
2026-08-18,9,8,2,62,2,8.5
2026-08-18,10,7,1,504,39,5.4
2026-08-18,10,7,2,198,14,5.2
2026-08-18,11,4,1,152,3,11.0
2026-08-18,11,4,2,70,2,10.9
2026-08-18,12,4,1,361,2,14.1
2026-08-18,12,4,2,173,1,13.2
2026-08-18,13,4,1,147,4,9.3
2026-08-18,13,4,2,63,1,10.1
2026-08-18,14,5,1,129,4,8.4
2026-08-18,14,5,2,73,3,8.2
2026-08-18,15,9,1,209,9,6.8
2026-08-18,15,9,2,79,4,6.5
2026-08-18,16,9,1,171,5,7.5
2026-08-18,16,9,2,77,4,7.1
2026-08-18,17,6,1,427,20,6.5
2026-08-18,17,6,2,213,10,6.8
2026-08-18,18,6,1,265,18,5.4
2026-08-18,18,6,2,123,10,5.2
2026-08-18,19,6,1,293,1,13.6
2026-08-18,19,6,2,112,1,13.6
2026-08-18,20,11,1,366,1,16.6
2026-08-18,20,11,2,180,1,15.3
2026-08-18,21,11,1,79,4,7.7
2026-08-18,21,11,2,31,1,7.8
2026-08-18,22,2,1,224,2,13.5
2026-08-18,22,2,2,85,0,14.5
2026-08-19,1,1,1,33,12,2.1
2026-08-19,1,1,2,14,9,1.1
2026-08-19,2,10,1,8,4,1.6
2026-08-19,2,10,2,4,3,1.4
2026-08-19,3,12,1,9,4,1.6
2026-08-19,3,12,2,3,1,2.0
2026-08-19,4,2,1,216,7,8.6
2026-08-19,4,2,2,131,4,8.4
2026-08-19,5,2,1,327,6,10.6
2026-08-19,5,2,2,168,2,10.9
2026-08-19,6,2,1,246,4,10.1
2026-08-19,6,2,2,95,2,10.0
2026-08-19,7,3,1,297,12,8.0
2026-08-19,7,3,2,187,9,7.9
2026-08-19,8,8,1,359,23,6.0
2026-08-19,8,8,2,144,8,6.1
2026-08-19,9,8,1,113,3,8.9
2026-08-19,9,8,2,69,3,8.3
2026-08-19,10,7,1,393,30,5.5
2026-08-19,10,7,2,199,18,4.9
2026-08-19,11,4,1,184,3,10.8
2026-08-19,11,4,2,76,2,10.6
2026-08-19,12,4,1,316,2,14.0
2026-08-19,12,4,2,174,1,13.2
2026-08-19,13,4,1,154,3,10.2
2026-08-19,13,4,2,67,2,9.9
2026-08-19,14,5,1,129,4,9.3
2026-08-19,14,5,2,63,2,8.4
2026-08-19,15,9,1,161,5,6.7
2026-08-19,15,9,2,102,4,6.9
2026-08-19,16,9,1,178,6,7.9
2026-08-19,16,9,2,79,3,7.9
2026-08-19,17,6,1,470,19,6.9
2026-08-19,17,6,2,197,12,6.7
2026-08-19,18,6,1,254,15,6.1
2026-08-19,18,6,2,95,6,5.6
2026-08-19,19,6,1,279,1,13.4
2026-08-19,19,6,2,137,1,14.1
2026-08-19,20,11,1,460,1,16.2
2026-08-19,20,11,2,209,1,15.6
2026-08-19,21,11,1,59,2,7.8
2026-08-19,21,11,2,37,1,7.4
2026-08-19,22,2,1,249,1,14.5
2026-08-19,22,2,2,110,1,13.8
2026-08-20,1,1,1,39,20,1.5
2026-08-20,1,1,2,20,7,1.2
2026-08-20,2,10,1,8,3,1.5
2026-08-20,2,10,2,5,3,1.3
2026-08-20,3,12,1,6,3,2.2
2026-08-20,3,12,2,4,2,1.8
2026-08-20,4,2,1,281,8,8.9
2026-08-20,4,2,2,125,6,8.5
2026-08-20,5,2,1,272,5,10.6
2026-08-20,5,2,2,155,3,10.9
2026-08-20,6,2,1,243,6,9.9
2026-08-20,6,2,2,92,2,9.7
2026-08-20,7,3,1,246,11,7.6
2026-08-20,7,3,2,135,6,8.0
2026-08-20,8,8,1,376,16,6.1
2026-08-20,8,8,2,169,14,5.9
2026-08-20,9,8,1,130,4,8.5
2026-08-20,9,8,2,68,3,7.9
2026-08-20,10,7,1,429,44,5.1
2026-08-20,10,7,2,200,17,5.0
2026-08-20,11,4,1,190,4,11.4
2026-08-20,11,4,2,82,2,10.2
2026-08-20,12,4,1,273,1,13.4
2026-08-20,12,4,2,137,1,13.5
2026-08-20,13,4,1,141,2,10.4
2026-08-20,13,4,2,85,2,10.3
2026-08-20,14,5,1,138,4,8.5
2026-08-20,14,5,2,70,4,8.0
2026-08-20,15,9,1,225,18,5.9
2026-08-20,15,9,2,66,3,5.7
2026-08-20,16,9,1,134,3,7.4
2026-08-20,16,9,2,71,2,7.6
2026-08-20,17,6,1,506,27,6.9
2026-08-20,17,6,2,232,13,6.7
2026-08-20,18,6,1,263,15,5.9
2026-08-20,18,6,2,134,10,5.4
2026-08-20,19,6,1,297,2,13.8
2026-08-20,19,6,2,164,1,13.9
2026-08-20,20,11,1,461,1,15.7
2026-08-20,20,11,2,204,1,15.6
2026-08-20,21,11,1,77,3,8.1
2026-08-20,21,11,2,28,1,8.0
2026-08-20,22,2,1,265,1,14.0
2026-08-20,22,2,2,88,1,13.9
2026-08-21,1,1,1,36,17,1.2
2026-08-21,1,1,2,18,9,1.3
2026-08-21,2,10,1,11,6,2.0
2026-08-21,2,10,2,4,2,1.0
2026-08-21,3,12,1,7,3,1.7
2026-08-21,3,12,2,3,2,1.8
2026-08-21,4,2,1,246,9,8.8
2026-08-21,4,2,2,148,6,8.7
2026-08-21,5,2,1,331,6,11.4
2026-08-21,5,2,2,134,3,10.9
2026-08-21,6,2,1,259,6,9.0
2026-08-21,6,2,2,81,2,10.0
2026-08-21,7,3,1,309,12,7.8
2026-08-21,7,3,2,141,5,7.3
2026-08-21,8,8,1,371,18,6.0
2026-08-21,8,8,2,156,8,6.3
2026-08-21,9,8,1,125,5,8.8
2026-08-21,9,8,2,57,2,8.1
2026-08-21,10,7,1,448,37,5.2
2026-08-21,10,7,2,200,17,4.8
2026-08-21,11,4,1,191,3,10.6
2026-08-21,11,4,2,76,2,10.5
2026-08-21,12,4,1,307,2,14.2
2026-08-21,12,4,2,136,1,13.5
2026-08-21,13,4,1,149,3,9.9
2026-08-21,13,4,2,75,2,10.1
2026-08-21,14,5,1,102,5,8.1
2026-08-21,14,5,2,60,3,8.5
2026-08-21,15,9,1,157,6,6.7
2026-08-21,15,9,2,86,5,5.8
2026-08-21,16,9,1,153,4,7.6
2026-08-21,16,9,2,70,3,7.6
2026-08-21,17,6,1,553,23,6.8
2026-08-21,17,6,2,224,11,6.5
2026-08-21,18,6,1,283,18,6.1
2026-08-21,18,6,2,162,11,6.0
2026-08-21,19,6,1,291,2,14.0
2026-08-21,19,6,2,129,1,13.1
2026-08-21,20,11,1,429,1,16.1
2026-08-21,20,11,2,145,0,15.5
2026-08-21,21,11,1,62,2,7.8
2026-08-21,21,11,2,41,2,7.4
2026-08-21,22,2,1,216,1,14.3
2026-08-21,22,2,2,101,1,13.6
2026-08-22,1,1,1,30,12,1.1
2026-08-22,1,1,2,13,8,1.1
2026-08-22,2,10,1,9,3,1.3
2026-08-22,2,10,2,5,2,1.8
2026-08-22,3,12,1,5,2,1.9
2026-08-22,3,12,2,3,1,1.6
2026-08-22,4,2,1,239,8,8.9
2026-08-22,4,2,2,105,5,8.5
2026-08-22,5,2,1,223,3,11.1
2026-08-22,5,2,2,114,2,10.8
2026-08-22,6,2,1,155,3,9.4
2026-08-22,6,2,2,83,2,9.6
2026-08-22,7,3,1,193,9,7.7
2026-08-22,7,3,2,96,6,7.2
2026-08-22,8,8,1,286,13,6.4
2026-08-22,8,8,2,115,8,5.8
2026-08-22,9,8,1,121,4,8.3
2026-08-22,9,8,2,71,4,8.2
2026-08-22,10,7,1,306,22,5.1
2026-08-22,10,7,2,184,15,4.8
2026-08-22,11,4,1,138,2,10.3
2026-08-22,11,4,2,53,1,11.0
2026-08-22,12,4,1,342,1,13.8
2026-08-22,12,4,2,114,1,13.5
2026-08-22,13,4,1,113,2,9.9
2026-08-22,13,4,2,47,1,10.1
2026-08-22,14,5,1,125,3,9.1
2026-08-22,14,5,2,57,2,8.8
2026-08-22,15,9,1,143,6,6.9
2026-08-22,15,9,2,67,4,6.2
2026-08-22,16,9,1,142,4,7.8
2026-08-22,16,9,2,59,2,7.4
2026-08-22,17,6,1,405,17,6.3
2026-08-22,17,6,2,199,10,6.5
2026-08-22,18,6,1,279,17,5.9
2026-08-22,18,6,2,104,8,5.6
2026-08-22,19,6,1,267,1,13.7
2026-08-22,19,6,2,155,1,13.3
2026-08-22,20,11,1,334,1,15.9
2026-08-22,20,11,2,138,0,15.6
2026-08-22,21,11,1,59,2,8.4
2026-08-22,21,11,2,26,1,8.0
2026-08-22,22,2,1,171,1,14.1
2026-08-22,22,2,2,96,1,14.4
2026-08-23,1,1,1,34,13,1.2
2026-08-23,1,1,2,14,7,1.7
2026-08-23,2,10,1,9,3,2.0
2026-08-23,2,10,2,5,3,1.8
2026-08-23,3,12,1,7,2,2.0
2026-08-23,3,12,2,3,1,1.5
2026-08-23,4,2,1,229,8,9.1
2026-08-23,4,2,2,116,6,8.3
2026-08-23,5,2,1,280,4,11.0
2026-08-23,5,2,2,84,1,10.7
2026-08-23,6,2,1,196,5,9.3
2026-08-23,6,2,2,79,2,9.1
2026-08-23,7,3,1,230,10,7.9
2026-08-23,7,3,2,128,6,7.6
2026-08-23,8,8,1,278,14,6.1
2026-08-23,8,8,2,113,10,5.2
2026-08-23,9,8,1,119,3,9.1
2026-08-23,9,8,2,63,3,8.4
2026-08-23,10,7,1,355,24,5.4
2026-08-23,10,7,2,156,14,4.8
2026-08-23,11,4,1,138,2,10.8
2026-08-23,11,4,2,60,1,10.5
2026-08-23,12,4,1,287,1,13.7
2026-08-23,12,4,2,113,1,13.4
2026-08-23,13,4,1,134,3,10.5
2026-08-23,13,4,2,67,2,10.0
2026-08-23,14,5,1,117,4,8.6
2026-08-23,14,5,2,41,2,8.0
2026-08-23,15,9,1,166,6,6.3
2026-08-23,15,9,2,54,3,6.7
2026-08-23,16,9,1,160,6,7.9
2026-08-23,16,9,2,66,3,7.2
2026-08-23,17,6,1,469,25,6.2
2026-08-23,17,6,2,184,8,6.8
2026-08-23,18,6,1,197,6,6.2
2026-08-23,18,6,2,115,7,5.8
2026-08-23,19,6,1,254,2,13.6
2026-08-23,19,6,2,111,1,13.7
2026-08-23,20,11,1,288,1,16.4
2026-08-23,20,11,2,144,0,15.4
2026-08-23,21,11,1,60,2,7.6
2026-08-23,21,11,2,27,1,7.2
2026-08-23,22,2,1,226,1,14.2
2026-08-23,22,2,2,95,1,13.9
2026-08-24,1,1,1,35,17,1.3
2026-08-24,1,1,2,17,10,1.0
2026-08-24,2,10,1,12,5,1.1
2026-08-24,2,10,2,5,2,1.7
2026-08-24,3,12,1,7,3,2.2
2026-08-24,3,12,2,3,2,2.2
2026-08-24,4,2,1,221,8,8.6
2026-08-24,4,2,2,127,5,8.5
2026-08-24,5,2,1,259,4,10.8
2026-08-24,5,2,2,135,2,10.9
2026-08-24,6,2,1,199,4,9.9
2026-08-24,6,2,2,102,3,9.6
2026-08-24,7,3,1,298,15,7.3
2026-08-24,7,3,2,172,8,7.5
2026-08-24,8,8,1,412,18,6.2
2026-08-24,8,8,2,166,14,5.7
2026-08-24,9,8,1,122,3,8.9
2026-08-24,9,8,2,70,3,8.2
2026-08-24,10,7,1,494,27,5.2
2026-08-24,10,7,2,196,23,4.9
2026-08-24,11,4,1,157,3,10.6
2026-08-24,11,4,2,78,1,10.7
2026-08-24,12,4,1,396,2,14.0
2026-08-24,12,4,2,169,1,14.1
2026-08-24,13,4,1,145,2,10.8
2026-08-24,13,4,2,76,2,9.9
2026-08-24,14,5,1,117,4,8.5
2026-08-24,14,5,2,66,3,8.6
2026-08-24,15,9,1,180,7,6.7
2026-08-24,15,9,2,72,3,6.6
2026-08-24,16,9,1,166,4,7.9
2026-08-24,16,9,2,56,3,7.1
2026-08-24,17,6,1,446,20,6.9
2026-08-24,17,6,2,209,9,6.6
2026-08-24,18,6,1,248,16,6.0
2026-08-24,18,6,2,136,6,6.2
2026-08-24,19,6,1,422,2,13.4
2026-08-24,19,6,2,163,1,13.6
2026-08-24,20,11,1,329,1,15.5
2026-08-24,20,11,2,168,1,15.7
2026-08-24,21,11,1,62,2,8.0
2026-08-24,21,11,2,31,1,7.8
2026-08-24,22,2,1,238,2,14.5
2026-08-24,22,2,2,130,1,14.3
2026-08-25,1,1,1,30,11,1.1
2026-08-25,1,1,2,16,9,1.0
2026-08-25,2,10,1,10,4,1.0
2026-08-25,2,10,2,5,3,2.0
2026-08-25,3,12,1,7,3,2.2
2026-08-25,3,12,2,3,1,1.9
2026-08-25,4,2,1,368,7,9.2
2026-08-25,4,2,2,126,5,8.3
2026-08-25,5,2,1,300,5,11.2
2026-08-25,5,2,2,132,3,10.8
2026-08-25,6,2,1,275,7,9.2
2026-08-25,6,2,2,90,2,9.5
2026-08-25,7,3,1,256,10,7.6
2026-08-25,7,3,2,121,6,7.3
2026-08-25,8,8,1,320,17,5.9
2026-08-25,8,8,2,175,13,5.3
2026-08-25,9,8,1,165,6,8.1
2026-08-25,9,8,2,63,3,8.6
2026-08-25,10,7,1,443,26,4.9
2026-08-25,10,7,2,189,18,4.6
2026-08-25,11,4,1,201,3,11.2
2026-08-25,11,4,2,80,2,10.4
2026-08-25,12,4,1,326,1,14.1
2026-08-25,12,4,2,159,1,13.2
2026-08-25,13,4,1,192,4,10.4
2026-08-25,13,4,2,73,2,10.1
2026-08-25,14,5,1,160,5,9.1
2026-08-25,14,5,2,68,4,8.3
2026-08-25,15,9,1,152,10,6.3
2026-08-25,15,9,2,80,4,6.1
2026-08-25,16,9,1,176,5,7.9
2026-08-25,16,9,2,60,2,7.3
2026-08-25,17,6,1,560,23,7.0
2026-08-25,17,6,2,249,16,6.9
2026-08-25,18,6,1,229,10,6.1
2026-08-25,18,6,2,113,6,6.1
2026-08-25,19,6,1,282,1,14.0
2026-08-25,19,6,2,111,1,13.5
2026-08-25,20,11,1,345,1,16.4
2026-08-25,20,11,2,182,1,15.9
2026-08-25,21,11,1,62,2,8.0
2026-08-25,21,11,2,35,2,8.1
2026-08-25,22,2,1,256,1,14.2
2026-08-25,22,2,2,143,1,13.6
2026-08-26,1,1,1,37,17,1.2
2026-08-26,1,1,2,14,7,1.3
2026-08-26,2,10,1,11,4,2.0
2026-08-26,2,10,2,4,2,1.0
2026-08-26,3,12,1,7,4,2.0
2026-08-26,3,12,2,4,2,2.3
2026-08-26,4,2,1,288,9,8.4
2026-08-26,4,2,2,114,4,8.9
2026-08-26,5,2,1,289,4,11.0
2026-08-26,5,2,2,150,3,10.6
2026-08-26,6,2,1,244,4,9.7
2026-08-26,6,2,2,100,2,9.9
2026-08-26,7,3,1,323,11,7.7
2026-08-26,7,3,2,136,6,7.1
2026-08-26,8,8,1,380,15,6.1
2026-08-26,8,8,2,160,8,5.8
2026-08-26,9,8,1,165,6,8.3
2026-08-26,9,8,2,74,3,8.0
2026-08-26,10,7,1,441,28,5.1
2026-08-26,10,7,2,230,24,5.0
2026-08-26,11,4,1,192,4,10.3
2026-08-26,11,4,2,84,2,10.8
2026-08-26,12,4,1,339,2,13.7
2026-08-26,12,4,2,179,1,13.1
2026-08-26,13,4,1,143,3,10.3
2026-08-26,13,4,2,72,2,10.3
2026-08-26,14,5,1,134,4,8.8
2026-08-26,14,5,2,61,2,8.4
2026-08-26,15,9,1,198,11,6.7
2026-08-26,15,9,2,88,4,6.6
2026-08-26,16,9,1,166,6,7.3
2026-08-26,16,9,2,71,2,7.6
2026-08-26,17,6,1,498,25,6.5
2026-08-26,17,6,2,220,15,6.3
2026-08-26,18,6,1,247,16,5.8
2026-08-26,18,6,2,98,7,5.9
2026-08-26,19,6,1,299,2,13.2
2026-08-26,19,6,2,124,1,13.2
2026-08-26,20,11,1,367,1,16.2
2026-08-26,20,11,2,196,1,15.4
2026-08-26,21,11,1,76,2,8.2
2026-08-26,21,11,2,40,2,7.7
2026-08-26,22,2,1,209,1,14.2
2026-08-26,22,2,2,113,1,13.9
2026-08-27,1,1,1,40,17,1.3
2026-08-27,1,1,2,15,7,1.6
2026-08-27,2,10,1,12,4,1.3
2026-08-27,2,10,2,5,2,1.7
2026-08-27,3,12,1,6,3,1.9
2026-08-27,3,12,2,3,1,1.3
2026-08-27,4,2,1,280,6,9.2
2026-08-27,4,2,2,128,7,8.4
2026-08-27,5,2,1,328,4,11.3
2026-08-27,5,2,2,168,3,10.7
2026-08-27,6,2,1,243,4,9.6
2026-08-27,6,2,2,101,3,9.1
2026-08-27,7,3,1,348,15,7.7
2026-08-27,7,3,2,118,6,7.2
2026-08-27,8,8,1,457,26,5.9
2026-08-27,8,8,2,138,10,5.7
2026-08-27,9,8,1,143,5,8.4
2026-08-27,9,8,2,72,3,8.0
2026-08-27,10,7,1,465,25,5.2
2026-08-27,10,7,2,222,22,4.4
2026-08-27,11,4,1,197,4,10.2
2026-08-27,11,4,2,78,2,10.1
2026-08-27,12,4,1,303,1,13.4
2026-08-27,12,4,2,168,1,13.5
2026-08-27,13,4,1,153,4,9.9
2026-08-27,13,4,2,69,2,10.2
2026-08-27,14,5,1,146,5,8.0
2026-08-27,14,5,2,57,2,8.6
2026-08-27,15,9,1,198,9,6.6
2026-08-27,15,9,2,85,6,6.1
2026-08-27,16,9,1,159,4,7.9
2026-08-27,16,9,2,60,2,7.7
2026-08-27,17,6,1,513,23,6.5
2026-08-27,17,6,2,229,12,6.0
2026-08-27,18,6,1,271,20,5.7
2026-08-27,18,6,2,126,7,6.1
2026-08-27,19,6,1,317,2,13.5
2026-08-27,19,6,2,132,1,13.4
2026-08-27,20,11,1,328,1,15.6
2026-08-27,20,11,2,177,1,15.6
2026-08-27,21,11,1,71,2,7.7
2026-08-27,21,11,2,34,2,7.9
2026-08-27,22,2,1,276,2,14.1
2026-08-27,22,2,2,102,1,13.4
2026-08-28,1,1,1,33,10,1.6
2026-08-28,1,1,2,15,7,1.1
2026-08-28,2,10,1,11,5,1.6
2026-08-28,2,10,2,5,2,1.1
2026-08-28,3,12,1,8,3,1.7
2026-08-28,3,12,2,3,2,1.8
2026-08-28,4,2,1,217,7,8.7
2026-08-28,4,2,2,132,5,8.3
2026-08-28,5,2,1,320,4,11.6
2026-08-28,5,2,2,187,4,10.3
2026-08-28,6,2,1,193,4,10.0
2026-08-28,6,2,2,104,3,9.7
2026-08-28,7,3,1,267,10,7.6
2026-08-28,7,3,2,156,14,6.7
2026-08-28,8,8,1,351,23,5.4
2026-08-28,8,8,2,154,10,5.8
2026-08-28,9,8,1,164,6,7.9
2026-08-28,9,8,2,78,4,7.9
2026-08-28,10,7,1,477,27,4.8
2026-08-28,10,7,2,207,25,4.6
2026-08-28,11,4,1,164,3,10.8
2026-08-28,11,4,2,81,2,10.1
2026-08-28,12,4,1,341,2,13.5
2026-08-28,12,4,2,174,1,13.4
2026-08-28,13,4,1,158,3,10.2
2026-08-28,13,4,2,62,2,10.2
2026-08-28,14,5,1,143,6,8.3
2026-08-28,14,5,2,63,2,8.4
2026-08-28,15,9,1,170,9,6.3
2026-08-28,15,9,2,78,4,6.3
2026-08-28,16,9,1,134,5,7.5
2026-08-28,16,9,2,74,5,6.4
2026-08-28,17,6,1,505,32,6.3
2026-08-28,17,6,2,238,13,6.6
2026-08-28,18,6,1,201,8,6.3
2026-08-28,18,6,2,142,9,5.7
2026-08-28,19,6,1,216,1,13.5
2026-08-28,19,6,2,136,1,13.1
2026-08-28,20,11,1,361,1,15.6
2026-08-28,20,11,2,199,1,15.4
2026-08-28,21,11,1,60,2,7.7
2026-08-28,21,11,2,31,2,7.4
2026-08-28,22,2,1,224,1,14.0
2026-08-28,22,2,2,105,1,14.2
2026-08-29,1,1,1,24,10,1.8
2026-08-29,1,1,2,12,6,1.2
2026-08-29,2,10,1,9,3,2.0
2026-08-29,2,10,2,4,2,1.2
2026-08-29,3,12,1,7,3,1.9
2026-08-29,3,12,2,3,2,1.8
2026-08-29,4,2,1,277,10,9.1
2026-08-29,4,2,2,100,5,8.3
2026-08-29,5,2,1,236,3,10.9
2026-08-29,5,2,2,107,2,10.6
2026-08-29,6,2,1,171,3,9.9
2026-08-29,6,2,2,94,3,9.3
2026-08-29,7,3,1,210,6,7.9
2026-08-29,7,3,2,115,4,7.5
2026-08-29,8,8,1,244,15,5.5
2026-08-29,8,8,2,135,10,5.7
2026-08-29,9,8,1,155,6,8.2
2026-08-29,9,8,2,56,1,8.6
2026-08-29,10,7,1,294,20,4.7
2026-08-29,10,7,2,172,12,4.6
2026-08-29,11,4,1,127,2,10.1
2026-08-29,11,4,2,64,2,10.2
2026-08-29,12,4,1,360,1,13.7
2026-08-29,12,4,2,154,1,13.9
2026-08-29,13,4,1,134,3,10.4
2026-08-29,13,4,2,70,2,10.1
2026-08-29,14,5,1,102,3,8.5
2026-08-29,14,5,2,60,2,8.4
2026-08-29,15,9,1,163,9,6.5
2026-08-29,15,9,2,84,4,6.3
2026-08-29,16,9,1,112,3,8.0
2026-08-29,16,9,2,56,2,7.2
2026-08-29,17,6,1,485,20,6.6
2026-08-29,17,6,2,164,8,7.0
2026-08-29,18,6,1,167,9,5.7
2026-08-29,18,6,2,104,9,5.4
2026-08-29,19,6,1,253,1,13.6
2026-08-29,19,6,2,90,1,13.3
2026-08-29,20,11,1,274,1,15.8
2026-08-29,20,11,2,140,1,15.4
2026-08-29,21,11,1,72,2,8.3
2026-08-29,21,11,2,26,1,8.4
2026-08-29,22,2,1,242,2,14.3
2026-08-29,22,2,2,89,1,14.0
2026-08-30,1,1,1,29,13,1.4
2026-08-30,1,1,2,16,8,1.0
2026-08-30,2,10,1,9,4,1.9
2026-08-30,2,10,2,4,2,1.0
2026-08-30,3,12,1,6,2,2.1
2026-08-30,3,12,2,3,1,1.6
2026-08-30,4,2,1,209,7,8.5
2026-08-30,4,2,2,96,3,9.0
2026-08-30,5,2,1,253,4,10.3
2026-08-30,5,2,2,111,3,10.2
2026-08-30,6,2,1,166,4,9.5
2026-08-30,6,2,2,75,2,9.0
2026-08-30,7,3,1,243,9,7.5
2026-08-30,7,3,2,134,8,7.4
2026-08-30,8,8,1,355,23,5.7
2026-08-30,8,8,2,144,8,5.8
2026-08-30,9,8,1,108,3,8.5
2026-08-30,9,8,2,67,3,8.1
2026-08-30,10,7,1,344,26,4.6
2026-08-30,10,7,2,170,16,5.3
2026-08-30,11,4,1,130,3,10.3
2026-08-30,11,4,2,61,1,11.1
2026-08-30,12,4,1,276,1,13.4
2026-08-30,12,4,2,129,1,12.6
2026-08-30,13,4,1,122,2,10.5
2026-08-30,13,4,2,67,2,9.8
2026-08-30,14,5,1,100,4,8.6
2026-08-30,14,5,2,69,3,8.1
2026-08-30,15,9,1,147,7,6.3
2026-08-30,15,9,2,70,3,6.2
2026-08-30,16,9,1,133,5,7.0
2026-08-30,16,9,2,68,3,6.9
2026-08-30,17,6,1,426,18,6.5
2026-08-30,17,6,2,196,9,6.5
2026-08-30,18,6,1,214,10,6.1
2026-08-30,18,6,2,89,6,5.9
2026-08-30,19,6,1,266,1,13.6
2026-08-30,19,6,2,134,1,13.8
2026-08-30,20,11,1,300,1,15.8
2026-08-30,20,11,2,132,0,15.6
2026-08-30,21,11,1,64,3,7.9
2026-08-30,21,11,2,25,1,8.1
2026-08-30,22,2,1,221,2,13.9
2026-08-30,22,2,2,110,1,13.5
2026-08-31,1,1,1,36,15,1.7
2026-08-31,1,1,2,14,6,1.1
2026-08-31,2,10,1,10,4,1.6
2026-08-31,2,10,2,6,4,1.3
2026-08-31,3,12,1,7,2,2.3
2026-08-31,3,12,2,4,2,2.3
2026-08-31,4,2,1,301,14,8.7
2026-08-31,4,2,2,125,5,8.3
2026-08-31,5,2,1,313,5,10.6
2026-08-31,5,2,2,128,2,10.7
2026-08-31,6,2,1,250,5,9.8
2026-08-31,6,2,2,99,3,9.2
2026-08-31,7,3,1,359,14,7.6
2026-08-31,7,3,2,169,9,7.2
2026-08-31,8,8,1,470,28,6.2
2026-08-31,8,8,2,185,13,5.9
2026-08-31,9,8,1,160,4,9.1
2026-08-31,9,8,2,52,2,8.2
2026-08-31,10,7,1,448,36,4.6
2026-08-31,10,7,2,235,20,4.6
2026-08-31,11,4,1,187,4,10.4
2026-08-31,11,4,2,79,2,10.0
2026-08-31,12,4,1,301,2,13.8
2026-08-31,12,4,2,142,1,13.2
2026-08-31,13,4,1,154,2,10.7
2026-08-31,13,4,2,86,3,9.4
2026-08-31,14,5,1,151,6,8.0
2026-08-31,14,5,2,56,2,7.9
2026-08-31,15,9,1,172,8,6.3
2026-08-31,15,9,2,78,7,5.5
2026-08-31,16,9,1,203,6,7.6
2026-08-31,16,9,2,66,3,7.3
2026-08-31,17,6,1,461,24,6.5
2026-08-31,17,6,2,249,15,6.3
2026-08-31,18,6,1,246,14,5.9
2026-08-31,18,6,2,116,9,5.7
2026-08-31,19,6,1,330,2,13.0
2026-08-31,19,6,2,155,1,13.5
2026-08-31,20,11,1,331,1,15.7
2026-08-31,20,11,2,193,1,15.3
2026-08-31,21,11,1,76,3,8.0
2026-08-31,21,11,2,26,2,7.5
2026-08-31,22,2,1,213,1,14.2
2026-08-31,22,2,2,102,1,14.1
2026-09-01,1,1,1,31,13,1.0
2026-09-01,1,1,2,17,9,1.2
2026-09-01,2,10,1,12,6,1.8
2026-09-01,2,10,2,5,2,1.4
2026-09-01,3,12,1,6,3,1.7
2026-09-01,3,12,2,3,1,2.5
2026-09-01,4,2,1,269,9,8.5
2026-09-01,4,2,2,141,7,8.5
2026-09-01,5,2,1,280,4,10.9
2026-09-01,5,2,2,139,3,10.0
2026-09-01,6,2,1,191,4,9.8
2026-09-01,6,2,2,109,3,10.2
2026-09-01,7,3,1,231,9,7.7
2026-09-01,7,3,2,141,9,7.2
2026-09-01,8,8,1,262,17,5.6
2026-09-01,8,8,2,176,10,6.0
2026-09-01,9,8,1,137,4,8.7
2026-09-01,9,8,2,56,2,8.5
2026-09-01,10,7,1,487,38,5.0
2026-09-01,10,7,2,233,26,4.5
2026-09-01,11,4,1,169,3,10.5
2026-09-01,11,4,2,76,2,10.4
2026-09-01,12,4,1,316,2,13.8
2026-09-01,12,4,2,141,1,13.4
2026-09-01,13,4,1,134,3,10.2
2026-09-01,13,4,2,77,2,9.8
2026-09-01,14,5,1,137,6,7.8
2026-09-01,14,5,2,67,3,8.5
2026-09-01,15,9,1,190,9,6.8
2026-09-01,15,9,2,81,6,6.0
2026-09-01,16,9,1,172,6,6.9
2026-09-01,16,9,2,85,3,7.3
2026-09-01,17,6,1,539,25,6.8
2026-09-01,17,6,2,239,13,6.3
2026-09-01,18,6,1,252,19,6.0
2026-09-01,18,6,2,171,10,5.6
2026-09-01,19,6,1,289,2,13.5
2026-09-01,19,6,2,113,1,13.4
2026-09-01,20,11,1,392,1,15.2
2026-09-01,20,11,2,159,1,15.3
2026-09-01,21,11,1,68,2,7.7
2026-09-01,21,11,2,32,1,7.5
2026-09-01,22,2,1,234,1,14.7
2026-09-01,22,2,2,107,1,13.5
2026-09-02,1,1,1,36,12,1.5
2026-09-02,1,1,2,16,9,1.3
2026-09-02,2,10,1,11,5,1.6
2026-09-02,2,10,2,5,2,1.2
2026-09-02,3,12,1,8,4,2.0
2026-09-02,3,12,2,4,2,2.0
2026-09-02,4,2,1,285,11,8.6
2026-09-02,4,2,2,114,5,8.5
2026-09-02,5,2,1,281,4,10.6
2026-09-02,5,2,2,143,4,10.4
2026-09-02,6,2,1,194,4,9.8
2026-09-02,6,2,2,108,3,9.3
2026-09-02,7,3,1,347,10,7.8
2026-09-02,7,3,2,136,6,7.2
2026-09-02,8,8,1,374,19,6.1
2026-09-02,8,8,2,182,10,6.3
2026-09-02,9,8,1,170,3,9.1
2026-09-02,9,8,2,67,3,8.6
2026-09-02,10,7,1,409,30,5.4
2026-09-02,10,7,2,171,14,5.0
2026-09-02,11,4,1,175,4,10.2
2026-09-02,11,4,2,82,2,10.1
2026-09-02,12,4,1,405,2,14.0
2026-09-02,12,4,2,171,1,13.2
2026-09-02,13,4,1,164,3,10.5
2026-09-02,13,4,2,67,2,9.9
2026-09-02,14,5,1,153,5,8.5
2026-09-02,14,5,2,65,2,8.5
2026-09-02,15,9,1,216,10,6.5
2026-09-02,15,9,2,76,6,6.3
2026-09-02,16,9,1,148,6,7.0
2026-09-02,16,9,2,75,3,7.2
2026-09-02,17,6,1,540,12,6.7
2026-09-02,17,6,2,246,12,6.5
2026-09-02,18,6,1,209,16,5.9
2026-09-02,18,6,2,132,8,6.4
2026-09-02,19,6,1,286,2,13.3
2026-09-02,19,6,2,118,1,13.2
2026-09-02,20,11,1,406,1,15.7
2026-09-02,20,11,2,160,1,16.0
2026-09-02,21,11,1,73,3,7.8
2026-09-02,21,11,2,32,2,8.0
2026-09-02,22,2,1,245,1,14.4
2026-09-02,22,2,2,110,1,14.2
2026-09-03,1,1,1,32,14,1.9
2026-09-03,1,1,2,20,11,1.0
2026-09-03,2,10,1,10,4,1.5
2026-09-03,2,10,2,5,3,1.5
2026-09-03,3,12,1,7,4,2.5
2026-09-03,3,12,2,3,2,2.2
2026-09-03,4,2,1,246,9,8.5
2026-09-03,4,2,2,114,4,8.8
2026-09-03,5,2,1,340,6,11.0
2026-09-03,5,2,2,138,3,10.1
2026-09-03,6,2,1,199,4,9.3
2026-09-03,6,2,2,110,3,9.0
2026-09-03,7,3,1,301,9,8.0
2026-09-03,7,3,2,137,9,7.3
2026-09-03,8,8,1,408,26,5.8
2026-09-03,8,8,2,175,15,6.0
2026-09-03,9,8,1,114,3,8.0
2026-09-03,9,8,2,60,2,8.3
2026-09-03,10,7,1,543,36,5.4
2026-09-03,10,7,2,205,19,4.9
2026-09-03,11,4,1,162,3,10.8
2026-09-03,11,4,2,80,2,10.3
2026-09-03,12,4,1,318,2,13.5
2026-09-03,12,4,2,140,1,13.8
2026-09-03,13,4,1,194,4,10.4
2026-09-03,13,4,2,67,2,9.5
2026-09-03,14,5,1,130,5,8.0
2026-09-03,14,5,2,65,3,8.1
2026-09-03,15,9,1,182,8,6.6
2026-09-03,15,9,2,106,6,6.0
2026-09-03,16,9,1,150,5,7.4
2026-09-03,16,9,2,80,5,7.1
2026-09-03,17,6,1,413,18,6.6
2026-09-03,17,6,2,206,14,5.9
2026-09-03,18,6,1,308,16,6.0
2026-09-03,18,6,2,122,8,5.5
2026-09-03,19,6,1,316,2,13.9
2026-09-03,19,6,2,127,1,13.5
2026-09-03,20,11,1,315,1,15.7
2026-09-03,20,11,2,186,1,15.1
2026-09-03,21,11,1,72,3,7.7
2026-09-03,21,11,2,31,2,7.8
2026-09-03,22,2,1,218,1,14.2
2026-09-03,22,2,2,118,1,14.2
2026-09-04,1,1,1,35,20,1.1
2026-09-04,1,1,2,13,5,1.4
2026-09-04,2,10,1,13,6,1.7
2026-09-04,2,10,2,5,2,1.0
2026-09-04,3,12,1,7,3,2.3
2026-09-04,3,12,2,3,1,2.0
2026-09-04,4,2,1,284,8,8.6
2026-09-04,4,2,2,111,3,8.7
2026-09-04,5,2,1,288,5,10.7
2026-09-04,5,2,2,153,4,10.0
2026-09-04,6,2,1,217,7,9.1
2026-09-04,6,2,2,102,2,8.8
2026-09-04,7,3,1,287,13,7.3
2026-09-04,7,3,2,140,9,7.0
2026-09-04,8,8,1,376,25,5.6
2026-09-04,8,8,2,176,13,5.7
2026-09-04,9,8,1,133,4,8.2
2026-09-04,9,8,2,62,2,8.7
2026-09-04,10,7,1,478,37,5.4
2026-09-04,10,7,2,264,33,4.5
2026-09-04,11,4,1,163,3,10.5
2026-09-04,11,4,2,81,2,10.3
2026-09-04,12,4,1,409,2,12.8
2026-09-04,12,4,2,139,1,13.4
2026-09-04,13,4,1,167,3,10.6
2026-09-04,13,4,2,63,2,10.0
2026-09-04,14,5,1,170,6,8.5
2026-09-04,14,5,2,66,3,8.4
2026-09-04,15,9,1,174,9,6.9
2026-09-04,15,9,2,87,5,6.0
2026-09-04,16,9,1,139,5,7.1
2026-09-04,16,9,2,69,3,7.3
2026-09-04,17,6,1,462,15,6.4
2026-09-04,17,6,2,253,18,6.2
2026-09-04,18,6,1,256,12,5.8
2026-09-04,18,6,2,162,13,5.7
2026-09-04,19,6,1,283,1,13.7
2026-09-04,19,6,2,129,1,13.2
2026-09-04,20,11,1,426,1,15.9
2026-09-04,20,11,2,166,1,15.3
2026-09-04,21,11,1,79,3,7.5
2026-09-04,21,11,2,39,2,7.7
2026-09-04,22,2,1,214,1,14.0
2026-09-04,22,2,2,129,1,13.4
2026-09-05,1,1,1,28,15,1.1
2026-09-05,1,1,2,12,5,1.0
2026-09-05,2,10,1,9,3,1.7
2026-09-05,2,10,2,4,2,1.2
2026-09-05,3,12,1,6,3,1.8
2026-09-05,3,12,2,3,1,1.8
2026-09-05,4,2,1,248,8,8.7
2026-09-05,4,2,2,111,5,8.2
2026-09-05,5,2,1,276,5,10.0
2026-09-05,5,2,2,114,2,10.3
2026-09-05,6,2,1,164,4,9.6
2026-09-05,6,2,2,89,3,9.6
2026-09-05,7,3,1,285,10,7.9
2026-09-05,7,3,2,103,6,7.1
2026-09-05,8,8,1,327,17,6.0
2026-09-05,8,8,2,131,9,5.6
2026-09-05,9,8,1,123,5,7.5
2026-09-05,9,8,2,60,3,8.0
2026-09-05,10,7,1,394,21,5.1
2026-09-05,10,7,2,186,17,4.7
2026-09-05,11,4,1,107,2,10.0
2026-09-05,11,4,2,56,1,10.7
2026-09-05,12,4,1,305,2,13.6
2026-09-05,12,4,2,133,1,13.7
2026-09-05,13,4,1,114,3,10.1
2026-09-05,13,4,2,58,2,10.1
2026-09-05,14,5,1,110,4,8.5
2026-09-05,14,5,2,48,2,8.3
2026-09-05,15,9,1,138,9,5.6
2026-09-05,15,9,2,65,3,6.4
2026-09-05,16,9,1,136,5,7.3
2026-09-05,16,9,2,61,2,7.3
2026-09-05,17,6,1,487,21,6.7
2026-09-05,17,6,2,164,9,6.5
2026-09-05,18,6,1,267,15,5.7
2026-09-05,18,6,2,116,9,5.0
2026-09-05,19,6,1,236,1,12.8
2026-09-05,19,6,2,116,1,13.4
2026-09-05,20,11,1,359,1,15.2
2026-09-05,20,11,2,158,0,15.4
2026-09-05,21,11,1,75,3,8.4
2026-09-05,21,11,2,26,1,7.3
2026-09-05,22,2,1,223,2,13.6
2026-09-05,22,2,2,93,1,14.0
2026-09-06,1,1,1,39,17,1.6
2026-09-06,1,1,2,14,6,1.2
2026-09-06,2,10,1,9,4,1.2
2026-09-06,2,10,2,4,2,1.6
2026-09-06,3,12,1,5,3,1.6
2026-09-06,3,12,2,3,1,1.9
2026-09-06,4,2,1,252,9,8.4
2026-09-06,4,2,2,95,4,8.0
2026-09-06,5,2,1,235,5,10.5
2026-09-06,5,2,2,128,3,10.2
2026-09-06,6,2,1,170,4,9.8
2026-09-06,6,2,2,82,2,9.3
2026-09-06,7,3,1,215,10,7.1
2026-09-06,7,3,2,102,6,7.2
2026-09-06,8,8,1,295,20,6.1
2026-09-06,8,8,2,135,7,6.1
2026-09-06,9,8,1,106,3,8.5
2026-09-06,9,8,2,48,2,8.6
2026-09-06,10,7,1,324,24,4.8
2026-09-06,10,7,2,148,11,4.8
2026-09-06,11,4,1,115,2,10.9
2026-09-06,11,4,2,61,1,10.2
2026-09-06,12,4,1,363,2,13.6
2026-09-06,12,4,2,148,1,13.9
2026-09-06,13,4,1,144,3,10.1
2026-09-06,13,4,2,71,1,10.0
2026-09-06,14,5,1,114,5,8.4
2026-09-06,14,5,2,41,2,8.4
2026-09-06,15,9,1,164,5,6.5
2026-09-06,15,9,2,77,4,6.2
2026-09-06,16,9,1,147,6,7.4
2026-09-06,16,9,2,70,4,6.9
2026-09-06,17,6,1,424,19,6.4
2026-09-06,17,6,2,225,15,6.0
2026-09-06,18,6,1,185,8,5.9
2026-09-06,18,6,2,90,5,5.6
2026-09-06,19,6,1,276,2,13.2
2026-09-06,19,6,2,126,1,13.3
2026-09-06,20,11,1,331,1,16.3
2026-09-06,20,11,2,142,0,15.5
2026-09-06,21,11,1,60,2,7.7
2026-09-06,21,11,2,31,2,7.6
2026-09-06,22,2,1,195,1,14.0
2026-09-06,22,2,2,111,1,14.3
2026-09-07,1,1,1,40,17,1.0
2026-09-07,1,1,2,14,10,2.0
2026-09-07,2,10,1,11,4,1.2
2026-09-07,2,10,2,6,3,1.1
2026-09-07,3,12,1,6,4,1.8
2026-09-07,3,12,2,3,1,1.1
2026-09-07,4,2,1,271,8,8.4
2026-09-07,4,2,2,142,6,8.2
2026-09-07,5,2,1,323,5,11.0
2026-09-07,5,2,2,206,5,10.3
2026-09-07,6,2,1,172,4,9.3
2026-09-07,6,2,2,96,3,9.1
2026-09-07,7,3,1,264,12,7.3
2026-09-07,7,3,2,146,8,6.9
2026-09-07,8,8,1,337,22,6.2
2026-09-07,8,8,2,179,11,5.8
2026-09-07,9,8,1,158,4,8.3
2026-09-07,9,8,2,81,3,8.9
2026-09-07,10,7,1,446,40,5.0
2026-09-07,10,7,2,199,18,4.9
2026-09-07,11,4,1,134,3,10.4
2026-09-07,11,4,2,85,2,10.3
2026-09-07,12,4,1,358,2,13.5
2026-09-07,12,4,2,203,2,13.3
2026-09-07,13,4,1,171,3,10.8
2026-09-07,13,4,2,104,3,9.5
2026-09-07,14,5,1,145,6,8.4
2026-09-07,14,5,2,71,3,8.5
2026-09-07,15,9,1,186,7,6.7
2026-09-07,15,9,2,88,5,6.6
2026-09-07,16,9,1,167,6,7.8
2026-09-07,16,9,2,64,3,7.3
2026-09-07,17,6,1,546,24,7.2
2026-09-07,17,6,2,251,18,6.1
2026-09-07,18,6,1,281,15,6.3
2026-09-07,18,6,2,146,11,5.4
2026-09-07,19,6,1,301,2,13.3
2026-09-07,19,6,2,135,1,13.2
2026-09-07,20,11,1,395,2,15.1
2026-09-07,20,11,2,197,1,15.6
2026-09-07,21,11,1,77,4,7.8
2026-09-07,21,11,2,34,1,7.7
2026-09-07,22,2,1,233,2,14.1
2026-09-07,22,2,2,125,1,14.1
2026-09-08,1,1,1,34,13,1.5
2026-09-08,1,1,2,17,8,1.0
2026-09-08,2,10,1,10,3,1.8
2026-09-08,2,10,2,5,3,1.3
2026-09-08,3,12,1,7,2,1.9
2026-09-08,3,12,2,3,2,1.9
2026-09-08,4,2,1,234,5,8.9
2026-09-08,4,2,2,132,6,8.4
2026-09-08,5,2,1,297,6,10.4
2026-09-08,5,2,2,174,4,10.1
2026-09-08,6,2,1,203,7,8.7
2026-09-08,6,2,2,97,3,9.3
2026-09-08,7,3,1,255,9,7.7
2026-09-08,7,3,2,118,6,7.3
2026-09-08,8,8,1,348,25,5.9
2026-09-08,8,8,2,190,12,5.7
2026-09-08,9,8,1,185,5,8.3
2026-09-08,9,8,2,81,2,8.0
2026-09-08,10,7,1,377,23,4.5
2026-09-08,10,7,2,192,24,4.5
2026-09-08,11,4,1,172,3,10.3
2026-09-08,11,4,2,83,2,10.6
2026-09-08,12,4,1,274,2,13.0
2026-09-08,12,4,2,205,2,13.1
2026-09-08,13,4,1,151,3,9.8
2026-09-08,13,4,2,89,3,9.6
2026-09-08,14,5,1,142,5,8.7
2026-09-08,14,5,2,71,3,8.7
2026-09-08,15,9,1,178,9,6.3
2026-09-08,15,9,2,85,5,5.9
2026-09-08,16,9,1,151,10,6.8
2026-09-08,16,9,2,84,3,7.0
2026-09-08,17,6,1,603,27,6.0
2026-09-08,17,6,2,278,18,6.2
2026-09-08,18,6,1,276,14,5.8
2026-09-08,18,6,2,136,10,5.7
2026-09-08,19,6,1,283,1,13.8
2026-09-08,19,6,2,151,1,12.9
2026-09-08,20,11,1,434,1,15.4
2026-09-08,20,11,2,195,1,15.8
2026-09-08,21,11,1,72,3,8.0
2026-09-08,21,11,2,35,2,7.1
2026-09-08,22,2,1,226,1,14.7
2026-09-08,22,2,2,120,1,13.8
2026-09-09,1,1,1,49,22,1.3
2026-09-09,1,1,2,16,8,1.4
2026-09-09,2,10,1,10,5,1.7
2026-09-09,2,10,2,5,3,1.2
2026-09-09,3,12,1,7,3,1.4
2026-09-09,3,12,2,4,2,1.8
2026-09-09,4,2,1,315,12,7.7
2026-09-09,4,2,2,131,3,8.6
2026-09-09,5,2,1,392,8,10.7
2026-09-09,5,2,2,132,3,10.1
2026-09-09,6,2,1,208,4,9.2
2026-09-09,6,2,2,123,3,9.4
2026-09-09,7,3,1,233,6,7.8
2026-09-09,7,3,2,123,7,6.8
2026-09-09,8,8,1,394,21,6.1
2026-09-09,8,8,2,152,11,6.1
2026-09-09,9,8,1,164,4,9.1
2026-09-09,9,8,2,64,3,7.9
2026-09-09,10,7,1,483,33,4.9
2026-09-09,10,7,2,242,21,4.7
2026-09-09,11,4,1,161,3,10.1
2026-09-09,11,4,2,74,2,10.2
2026-09-09,12,4,1,367,3,13.3
2026-09-09,12,4,2,142,1,13.4
2026-09-09,13,4,1,167,3,9.8
2026-09-09,13,4,2,82,3,9.2
2026-09-09,14,5,1,114,5,7.9
2026-09-09,14,5,2,60,2,8.8
2026-09-09,15,9,1,189,9,6.4
2026-09-09,15,9,2,83,6,5.7
2026-09-09,16,9,1,176,6,7.5
2026-09-09,16,9,2,88,4,7.5
2026-09-09,17,6,1,482,18,6.7
2026-09-09,17,6,2,257,16,5.9
2026-09-09,18,6,1,300,20,5.7
2026-09-09,18,6,2,121,7,6.1
2026-09-09,19,6,1,407,2,13.7
2026-09-09,19,6,2,122,1,13.1
2026-09-09,20,11,1,341,1,15.1
2026-09-09,20,11,2,217,1,15.2
2026-09-09,21,11,1,72,3,7.8
2026-09-09,21,11,2,44,2,7.6
2026-09-09,22,2,1,215,1,13.5
2026-09-09,22,2,2,97,1,14.0
2026-09-10,1,1,1,33,14,1.8
2026-09-10,1,1,2,17,7,1.3
2026-09-10,2,10,1,12,4,2.0
2026-09-10,2,10,2,5,2,1.3
2026-09-10,3,12,1,7,2,2.4
2026-09-10,3,12,2,3,2,1.6
2026-09-10,4,2,1,247,5,9.2
2026-09-10,4,2,2,96,4,8.1
2026-09-10,5,2,1,374,5,10.7
2026-09-10,5,2,2,148,5,10.2
2026-09-10,6,2,1,227,6,9.5
2026-09-10,6,2,2,108,3,9.2
2026-09-10,7,3,1,300,10,7.5
2026-09-10,7,3,2,141,7,6.8
2026-09-10,8,8,1,368,22,6.0
2026-09-10,8,8,2,163,11,5.2
2026-09-10,9,8,1,144,5,8.3
2026-09-10,9,8,2,68,2,8.5
2026-09-10,10,7,1,471,35,5.0
2026-09-10,10,7,2,224,26,4.3
2026-09-10,11,4,1,163,3,10.4
2026-09-10,11,4,2,85,2,10.1
2026-09-10,12,4,1,376,2,13.2
2026-09-10,12,4,2,167,1,13.4
2026-09-10,13,4,1,139,3,10.0
2026-09-10,13,4,2,95,3,10.3
2026-09-10,14,5,1,154,6,7.6
2026-09-10,14,5,2,56,3,8.4
2026-09-10,15,9,1,199,9,6.5
2026-09-10,15,9,2,86,6,6.0
2026-09-10,16,9,1,161,5,7.7
2026-09-10,16,9,2,73,4,6.9
2026-09-10,17,6,1,472,24,5.7
2026-09-10,17,6,2,225,13,6.2
2026-09-10,18,6,1,318,20,5.9
2026-09-10,18,6,2,152,11,5.9
2026-09-10,19,6,1,281,2,13.6
2026-09-10,19,6,2,154,1,13.1
2026-09-10,20,11,1,374,1,15.8
2026-09-10,20,11,2,217,1,15.2
2026-09-10,21,11,1,61,2,7.9
2026-09-10,21,11,2,35,2,7.3
2026-09-10,22,2,1,228,2,14.4
2026-09-10,22,2,2,130,1,14.1
2026-09-11,1,1,1,36,12,1.3
2026-09-11,1,1,2,19,8,1.1
2026-09-11,2,10,1,14,8,2.0
2026-09-11,2,10,2,5,3,1.7
2026-09-11,3,12,1,9,4,2.2
2026-09-11,3,12,2,3,1,1.7
2026-09-11,4,2,1,278,8,8.8
2026-09-11,4,2,2,162,6,8.2
2026-09-11,5,2,1,349,7,10.5
2026-09-11,5,2,2,142,3,10.5
2026-09-11,6,2,1,232,4,9.7
2026-09-11,6,2,2,104,3,9.6
2026-09-11,7,3,1,328,16,7.1
2026-09-11,7,3,2,135,6,7.1
2026-09-11,8,8,1,292,17,6.2
2026-09-11,8,8,2,148,11,5.6
2026-09-11,9,8,1,140,4,8.5
2026-09-11,9,8,2,60,3,8.0
2026-09-11,10,7,1,403,33,5.1
2026-09-11,10,7,2,228,20,4.8
2026-09-11,11,4,1,187,3,10.2
2026-09-11,11,4,2,76,2,10.7
2026-09-11,12,4,1,308,2,13.3
2026-09-11,12,4,2,143,1,13.1
2026-09-11,13,4,1,163,3,9.9
2026-09-11,13,4,2,99,3,9.4
2026-09-11,14,5,1,151,6,8.4
2026-09-11,14,5,2,49,2,7.9
2026-09-11,15,9,1,159,10,5.9
2026-09-11,15,9,2,75,5,6.5
2026-09-11,16,9,1,155,6,6.9
2026-09-11,16,9,2,70,3,7.0
2026-09-11,17,6,1,526,25,6.3
2026-09-11,17,6,2,245,18,6.6
2026-09-11,18,6,1,274,15,5.8
2026-09-11,18,6,2,145,10,5.8
2026-09-11,19,6,1,294,2,13.6
2026-09-11,19,6,2,133,1,13.4
2026-09-11,20,11,1,368,1,15.6
2026-09-11,20,11,2,156,0,15.4
2026-09-11,21,11,1,72,2,8.4
2026-09-11,21,11,2,43,2,8.1
2026-09-11,22,2,1,243,2,14.1
2026-09-11,22,2,2,139,1,14.0
2026-09-12,1,1,1,26,12,1.7
2026-09-12,1,1,2,16,9,1.0
2026-09-12,2,10,1,10,6,1.9
2026-09-12,2,10,2,5,2,1.7
2026-09-12,3,12,1,6,2,2.3
2026-09-12,3,12,2,2,1,1.8
2026-09-12,4,2,1,213,8,8.6
2026-09-12,4,2,2,108,5,7.7
2026-09-12,5,2,1,247,4,10.7
2026-09-12,5,2,2,122,3,10.0
2026-09-12,6,2,1,241,6,9.7
2026-09-12,6,2,2,79,3,8.9
2026-09-12,7,3,1,246,11,7.6
2026-09-12,7,3,2,118,9,6.4
2026-09-12,8,8,1,380,20,5.9
2026-09-12,8,8,2,149,8,5.6
2026-09-12,9,8,1,118,5,8.3
2026-09-12,9,8,2,52,2,8.1
2026-09-12,10,7,1,391,27,5.4
2026-09-12,10,7,2,188,25,4.3
2026-09-12,11,4,1,117,2,10.8
2026-09-12,11,4,2,69,2,9.9
2026-09-12,12,4,1,272,1,13.8
2026-09-12,12,4,2,137,1,12.4
2026-09-12,13,4,1,129,2,10.2
2026-09-12,13,4,2,56,2,9.1
2026-09-12,14,5,1,115,4,8.3
2026-09-12,14,5,2,52,2,8.4
2026-09-12,15,9,1,122,5,6.2
2026-09-12,15,9,2,52,3,6.3
2026-09-12,16,9,1,118,4,7.5
2026-09-12,16,9,2,59,2,7.2
2026-09-12,17,6,1,396,13,6.7
2026-09-12,17,6,2,255,14,6.3
2026-09-12,18,6,1,238,14,5.5
2026-09-12,18,6,2,135,9,5.8
2026-09-12,19,6,1,242,1,13.7
2026-09-12,19,6,2,111,1,13.6
2026-09-12,20,11,1,327,1,15.7
2026-09-12,20,11,2,128,1,15.2
2026-09-12,21,11,1,59,3,8.1
2026-09-12,21,11,2,28,1,7.6
2026-09-12,22,2,1,222,1,14.1
2026-09-12,22,2,2,114,1,13.9
2026-09-13,1,1,1,27,14,1.4
2026-09-13,1,1,2,14,6,1.2
2026-09-13,2,10,1,10,5,1.6
2026-09-13,2,10,2,4,2,1.3
2026-09-13,3,12,1,5,2,2.0
2026-09-13,3,12,2,3,2,1.3
2026-09-13,4,2,1,222,9,8.3
2026-09-13,4,2,2,91,5,8.2
2026-09-13,5,2,1,269,4,10.6
2026-09-13,5,2,2,132,3,10.5
2026-09-13,6,2,1,188,3,9.5
2026-09-13,6,2,2,98,3,9.8
2026-09-13,7,3,1,255,12,7.3
2026-09-13,7,3,2,148,6,7.6
2026-09-13,8,8,1,372,20,5.6
2026-09-13,8,8,2,144,9,5.8
2026-09-13,9,8,1,140,6,8.4
2026-09-13,9,8,2,50,2,8.2
2026-09-13,10,7,1,448,39,4.2
2026-09-13,10,7,2,139,12,4.8
2026-09-13,11,4,1,151,3,10.7
2026-09-13,11,4,2,67,2,10.4
2026-09-13,12,4,1,274,1,13.6
2026-09-13,12,4,2,151,1,13.0
2026-09-13,13,4,1,113,4,10.0
2026-09-13,13,4,2,55,2,9.6
2026-09-13,14,5,1,100,3,7.7
2026-09-13,14,5,2,55,2,8.5
2026-09-13,15,9,1,157,7,6.7
2026-09-13,15,9,2,86,4,6.6
2026-09-13,16,9,1,157,5,7.6
2026-09-13,16,9,2,63,2,7.5
2026-09-13,17,6,1,361,21,6.7
2026-09-13,17,6,2,212,9,6.5
2026-09-13,18,6,1,195,11,5.7
2026-09-13,18,6,2,109,8,5.5
2026-09-13,19,6,1,243,2,13.6
2026-09-13,19,6,2,130,1,13.6
2026-09-13,20,11,1,314,1,14.9
2026-09-13,20,11,2,172,1,15.4
2026-09-13,21,11,1,60,2,7.5
2026-09-13,21,11,2,27,1,7.5
2026-09-13,22,2,1,242,2,13.7
2026-09-13,22,2,2,114,1,14.2
2026-09-14,1,1,1,41,18,1.7
2026-09-14,1,1,2,15,7,1.3
2026-09-14,2,10,1,11,4,1.9
2026-09-14,2,10,2,5,3,2.2
2026-09-14,3,12,1,6,2,2.0
2026-09-14,3,12,2,4,2,2.3
2026-09-14,4,2,1,284,11,8.3
2026-09-14,4,2,2,147,6,8.3
2026-09-14,5,2,1,310,5,10.6
2026-09-14,5,2,2,173,5,9.8
2026-09-14,6,2,1,206,7,9.4
2026-09-14,6,2,2,121,4,9.0
2026-09-14,7,3,1,338,14,7.7
2026-09-14,7,3,2,156,6,7.0
2026-09-14,8,8,1,433,28,5.7
2026-09-14,8,8,2,175,11,5.6
2026-09-14,9,8,1,166,6,8.6
2026-09-14,9,8,2,78,3,8.3
2026-09-14,10,7,1,458,23,5.0
2026-09-14,10,7,2,186,20,4.6
2026-09-14,11,4,1,210,3,10.9
2026-09-14,11,4,2,84,2,10.0
2026-09-14,12,4,1,339,2,13.4
2026-09-14,12,4,2,139,1,13.1
2026-09-14,13,4,1,195,4,10.4
2026-09-14,13,4,2,71,2,9.9
2026-09-14,14,5,1,123,5,8.2
2026-09-14,14,5,2,57,2,8.6
2026-09-14,15,9,1,191,12,6.0
2026-09-14,15,9,2,76,4,5.9
2026-09-14,16,9,1,161,6,6.9
2026-09-14,16,9,2,83,4,7.1
2026-09-14,17,6,1,596,32,6.5
2026-09-14,17,6,2,250,21,5.9
2026-09-14,18,6,1,226,12,5.4
2026-09-14,18,6,2,174,14,5.6
2026-09-14,19,6,1,250,2,13.1
2026-09-14,19,6,2,135,1,13.2
2026-09-14,20,11,1,408,1,15.5
2026-09-14,20,11,2,185,1,15.4
2026-09-14,21,11,1,68,3,7.9
2026-09-14,21,11,2,35,2,7.6
2026-09-14,22,2,1,289,2,14.6
2026-09-14,22,2,2,114,1,13.5
2026-09-15,1,1,1,40,20,1.0
2026-09-15,1,1,2,17,7,1.3
2026-09-15,2,10,1,12,5,1.5
2026-09-15,2,10,2,7,3,1.6
2026-09-15,3,12,1,7,3,2.1
2026-09-15,3,12,2,3,1,1.6
2026-09-15,4,2,1,285,11,7.8
2026-09-15,4,2,2,118,5,8.5
2026-09-15,5,2,1,352,5,10.8
2026-09-15,5,2,2,190,5,10.2
2026-09-15,6,2,1,294,8,9.2
2026-09-15,6,2,2,106,3,9.2
2026-09-15,7,3,1,301,15,7.4
2026-09-15,7,3,2,122,7,6.9
2026-09-15,8,8,1,322,16,5.9
2026-09-15,8,8,2,161,11,5.2
2026-09-15,9,8,1,160,7,7.9
2026-09-15,9,8,2,77,2,8.2
2026-09-15,10,7,1,415,27,5.1
2026-09-15,10,7,2,195,21,4.4
2026-09-15,11,4,1,142,3,10.7
2026-09-15,11,4,2,74,1,10.4
2026-09-15,12,4,1,305,2,13.4
2026-09-15,12,4,2,144,1,12.7
2026-09-15,13,4,1,166,4,9.7
2026-09-15,13,4,2,93,2,9.4
2026-09-15,14,5,1,132,5,8.7
2026-09-15,14,5,2,65,3,7.8
2026-09-15,15,9,1,267,14,6.5
2026-09-15,15,9,2,74,4,6.0
2026-09-15,16,9,1,202,7,7.2
2026-09-15,16,9,2,73,5,6.3
2026-09-15,17,6,1,422,17,6.2
2026-09-15,17,6,2,232,13,6.0
2026-09-15,18,6,1,330,20,5.4
2026-09-15,18,6,2,139,10,5.5
2026-09-15,19,6,1,382,2,13.6
2026-09-15,19,6,2,147,1,12.9
2026-09-15,20,11,1,340,1,15.7
2026-09-15,20,11,2,198,1,15.2
2026-09-15,21,11,1,68,3,7.8
2026-09-15,21,11,2,37,2,7.3
2026-09-15,22,2,1,218,1,13.7
2026-09-15,22,2,2,110,1,13.7
2026-09-16,1,1,1,41,18,1.5
2026-09-16,1,1,2,19,8,1.0
2026-09-16,2,10,1,14,6,1.5
2026-09-16,2,10,2,4,2,1.1
2026-09-16,3,12,1,7,3,1.8
2026-09-16,3,12,2,3,2,2.2
2026-09-16,4,2,1,341,14,8.1
2026-09-16,4,2,2,143,5,8.6
2026-09-16,5,2,1,381,6,10.4
2026-09-16,5,2,2,174,3,10.6
2026-09-16,6,2,1,224,6,9.6
2026-09-16,6,2,2,92,3,9.5
2026-09-16,7,3,1,272,11,7.5
2026-09-16,7,3,2,149,6,7.5
2026-09-16,8,8,1,356,21,5.4
2026-09-16,8,8,2,223,16,5.3
2026-09-16,9,8,1,141,4,8.4
2026-09-16,9,8,2,65,3,7.9
2026-09-16,10,7,1,391,44,4.1
2026-09-16,10,7,2,217,21,4.4
2026-09-16,11,4,1,193,4,10.1
2026-09-16,11,4,2,78,1,10.5
2026-09-16,12,4,1,298,1,13.8
2026-09-16,12,4,2,151,1,12.8
2026-09-16,13,4,1,162,4,10.1
2026-09-16,13,4,2,66,3,9.5
2026-09-16,14,5,1,135,6,8.0
2026-09-16,14,5,2,63,3,7.6
2026-09-16,15,9,1,211,10,6.3
2026-09-16,15,9,2,96,5,5.9
2026-09-16,16,9,1,163,6,7.1
2026-09-16,16,9,2,70,3,6.9
2026-09-16,17,6,1,547,18,6.9
2026-09-16,17,6,2,286,15,6.3
2026-09-16,18,6,1,245,12,5.9
2026-09-16,18,6,2,126,12,5.4
2026-09-16,19,6,1,249,2,13.5
2026-09-16,19,6,2,145,1,13.8
2026-09-16,20,11,1,412,1,15.6
2026-09-16,20,11,2,191,1,15.4
2026-09-16,21,11,1,80,2,8.1
2026-09-16,21,11,2,35,1,7.7
2026-09-16,22,2,1,285,1,14.3
2026-09-16,22,2,2,122,1,13.5
2026-09-17,1,1,1,38,15,1.4
2026-09-17,1,1,2,20,10,1.5
2026-09-17,2,10,1,15,10,1.5
2026-09-17,2,10,2,5,3,1.7
2026-09-17,3,12,1,8,4,2.3
2026-09-17,3,12,2,4,2,2.0
2026-09-17,4,2,1,281,9,8.3
2026-09-17,4,2,2,113,4,8.2
2026-09-17,5,2,1,316,5,10.0
2026-09-17,5,2,2,148,5,10.1
2026-09-17,6,2,1,226,5,9.7
2026-09-17,6,2,2,112,4,9.1
2026-09-17,7,3,1,325,18,6.9
2026-09-17,7,3,2,140,8,6.7
2026-09-17,8,8,1,415,21,6.1
2026-09-17,8,8,2,208,11,5.8
2026-09-17,9,8,1,133,4,8.4
2026-09-17,9,8,2,66,3,8.2
2026-09-17,10,7,1,420,49,4.4
2026-09-17,10,7,2,182,21,4.5
2026-09-17,11,4,1,175,3,10.1
2026-09-17,11,4,2,96,2,10.4
2026-09-17,12,4,1,300,2,13.5
2026-09-17,12,4,2,156,1,13.4
2026-09-17,13,4,1,135,4,9.5
2026-09-17,13,4,2,79,2,9.9
2026-09-17,14,5,1,171,10,8.2
2026-09-17,14,5,2,68,4,7.6
2026-09-17,15,9,1,171,7,6.8
2026-09-17,15,9,2,104,6,5.9
2026-09-17,16,9,1,168,5,7.3
2026-09-17,16,9,2,83,3,7.5
2026-09-17,17,6,1,500,27,6.2
2026-09-17,17,6,2,246,17,6.3
2026-09-17,18,6,1,268,15,5.7
2026-09-17,18,6,2,157,11,5.5
2026-09-17,19,6,1,293,2,13.6
2026-09-17,19,6,2,124,1,13.4
2026-09-17,20,11,1,469,1,15.6
2026-09-17,20,11,2,168,1,15.5
2026-09-17,21,11,1,68,3,7.8
2026-09-17,21,11,2,35,2,7.7
2026-09-17,22,2,1,234,1,14.2
2026-09-17,22,2,2,129,1,13.4
2026-09-18,1,1,1,33,14,1.4
2026-09-18,1,1,2,14,8,1.0
2026-09-18,2,10,1,10,4,2.2
2026-09-18,2,10,2,4,2,1.1
2026-09-18,3,12,1,6,3,1.9
2026-09-18,3,12,2,3,2,1.9
2026-09-18,4,2,1,336,11,8.0
2026-09-18,4,2,2,119,4,8.6
2026-09-18,5,2,1,290,6,9.9
2026-09-18,5,2,2,172,5,9.9
2026-09-18,6,2,1,232,7,9.1
2026-09-18,6,2,2,125,4,9.5
2026-09-18,7,3,1,357,17,7.3
2026-09-18,7,3,2,178,9,7.1
2026-09-18,8,8,1,327,14,5.6
2026-09-18,8,8,2,159,12,5.2
2026-09-18,9,8,1,128,4,8.3
2026-09-18,9,8,2,79,4,8.4
2026-09-18,10,7,1,442,43,4.4
2026-09-18,10,7,2,226,26,4.5
2026-09-18,11,4,1,226,4,10.4
2026-09-18,11,4,2,86,3,9.9
2026-09-18,12,4,1,306,2,13.0
2026-09-18,12,4,2,163,2,12.7
2026-09-18,13,4,1,190,6,9.3
2026-09-18,13,4,2,88,2,10.2
2026-09-18,14,5,1,153,6,8.3
2026-09-18,14,5,2,81,3,8.3
2026-09-18,15,9,1,189,6,6.9
2026-09-18,15,9,2,83,7,5.9
2026-09-18,16,9,1,148,5,7.2
2026-09-18,16,9,2,83,3,7.3
2026-09-18,17,6,1,464,30,5.9
2026-09-18,17,6,2,243,15,6.2
2026-09-18,18,6,1,233,13,5.3
2026-09-18,18,6,2,167,13,5.5
2026-09-18,19,6,1,269,1,14.1
2026-09-18,19,6,2,118,1,13.0
2026-09-18,20,11,1,459,2,15.3
2026-09-18,20,11,2,198,1,15.2
2026-09-18,21,11,1,80,3,8.1
2026-09-18,21,11,2,34,1,8.4
2026-09-18,22,2,1,275,2,13.4
2026-09-18,22,2,2,98,1,14.0
2026-09-19,1,1,1,28,11,1.2
2026-09-19,1,1,2,11,5,1.5
2026-09-19,2,10,1,8,4,2.1
2026-09-19,2,10,2,4,2,1.0
2026-09-19,3,12,1,5,3,2.1
2026-09-19,3,12,2,3,1,2.0
2026-09-19,4,2,1,227,8,8.3
2026-09-19,4,2,2,115,4,8.2
2026-09-19,5,2,1,210,4,10.7
2026-09-19,5,2,2,126,3,10.5
2026-09-19,6,2,1,185,6,9.2
2026-09-19,6,2,2,110,3,9.1
2026-09-19,7,3,1,285,13,7.6
2026-09-19,7,3,2,99,6,7.2
2026-09-19,8,8,1,302,16,5.9
2026-09-19,8,8,2,155,11,5.6
2026-09-19,9,8,1,154,6,8.3
2026-09-19,9,8,2,66,3,7.8
2026-09-19,10,7,1,338,22,4.7
2026-09-19,10,7,2,197,16,4.6
2026-09-19,11,4,1,155,3,10.0
2026-09-19,11,4,2,72,2,10.1
2026-09-19,12,4,1,319,2,13.4
2026-09-19,12,4,2,156,1,13.2
2026-09-19,13,4,1,142,2,9.9
2026-09-19,13,4,2,61,1,10.2
2026-09-19,14,5,1,113,3,8.2
2026-09-19,14,5,2,58,3,8.7
2026-09-19,15,9,1,152,7,6.0
2026-09-19,15,9,2,78,6,6.0
2026-09-19,16,9,1,140,5,6.9
2026-09-19,16,9,2,71,3,7.3
2026-09-19,17,6,1,524,24,6.3
2026-09-19,17,6,2,205,8,6.3
2026-09-19,18,6,1,234,11,5.8
2026-09-19,18,6,2,98,6,5.9
2026-09-19,19,6,1,242,1,13.6
2026-09-19,19,6,2,159,1,12.9
2026-09-19,20,11,1,281,1,15.2
2026-09-19,20,11,2,149,0,14.8
2026-09-19,21,11,1,72,3,8.0
2026-09-19,21,11,2,31,1,7.7
2026-09-19,22,2,1,295,2,13.7
2026-09-19,22,2,2,126,1,13.5
2026-09-20,1,1,1,26,12,1.3
2026-09-20,1,1,2,12,4,1.4
2026-09-20,2,10,1,10,4,1.7
2026-09-20,2,10,2,5,2,1.3
2026-09-20,3,12,1,6,2,1.6
2026-09-20,3,12,2,3,1,1.9
2026-09-20,4,2,1,246,13,7.6
2026-09-20,4,2,2,102,4,8.1
2026-09-20,5,2,1,238,4,10.5
2026-09-20,5,2,2,132,4,9.9
2026-09-20,6,2,1,197,5,9.5
2026-09-20,6,2,2,92,3,9.5
2026-09-20,7,3,1,287,13,7.3
2026-09-20,7,3,2,103,5,7.0
2026-09-20,8,8,1,284,16,5.8
2026-09-20,8,8,2,136,11,5.1
2026-09-20,9,8,1,126,4,8.4
2026-09-20,9,8,2,50,3,7.5
2026-09-20,10,7,1,350,20,4.9
2026-09-20,10,7,2,207,20,4.5
2026-09-20,11,4,1,149,3,10.5
2026-09-20,11,4,2,55,2,9.9
2026-09-20,12,4,1,313,2,13.4
2026-09-20,12,4,2,145,1,13.0
2026-09-20,13,4,1,157,4,9.8
2026-09-20,13,4,2,76,2,9.9
2026-09-20,14,5,1,101,5,7.7
2026-09-20,14,5,2,53,3,7.9
2026-09-20,15,9,1,136,5,6.4
2026-09-20,15,9,2,82,5,6.1
2026-09-20,16,9,1,145,5,7.2
2026-09-20,16,9,2,74,3,7.6
2026-09-20,17,6,1,519,29,5.8
2026-09-20,17,6,2,206,14,5.9
2026-09-20,18,6,1,289,19,5.9
2026-09-20,18,6,2,128,8,6.0
2026-09-20,19,6,1,234,1,13.7
2026-09-20,19,6,2,112,1,13.6
2026-09-20,20,11,1,290,1,15.3
2026-09-20,20,11,2,155,1,15.1
2026-09-20,21,11,1,63,2,7.4
2026-09-20,21,11,2,33,2,7.8
2026-09-20,22,2,1,200,1,14.0
2026-09-20,22,2,2,114,1,13.3
2026-09-21,1,1,1,35,11,1.6
2026-09-21,1,1,2,17,10,1.0
2026-09-21,2,10,1,10,3,1.7
2026-09-21,2,10,2,5,3,1.8
2026-09-21,3,12,1,7,3,2.0
2026-09-21,3,12,2,4,2,1.9
2026-09-21,4,2,1,334,10,8.4
2026-09-21,4,2,2,116,5,8.2
2026-09-21,5,2,1,265,7,10.2
2026-09-21,5,2,2,157,4,10.2
2026-09-21,6,2,1,236,7,8.9
2026-09-21,6,2,2,120,4,9.2
2026-09-21,7,3,1,310,11,7.5
2026-09-21,7,3,2,115,7,6.9
2026-09-21,8,8,1,414,26,5.6
2026-09-21,8,8,2,180,11,5.8
2026-09-21,9,8,1,166,5,8.5
2026-09-21,9,8,2,71,3,7.9
2026-09-21,10,7,1,429,40,4.5
2026-09-21,10,7,2,228,23,4.5
2026-09-21,11,4,1,180,4,10.7
2026-09-21,11,4,2,81,2,10.3
2026-09-21,12,4,1,339,2,13.1
2026-09-21,12,4,2,158,1,12.9
2026-09-21,13,4,1,141,3,9.4
2026-09-21,13,4,2,82,3,9.7
2026-09-21,14,5,1,172,4,8.6
2026-09-21,14,5,2,62,3,8.5
2026-09-21,15,9,1,201,8,6.3
2026-09-21,15,9,2,95,5,6.0
2026-09-21,16,9,1,174,5,7.8
2026-09-21,16,9,2,67,3,7.0
2026-09-21,17,6,1,404,22,6.1
2026-09-21,17,6,2,226,14,6.0
2026-09-21,18,6,1,266,15,5.6
2026-09-21,18,6,2,128,10,5.5
2026-09-21,19,6,1,289,2,13.0
2026-09-21,19,6,2,133,1,13.7
2026-09-21,20,11,1,515,2,15.4
2026-09-21,20,11,2,214,1,15.2
2026-09-21,21,11,1,74,3,7.5
2026-09-21,21,11,2,40,3,6.8
2026-09-21,22,2,1,285,2,13.7
2026-09-21,22,2,2,149,1,13.9
2026-09-22,1,1,1,29,12,1.6
2026-09-22,1,1,2,16,8,1.3
2026-09-22,2,10,1,9,4,1.6
2026-09-22,2,10,2,5,2,1.5
2026-09-22,3,12,1,7,3,2.0
2026-09-22,3,12,2,3,2,1.4
2026-09-22,4,2,1,321,8,8.7
2026-09-22,4,2,2,135,6,8.1
2026-09-22,5,2,1,368,5,10.8
2026-09-22,5,2,2,153,4,10.3
2026-09-22,6,2,1,225,6,9.5
2026-09-22,6,2,2,101,3,9.4
2026-09-22,7,3,1,353,15,7.0
2026-09-22,7,3,2,122,7,6.9
2026-09-22,8,8,1,373,21,5.6
2026-09-22,8,8,2,168,13,5.4
2026-09-22,9,8,1,142,4,8.3
2026-09-22,9,8,2,61,2,8.2
2026-09-22,10,7,1,459,31,4.4
2026-09-22,10,7,2,182,23,4.3
2026-09-22,11,4,1,162,3,10.3
2026-09-22,11,4,2,84,3,9.7
2026-09-22,12,4,1,361,2,13.1
2026-09-22,12,4,2,138,1,12.8
2026-09-22,13,4,1,197,6,9.6
2026-09-22,13,4,2,89,3,9.3
2026-09-22,14,5,1,158,8,7.9
2026-09-22,14,5,2,54,3,8.4
2026-09-22,15,9,1,230,11,6.5
2026-09-22,15,9,2,74,4,6.5
2026-09-22,16,9,1,181,5,7.1
2026-09-22,16,9,2,82,4,6.8
2026-09-22,17,6,1,567,33,5.8
2026-09-22,17,6,2,228,16,5.9
2026-09-22,18,6,1,234,13,5.5
2026-09-22,18,6,2,147,12,5.5
2026-09-22,19,6,1,266,2,12.8
2026-09-22,19,6,2,171,1,13.2
2026-09-22,20,11,1,375,1,15.7
2026-09-22,20,11,2,160,1,14.5
2026-09-22,21,11,1,77,3,7.7
2026-09-22,21,11,2,35,2,7.5
2026-09-22,22,2,1,199,1,13.7
2026-09-22,22,2,2,135,1,13.8
2026-09-23,1,1,1,36,20,1.4
2026-09-23,1,1,2,16,8,1.6
2026-09-23,2,10,1,11,4,1.2
2026-09-23,2,10,2,6,2,1.8
2026-09-23,3,12,1,8,4,2.1
2026-09-23,3,12,2,4,1,2.2
2026-09-23,4,2,1,295,9,8.0
2026-09-23,4,2,2,132,6,7.8
2026-09-23,5,2,1,258,4,10.4
2026-09-23,5,2,2,158,3,9.8
2026-09-23,6,2,1,255,6,9.4
2026-09-23,6,2,2,93,3,9.2
2026-09-23,7,3,1,335,16,7.0
2026-09-23,7,3,2,149,10,6.9
2026-09-23,8,8,1,323,15,6.1
2026-09-23,8,8,2,170,12,5.5
2026-09-23,9,8,1,140,4,8.3
2026-09-23,9,8,2,69,3,8.1
2026-09-23,10,7,1,414,39,4.9
2026-09-23,10,7,2,199,16,4.8
2026-09-23,11,4,1,171,3,9.9
2026-09-23,11,4,2,76,2,10.0
2026-09-23,12,4,1,456,3,13.0
2026-09-23,12,4,2,183,1,12.5
2026-09-23,13,4,1,182,4,9.4
2026-09-23,13,4,2,57,2,9.2
2026-09-23,14,5,1,159,4,8.8
2026-09-23,14,5,2,78,3,8.0
2026-09-23,15,9,1,185,7,6.1
2026-09-23,15,9,2,89,6,5.7
2026-09-23,16,9,1,227,12,6.8
2026-09-23,16,9,2,68,4,6.9
2026-09-23,17,6,1,566,30,6.6
2026-09-23,17,6,2,243,17,5.9
2026-09-23,18,6,1,296,11,6.2
2026-09-23,18,6,2,148,10,5.7
2026-09-23,19,6,1,277,2,13.0
2026-09-23,19,6,2,173,1,13.0
2026-09-23,20,11,1,409,1,15.4
2026-09-23,20,11,2,191,1,15.0
2026-09-23,21,11,1,76,3,7.7
2026-09-23,21,11,2,35,2,7.9
2026-09-23,22,2,1,263,2,14.1
2026-09-23,22,2,2,137,1,13.5
2026-09-24,1,1,1,39,15,1.3
2026-09-24,1,1,2,17,8,1.0
2026-09-24,2,10,1,11,6,1.2
2026-09-24,2,10,2,6,3,1.4
2026-09-24,3,12,1,8,3,2.1
2026-09-24,3,12,2,5,3,1.5
2026-09-24,4,2,1,260,9,8.2
2026-09-24,4,2,2,121,5,8.2
2026-09-24,5,2,1,294,6,10.2
2026-09-24,5,2,2,185,5,10.0
2026-09-24,6,2,1,270,7,9.4
2026-09-24,6,2,2,106,4,8.6
2026-09-24,7,3,1,268,10,7.4
2026-09-24,7,3,2,126,6,7.0
2026-09-24,8,8,1,386,22,5.7
2026-09-24,8,8,2,215,14,5.8
2026-09-24,9,8,1,169,5,8.3
2026-09-24,9,8,2,62,4,7.8
2026-09-24,10,7,1,462,43,4.9
2026-09-24,10,7,2,199,12,4.8
2026-09-24,11,4,1,158,4,9.6
2026-09-24,11,4,2,84,2,9.8
2026-09-24,12,4,1,505,3,13.3
2026-09-24,12,4,2,151,1,12.8
2026-09-24,13,4,1,160,4,9.7
2026-09-24,13,4,2,64,2,9.6
2026-09-24,14,5,1,150,7,8.4
2026-09-24,14,5,2,63,4,8.1
2026-09-24,15,9,1,183,8,6.6
2026-09-24,15,9,2,85,6,5.7
2026-09-24,16,9,1,212,7,7.8
2026-09-24,16,9,2,83,3,7.4
2026-09-24,17,6,1,511,19,6.2
2026-09-24,17,6,2,230,14,5.8
2026-09-24,18,6,1,274,20,5.0
2026-09-24,18,6,2,124,9,5.6
2026-09-24,19,6,1,299,1,13.8
2026-09-24,19,6,2,143,1,13.0
2026-09-24,20,11,1,403,1,15.4
2026-09-24,20,11,2,244,1,14.9
2026-09-24,21,11,1,72,3,7.8
2026-09-24,21,11,2,27,2,7.1
2026-09-24,22,2,1,242,2,13.5
2026-09-24,22,2,2,108,1,13.2
2026-09-25,1,1,1,33,12,1.9
2026-09-25,1,1,2,16,8,1.7
2026-09-25,2,10,1,13,5,1.7
2026-09-25,2,10,2,5,3,1.8
2026-09-25,3,12,1,6,3,2.0
2026-09-25,3,12,2,3,2,1.7
2026-09-25,4,2,1,294,9,8.0
2026-09-25,4,2,2,150,8,7.9
2026-09-25,5,2,1,353,6,10.0
2026-09-25,5,2,2,174,3,9.4
2026-09-25,6,2,1,276,8,9.0
2026-09-25,6,2,2,123,3,9.6
2026-09-25,7,3,1,299,12,7.5
2026-09-25,7,3,2,131,5,7.3
2026-09-25,8,8,1,430,25,5.7
2026-09-25,8,8,2,166,14,5.4
2026-09-25,9,8,1,157,5,8.5
2026-09-25,9,8,2,69,3,7.9
2026-09-25,10,7,1,434,25,5.1
2026-09-25,10,7,2,265,24,4.3
2026-09-25,11,4,1,178,5,9.8
2026-09-25,11,4,2,102,3,10.4
2026-09-25,12,4,1,414,3,12.7
2026-09-25,12,4,2,154,1,13.3
2026-09-25,13,4,1,157,4,9.4
2026-09-25,13,4,2,89,3,9.2
2026-09-25,14,5,1,148,5,8.2
2026-09-25,14,5,2,76,4,8.4
2026-09-25,15,9,1,208,9,6.4
2026-09-25,15,9,2,89,5,6.0
2026-09-25,16,9,1,182,8,7.8
2026-09-25,16,9,2,76,3,6.9
2026-09-25,17,6,1,580,34,6.2
2026-09-25,17,6,2,221,12,6.0
2026-09-25,18,6,1,289,13,5.6
2026-09-25,18,6,2,145,11,5.5
2026-09-25,19,6,1,303,2,12.9
2026-09-25,19,6,2,158,1,13.5
2026-09-25,20,11,1,382,1,15.6
2026-09-25,20,11,2,187,1,15.0
2026-09-25,21,11,1,66,3,7.7
2026-09-25,21,11,2,34,1,8.0
2026-09-25,22,2,1,254,2,13.8
2026-09-25,22,2,2,143,1,12.9
2026-09-26,1,1,1,27,11,1.0
2026-09-26,1,1,2,14,6,1.8
2026-09-26,2,10,1,9,4,1.6
2026-09-26,2,10,2,4,2,1.3
2026-09-26,3,12,1,6,2,2.2
2026-09-26,3,12,2,3,1,1.8
2026-09-26,4,2,1,229,9,8.5
2026-09-26,4,2,2,114,4,8.4
2026-09-26,5,2,1,278,4,10.7
2026-09-26,5,2,2,138,3,10.2
2026-09-26,6,2,1,200,6,9.0
2026-09-26,6,2,2,88,3,9.1
2026-09-26,7,3,1,316,18,7.5
2026-09-26,7,3,2,135,8,7.1
2026-09-26,8,8,1,372,18,5.5
2026-09-26,8,8,2,127,8,5.7
2026-09-26,9,8,1,123,5,8.3
2026-09-26,9,8,2,57,2,7.8
2026-09-26,10,7,1,418,36,4.7
2026-09-26,10,7,2,202,18,4.4
2026-09-26,11,4,1,129,2,10.1
2026-09-26,11,4,2,71,2,9.6
2026-09-26,12,4,1,282,1,13.4
2026-09-26,12,4,2,141,1,13.2
2026-09-26,13,4,1,143,3,9.6
2026-09-26,13,4,2,54,1,9.5
2026-09-26,14,5,1,111,2,8.4
2026-09-26,14,5,2,61,2,8.7
2026-09-26,15,9,1,151,9,6.2
2026-09-26,15,9,2,99,4,5.8
2026-09-26,16,9,1,142,5,7.2
2026-09-26,16,9,2,63,4,6.4
2026-09-26,17,6,1,406,18,6.3
2026-09-26,17,6,2,187,17,5.5
2026-09-26,18,6,1,229,16,5.8
2026-09-26,18,6,2,116,6,5.6
2026-09-26,19,6,1,289,1,13.5
2026-09-26,19,6,2,99,1,13.1
2026-09-26,20,11,1,398,1,14.8
2026-09-26,20,11,2,171,1,15.1
2026-09-26,21,11,1,53,3,7.6
2026-09-26,21,11,2,27,2,7.4
2026-09-26,22,2,1,222,1,14.1
2026-09-26,22,2,2,91,1,13.7
2026-09-27,1,1,1,30,10,1.1
2026-09-27,1,1,2,13,6,1.0
2026-09-27,2,10,1,10,5,2.1
2026-09-27,2,10,2,4,2,1.0
2026-09-27,3,12,1,7,4,1.8
2026-09-27,3,12,2,3,1,1.5
2026-09-27,4,2,1,229,8,8.5
2026-09-27,4,2,2,119,5,8.6
2026-09-27,5,2,1,298,4,10.0
2026-09-27,5,2,2,131,3,10.0
2026-09-27,6,2,1,191,5,9.0
2026-09-27,6,2,2,90,3,8.7
2026-09-27,7,3,1,261,13,7.2
2026-09-27,7,3,2,112,6,6.9
2026-09-27,8,8,1,302,21,5.9
2026-09-27,8,8,2,144,9,5.6
2026-09-27,9,8,1,107,4,8.0
2026-09-27,9,8,2,57,3,7.8
2026-09-27,10,7,1,434,37,4.5
2026-09-27,10,7,2,191,19,4.8
2026-09-27,11,4,1,166,3,10.2
2026-09-27,11,4,2,61,1,9.9
2026-09-27,12,4,1,271,2,13.1
2026-09-27,12,4,2,133,1,13.1
2026-09-27,13,4,1,122,3,9.5
2026-09-27,13,4,2,74,2,9.7
2026-09-27,14,5,1,123,5,7.8
2026-09-27,14,5,2,55,2,8.0
2026-09-27,15,9,1,162,10,6.2
2026-09-27,15,9,2,76,4,6.0
2026-09-27,16,9,1,146,6,7.4
2026-09-27,16,9,2,72,3,7.0
2026-09-27,17,6,1,449,23,6.6
2026-09-27,17,6,2,194,12,6.6
2026-09-27,18,6,1,257,18,5.4
2026-09-27,18,6,2,123,7,6.1
2026-09-27,19,6,1,247,2,13.6
2026-09-27,19,6,2,133,1,12.9
2026-09-27,20,11,1,350,1,15.3
2026-09-27,20,11,2,147,1,14.5
2026-09-27,21,11,1,63,3,7.7
2026-09-27,21,11,2,25,1,7.5
2026-09-27,22,2,1,224,2,13.7
2026-09-27,22,2,2,86,1,13.4
